case_id,页面ID,路径,主题,宽,高,实际视口,实际状态,截图,测量JSON,日志,状态,原因,配色依据,配色验收A17,配色证据
R01-light-1672,R01,/assets,light,1672,941,1672x941,默认已登录,evidence/user-pages-matrix/R01-assets-light-1672x941.png,evidence/user-pages-matrix/R01-assets-light-1672x941.json,evidence/after-full-e2e-live-finaldb-20260915.log,PASS,当前构建默认渲染状态已逐项取证；交互/有效/加载/失败/弹层/保存状态仍在页面验收矩阵中单独跟踪。,C01 / 生成按钮B01,PASS,C01;B01;BUILD_ID=9sMLb0KxOZx3vl8L7_ez-;route/theme/viewport
R01-light-1440,R01,/assets,light,1440,900,1440x900,默认已登录,evidence/user-pages-matrix/R01-assets-light-1440x900.png,evidence/user-pages-matrix/R01-assets-light-1440x900.json,evidence/after-full-e2e-live-finaldb-20260915.log,PASS,当前构建默认渲染状态已逐项取证；交互/有效/加载/失败/弹层/保存状态仍在页面验收矩阵中单独跟踪。,C01 / 生成按钮B01,PASS,C01;B01;BUILD_ID=9sMLb0KxOZx3vl8L7_ez-;route/theme/viewport
R01-light-1366,R01,/assets,light,1366,768,1366x768,默认已登录,evidence/user-pages-matrix/R01-assets-light-1366x768.png,evidence/user-pages-matrix/R01-assets-light-1366x768.json,evidence/after-full-e2e-live-finaldb-20260915.log,PASS,当前构建默认渲染状态已逐项取证；交互/有效/加载/失败/弹层/保存状态仍在页面验收矩阵中单独跟踪。,C01 / 生成按钮B01,PASS,C01;B01;BUILD_ID=9sMLb0KxOZx3vl8L7_ez-;route/theme/viewport
R01-light-1024,R01,/assets,light,1024,768,1024x768,默认已登录,evidence/user-pages-matrix/R01-assets-light-1024x768.png,evidence/user-pages-matrix/R01-assets-light-1024x768.json,evidence/after-full-e2e-live-finaldb-20260915.log,PASS,当前构建默认渲染状态已逐项取证；交互/有效/加载/失败/弹层/保存状态仍在页面验收矩阵中单独跟踪。,C01 / 生成按钮B01,PASS,C01;B01;BUILD_ID=9sMLb0KxOZx3vl8L7_ez-;route/theme/viewport
R01-light-768,R01,/assets,light,768,1024,768x1024,默认已登录,evidence/user-pages-matrix/R01-assets-light-768x1024.png,evidence/user-pages-matrix/R01-assets-light-768x1024.json,evidence/after-full-e2e-live-finaldb-20260915.log,PASS,当前构建默认渲染状态已逐项取证；交互/有效/加载/失败/弹层/保存状态仍在页面验收矩阵中单独跟踪。,C01 / 生成按钮B01,PASS,C01;B01;BUILD_ID=9sMLb0KxOZx3vl8L7_ez-;route/theme/viewport
R01-light-390,R01,/assets,light,390,844,390x844,默认已登录,evidence/user-pages-matrix/R01-assets-light-390x844.png,evidence/user-pages-matrix/R01-assets-light-390x844.json,evidence/after-full-e2e-live-finaldb-20260915.log,PASS,当前构建默认渲染状态已逐项取证；交互/有效/加载/失败/弹层/保存状态仍在页面验收矩阵中单独跟踪。,C01 / 生成按钮B01,PASS,C01;B01;BUILD_ID=9sMLb0KxOZx3vl8L7_ez-;route/theme/viewport
R01-light-430,R01,/assets,light,430,932,430x932,默认已登录,evidence/user-pages-matrix/R01-assets-light-430x932.png,evidence/user-pages-matrix/R01-assets-light-430x932.json,evidence/after-full-e2e-live-finaldb-20260915.log,PASS,当前构建默认渲染状态已逐项取证；交互/有效/加载/失败/弹层/保存状态仍在页面验收矩阵中单独跟踪。,C01 / 生成按钮B01,PASS,C01;B01;BUILD_ID=9sMLb0KxOZx3vl8L7_ez-;route/theme/viewport
R01-dark-1672,R01,/assets,dark,1672,941,1672x941,默认已登录,evidence/user-pages-matrix/R01-assets-dark-1672x941.png,evidence/user-pages-matrix/R01-assets-dark-1672x941.json,evidence/after-full-e2e-live-finaldb-20260915.log,PASS,当前构建默认渲染状态已逐项取证；交互/有效/加载/失败/弹层/保存状态仍在页面验收矩阵中单独跟踪。,C01 / 生成按钮B01,PASS,C01;B01;BUILD_ID=9sMLb0KxOZx3vl8L7_ez-;route/theme/viewport
R01-dark-1440,R01,/assets,dark,1440,900,1440x900,默认已登录,evidence/user-pages-matrix/R01-assets-dark-1440x900.png,evidence/user-pages-matrix/R01-assets-dark-1440x900.json,evidence/after-full-e2e-live-finaldb-20260915.log,PASS,当前构建默认渲染状态已逐项取证；交互/有效/加载/失败/弹层/保存状态仍在页面验收矩阵中单独跟踪。,C01 / 生成按钮B01,PASS,C01;B01;BUILD_ID=9sMLb0KxOZx3vl8L7_ez-;route/theme/viewport
R01-dark-1366,R01,/assets,dark,1366,768,1366x768,默认已登录,evidence/user-pages-matrix/R01-assets-dark-1366x768.png,evidence/user-pages-matrix/R01-assets-dark-1366x768.json,evidence/after-full-e2e-live-finaldb-20260915.log,PASS,当前构建默认渲染状态已逐项取证；交互/有效/加载/失败/弹层/保存状态仍在页面验收矩阵中单独跟踪。,C01 / 生成按钮B01,PASS,C01;B01;BUILD_ID=9sMLb0KxOZx3vl8L7_ez-;route/theme/viewport
R01-dark-1024,R01,/assets,dark,1024,768,1024x768,默认已登录,evidence/user-pages-matrix/R01-assets-dark-1024x768.png,evidence/user-pages-matrix/R01-assets-dark-1024x768.json,evidence/after-full-e2e-live-finaldb-20260915.log,PASS,当前构建默认渲染状态已逐项取证；交互/有效/加载/失败/弹层/保存状态仍在页面验收矩阵中单独跟踪。,C01 / 生成按钮B01,PASS,C01;B01;BUILD_ID=9sMLb0KxOZx3vl8L7_ez-;route/theme/viewport
R01-dark-768,R01,/assets,dark,768,1024,768x1024,默认已登录,evidence/user-pages-matrix/R01-assets-dark-768x1024.png,evidence/user-pages-matrix/R01-assets-dark-768x1024.json,evidence/after-full-e2e-live-finaldb-20260915.log,PASS,当前构建默认渲染状态已逐项取证；交互/有效/加载/失败/弹层/保存状态仍在页面验收矩阵中单独跟踪。,C01 / 生成按钮B01,PASS,C01;B01;BUILD_ID=9sMLb0KxOZx3vl8L7_ez-;route/theme/viewport
R01-dark-390,R01,/assets,dark,390,844,390x844,默认已登录,evidence/user-pages-matrix/R01-assets-dark-390x844.png,evidence/user-pages-matrix/R01-assets-dark-390x844.json,evidence/after-full-e2e-live-finaldb-20260915.log,PASS,当前构建默认渲染状态已逐项取证；交互/有效/加载/失败/弹层/保存状态仍在页面验收矩阵中单独跟踪。,C01 / 生成按钮B01,PASS,C01;B01;BUILD_ID=9sMLb0KxOZx3vl8L7_ez-;route/theme/viewport
R01-dark-430,R01,/assets,dark,430,932,430x932,默认已登录,evidence/user-pages-matrix/R01-assets-dark-430x932.png,evidence/user-pages-matrix/R01-assets-dark-430x932.json,evidence/after-full-e2e-live-finaldb-20260915.log,PASS,当前构建默认渲染状态已逐项取证；交互/有效/加载/失败/弹层/保存状态仍在页面验收矩阵中单独跟踪。,C01 / 生成按钮B01,PASS,C01;B01;BUILD_ID=9sMLb0KxOZx3vl8L7_ez-;route/theme/viewport
R02-light-1672,R02,/billing/cancel,light,1672,941,1672x941,无订单参数,evidence/user-pages-matrix/R02-billing-cancel-light-1672x941.png,evidence/user-pages-matrix/R02-billing-cancel-light-1672x941.json,evidence/after-full-e2e-live-finaldb-20260915.log,PASS,当前构建默认渲染状态已逐项取证；交互/有效/加载/失败/弹层/保存状态仍在页面验收矩阵中单独跟踪。,C01 / 生成按钮B01,PASS,C01;B01;BUILD_ID=9sMLb0KxOZx3vl8L7_ez-;route/theme/viewport
R02-light-1440,R02,/billing/cancel,light,1440,900,1440x900,无订单参数,evidence/user-pages-matrix/R02-billing-cancel-light-1440x900.png,evidence/user-pages-matrix/R02-billing-cancel-light-1440x900.json,evidence/after-full-e2e-live-finaldb-20260915.log,PASS,当前构建默认渲染状态已逐项取证；交互/有效/加载/失败/弹层/保存状态仍在页面验收矩阵中单独跟踪。,C01 / 生成按钮B01,PASS,C01;B01;BUILD_ID=9sMLb0KxOZx3vl8L7_ez-;route/theme/viewport
R02-light-1366,R02,/billing/cancel,light,1366,768,1366x768,无订单参数,evidence/user-pages-matrix/R02-billing-cancel-light-1366x768.png,evidence/user-pages-matrix/R02-billing-cancel-light-1366x768.json,evidence/after-full-e2e-live-finaldb-20260915.log,PASS,当前构建默认渲染状态已逐项取证；交互/有效/加载/失败/弹层/保存状态仍在页面验收矩阵中单独跟踪。,C01 / 生成按钮B01,PASS,C01;B01;BUILD_ID=9sMLb0KxOZx3vl8L7_ez-;route/theme/viewport
R02-light-1024,R02,/billing/cancel,light,1024,768,1024x768,无订单参数,evidence/user-pages-matrix/R02-billing-cancel-light-1024x768.png,evidence/user-pages-matrix/R02-billing-cancel-light-1024x768.json,evidence/after-full-e2e-live-finaldb-20260915.log,PASS,当前构建默认渲染状态已逐项取证；交互/有效/加载/失败/弹层/保存状态仍在页面验收矩阵中单独跟踪。,C01 / 生成按钮B01,PASS,C01;B01;BUILD_ID=9sMLb0KxOZx3vl8L7_ez-;route/theme/viewport
R02-light-768,R02,/billing/cancel,light,768,1024,768x1024,无订单参数,evidence/user-pages-matrix/R02-billing-cancel-light-768x1024.png,evidence/user-pages-matrix/R02-billing-cancel-light-768x1024.json,evidence/after-full-e2e-live-finaldb-20260915.log,PASS,当前构建默认渲染状态已逐项取证；交互/有效/加载/失败/弹层/保存状态仍在页面验收矩阵中单独跟踪。,C01 / 生成按钮B01,PASS,C01;B01;BUILD_ID=9sMLb0KxOZx3vl8L7_ez-;route/theme/viewport
R02-light-390,R02,/billing/cancel,light,390,844,390x844,无订单参数,evidence/user-pages-matrix/R02-billing-cancel-light-390x844.png,evidence/user-pages-matrix/R02-billing-cancel-light-390x844.json,evidence/after-full-e2e-live-finaldb-20260915.log,PASS,当前构建默认渲染状态已逐项取证；交互/有效/加载/失败/弹层/保存状态仍在页面验收矩阵中单独跟踪。,C01 / 生成按钮B01,PASS,C01;B01;BUILD_ID=9sMLb0KxOZx3vl8L7_ez-;route/theme/viewport
R02-light-430,R02,/billing/cancel,light,430,932,430x932,无订单参数,evidence/user-pages-matrix/R02-billing-cancel-light-430x932.png,evidence/user-pages-matrix/R02-billing-cancel-light-430x932.json,evidence/after-full-e2e-live-finaldb-20260915.log,PASS,当前构建默认渲染状态已逐项取证；交互/有效/加载/失败/弹层/保存状态仍在页面验收矩阵中单独跟踪。,C01 / 生成按钮B01,PASS,C01;B01;BUILD_ID=9sMLb0KxOZx3vl8L7_ez-;route/theme/viewport
R02-dark-1672,R02,/billing/cancel,dark,1672,941,1672x941,无订单参数,evidence/user-pages-matrix/R02-billing-cancel-dark-1672x941.png,evidence/user-pages-matrix/R02-billing-cancel-dark-1672x941.json,evidence/after-full-e2e-live-finaldb-20260915.log,PASS,当前构建默认渲染状态已逐项取证；交互/有效/加载/失败/弹层/保存状态仍在页面验收矩阵中单独跟踪。,C01 / 生成按钮B01,PASS,C01;B01;BUILD_ID=9sMLb0KxOZx3vl8L7_ez-;route/theme/viewport
R02-dark-1440,R02,/billing/cancel,dark,1440,900,1440x900,无订单参数,evidence/user-pages-matrix/R02-billing-cancel-dark-1440x900.png,evidence/user-pages-matrix/R02-billing-cancel-dark-1440x900.json,evidence/after-full-e2e-live-finaldb-20260915.log,PASS,当前构建默认渲染状态已逐项取证；交互/有效/加载/失败/弹层/保存状态仍在页面验收矩阵中单独跟踪。,C01 / 生成按钮B01,PASS,C01;B01;BUILD_ID=9sMLb0KxOZx3vl8L7_ez-;route/theme/viewport
R02-dark-1366,R02,/billing/cancel,dark,1366,768,1366x768,无订单参数,evidence/user-pages-matrix/R02-billing-cancel-dark-1366x768.png,evidence/user-pages-matrix/R02-billing-cancel-dark-1366x768.json,evidence/after-full-e2e-live-finaldb-20260915.log,PASS,当前构建默认渲染状态已逐项取证；交互/有效/加载/失败/弹层/保存状态仍在页面验收矩阵中单独跟踪。,C01 / 生成按钮B01,PASS,C01;B01;BUILD_ID=9sMLb0KxOZx3vl8L7_ez-;route/theme/viewport
R02-dark-1024,R02,/billing/cancel,dark,1024,768,1024x768,无订单参数,evidence/user-pages-matrix/R02-billing-cancel-dark-1024x768.png,evidence/user-pages-matrix/R02-billing-cancel-dark-1024x768.json,evidence/after-full-e2e-live-finaldb-20260915.log,PASS,当前构建默认渲染状态已逐项取证；交互/有效/加载/失败/弹层/保存状态仍在页面验收矩阵中单独跟踪。,C01 / 生成按钮B01,PASS,C01;B01;BUILD_ID=9sMLb0KxOZx3vl8L7_ez-;route/theme/viewport
R02-dark-768,R02,/billing/cancel,dark,768,1024,768x1024,无订单参数,evidence/user-pages-matrix/R02-billing-cancel-dark-768x1024.png,evidence/user-pages-matrix/R02-billing-cancel-dark-768x1024.json,evidence/after-full-e2e-live-finaldb-20260915.log,PASS,当前构建默认渲染状态已逐项取证；交互/有效/加载/失败/弹层/保存状态仍在页面验收矩阵中单独跟踪。,C01 / 生成按钮B01,PASS,C01;B01;BUILD_ID=9sMLb0KxOZx3vl8L7_ez-;route/theme/viewport
R02-dark-390,R02,/billing/cancel,dark,390,844,390x844,无订单参数,evidence/user-pages-matrix/R02-billing-cancel-dark-390x844.png,evidence/user-pages-matrix/R02-billing-cancel-dark-390x844.json,evidence/after-full-e2e-live-finaldb-20260915.log,PASS,当前构建默认渲染状态已逐项取证；交互/有效/加载/失败/弹层/保存状态仍在页面验收矩阵中单独跟踪。,C01 / 生成按钮B01,PASS,C01;B01;BUILD_ID=9sMLb0KxOZx3vl8L7_ez-;route/theme/viewport
R02-dark-430,R02,/billing/cancel,dark,430,932,430x932,无订单参数,evidence/user-pages-matrix/R02-billing-cancel-dark-430x932.png,evidence/user-pages-matrix/R02-billing-cancel-dark-430x932.json,evidence/after-full-e2e-live-finaldb-20260915.log,PASS,当前构建默认渲染状态已逐项取证；交互/有效/加载/失败/弹层/保存状态仍在页面验收矩阵中单独跟踪。,C01 / 生成按钮B01,PASS,C01;B01;BUILD_ID=9sMLb0KxOZx3vl8L7_ez-;route/theme/viewport
R03-light-1672,R03,/billing/checkout,light,1672,941,1672x941,无套餐参数,evidence/user-pages-matrix/R03-billing-checkout-light-1672x941.png,evidence/user-pages-matrix/R03-billing-checkout-light-1672x941.json,evidence/after-full-e2e-live-finaldb-20260915.log,PASS,当前构建默认渲染状态已逐项取证；交互/有效/加载/失败/弹层/保存状态仍在页面验收矩阵中单独跟踪。,C01 / 生成按钮B01,PASS,C01;B01;BUILD_ID=9sMLb0KxOZx3vl8L7_ez-;route/theme/viewport
R03-light-1440,R03,/billing/checkout,light,1440,900,1440x900,无套餐参数,evidence/user-pages-matrix/R03-billing-checkout-light-1440x900.png,evidence/user-pages-matrix/R03-billing-checkout-light-1440x900.json,evidence/after-full-e2e-live-finaldb-20260915.log,PASS,当前构建默认渲染状态已逐项取证；交互/有效/加载/失败/弹层/保存状态仍在页面验收矩阵中单独跟踪。,C01 / 生成按钮B01,PASS,C01;B01;BUILD_ID=9sMLb0KxOZx3vl8L7_ez-;route/theme/viewport
R03-light-1366,R03,/billing/checkout,light,1366,768,1366x768,无套餐参数,evidence/user-pages-matrix/R03-billing-checkout-light-1366x768.png,evidence/user-pages-matrix/R03-billing-checkout-light-1366x768.json,evidence/after-full-e2e-live-finaldb-20260915.log,PASS,当前构建默认渲染状态已逐项取证；交互/有效/加载/失败/弹层/保存状态仍在页面验收矩阵中单独跟踪。,C01 / 生成按钮B01,PASS,C01;B01;BUILD_ID=9sMLb0KxOZx3vl8L7_ez-;route/theme/viewport
R03-light-1024,R03,/billing/checkout,light,1024,768,1024x768,无套餐参数,evidence/user-pages-matrix/R03-billing-checkout-light-1024x768.png,evidence/user-pages-matrix/R03-billing-checkout-light-1024x768.json,evidence/after-full-e2e-live-finaldb-20260915.log,PASS,当前构建默认渲染状态已逐项取证；交互/有效/加载/失败/弹层/保存状态仍在页面验收矩阵中单独跟踪。,C01 / 生成按钮B01,PASS,C01;B01;BUILD_ID=9sMLb0KxOZx3vl8L7_ez-;route/theme/viewport
R03-light-768,R03,/billing/checkout,light,768,1024,768x1024,无套餐参数,evidence/user-pages-matrix/R03-billing-checkout-light-768x1024.png,evidence/user-pages-matrix/R03-billing-checkout-light-768x1024.json,evidence/after-full-e2e-live-finaldb-20260915.log,PASS,当前构建默认渲染状态已逐项取证；交互/有效/加载/失败/弹层/保存状态仍在页面验收矩阵中单独跟踪。,C01 / 生成按钮B01,PASS,C01;B01;BUILD_ID=9sMLb0KxOZx3vl8L7_ez-;route/theme/viewport
R03-light-390,R03,/billing/checkout,light,390,844,390x844,无套餐参数,evidence/user-pages-matrix/R03-billing-checkout-light-390x844.png,evidence/user-pages-matrix/R03-billing-checkout-light-390x844.json,evidence/after-full-e2e-live-finaldb-20260915.log,PASS,当前构建默认渲染状态已逐项取证；交互/有效/加载/失败/弹层/保存状态仍在页面验收矩阵中单独跟踪。,C01 / 生成按钮B01,PASS,C01;B01;BUILD_ID=9sMLb0KxOZx3vl8L7_ez-;route/theme/viewport
R03-light-430,R03,/billing/checkout,light,430,932,430x932,无套餐参数,evidence/user-pages-matrix/R03-billing-checkout-light-430x932.png,evidence/user-pages-matrix/R03-billing-checkout-light-430x932.json,evidence/after-full-e2e-live-finaldb-20260915.log,PASS,当前构建默认渲染状态已逐项取证；交互/有效/加载/失败/弹层/保存状态仍在页面验收矩阵中单独跟踪。,C01 / 生成按钮B01,PASS,C01;B01;BUILD_ID=9sMLb0KxOZx3vl8L7_ez-;route/theme/viewport
R03-dark-1672,R03,/billing/checkout,dark,1672,941,1672x941,无套餐参数,evidence/user-pages-matrix/R03-billing-checkout-dark-1672x941.png,evidence/user-pages-matrix/R03-billing-checkout-dark-1672x941.json,evidence/after-full-e2e-live-finaldb-20260915.log,PASS,当前构建默认渲染状态已逐项取证；交互/有效/加载/失败/弹层/保存状态仍在页面验收矩阵中单独跟踪。,C01 / 生成按钮B01,PASS,C01;B01;BUILD_ID=9sMLb0KxOZx3vl8L7_ez-;route/theme/viewport
R03-dark-1440,R03,/billing/checkout,dark,1440,900,1440x900,无套餐参数,evidence/user-pages-matrix/R03-billing-checkout-dark-1440x900.png,evidence/user-pages-matrix/R03-billing-checkout-dark-1440x900.json,evidence/after-full-e2e-live-finaldb-20260915.log,PASS,当前构建默认渲染状态已逐项取证；交互/有效/加载/失败/弹层/保存状态仍在页面验收矩阵中单独跟踪。,C01 / 生成按钮B01,PASS,C01;B01;BUILD_ID=9sMLb0KxOZx3vl8L7_ez-;route/theme/viewport
R03-dark-1366,R03,/billing/checkout,dark,1366,768,1366x768,无套餐参数,evidence/user-pages-matrix/R03-billing-checkout-dark-1366x768.png,evidence/user-pages-matrix/R03-billing-checkout-dark-1366x768.json,evidence/after-full-e2e-live-finaldb-20260915.log,PASS,当前构建默认渲染状态已逐项取证；交互/有效/加载/失败/弹层/保存状态仍在页面验收矩阵中单独跟踪。,C01 / 生成按钮B01,PASS,C01;B01;BUILD_ID=9sMLb0KxOZx3vl8L7_ez-;route/theme/viewport
R03-dark-1024,R03,/billing/checkout,dark,1024,768,1024x768,无套餐参数,evidence/user-pages-matrix/R03-billing-checkout-dark-1024x768.png,evidence/user-pages-matrix/R03-billing-checkout-dark-1024x768.json,evidence/after-full-e2e-live-finaldb-20260915.log,PASS,当前构建默认渲染状态已逐项取证；交互/有效/加载/失败/弹层/保存状态仍在页面验收矩阵中单独跟踪。,C01 / 生成按钮B01,PASS,C01;B01;BUILD_ID=9sMLb0KxOZx3vl8L7_ez-;route/theme/viewport
R03-dark-768,R03,/billing/checkout,dark,768,1024,768x1024,无套餐参数,evidence/user-pages-matrix/R03-billing-checkout-dark-768x1024.png,evidence/user-pages-matrix/R03-billing-checkout-dark-768x1024.json,evidence/after-full-e2e-live-finaldb-20260915.log,PASS,当前构建默认渲染状态已逐项取证；交互/有效/加载/失败/弹层/保存状态仍在页面验收矩阵中单独跟踪。,C01 / 生成按钮B01,PASS,C01;B01;BUILD_ID=9sMLb0KxOZx3vl8L7_ez-;route/theme/viewport
R03-dark-390,R03,/billing/checkout,dark,390,844,390x844,无套餐参数,evidence/user-pages-matrix/R03-billing-checkout-dark-390x844.png,evidence/user-pages-matrix/R03-billing-checkout-dark-390x844.json,evidence/after-full-e2e-live-finaldb-20260915.log,PASS,当前构建默认渲染状态已逐项取证；交互/有效/加载/失败/弹层/保存状态仍在页面验收矩阵中单独跟踪。,C01 / 生成按钮B01,PASS,C01;B01;BUILD_ID=9sMLb0KxOZx3vl8L7_ez-;route/theme/viewport
R03-dark-430,R03,/billing/checkout,dark,430,932,430x932,无套餐参数,evidence/user-pages-matrix/R03-billing-checkout-dark-430x932.png,evidence/user-pages-matrix/R03-billing-checkout-dark-430x932.json,evidence/after-full-e2e-live-finaldb-20260915.log,PASS,当前构建默认渲染状态已逐项取证；交互/有效/加载/失败/弹层/保存状态仍在页面验收矩阵中单独跟踪。,C01 / 生成按钮B01,PASS,C01;B01;BUILD_ID=9sMLb0KxOZx3vl8L7_ez-;route/theme/viewport
R04-light-1672,R04,/billing,light,1672,941,1672x941,账单入口重定向,evidence/user-pages-matrix/R04-billing-light-1672x941.png,evidence/user-pages-matrix/R04-billing-light-1672x941.json,evidence/after-full-e2e-live-finaldb-20260915.log,PASS,当前构建默认渲染状态已逐项取证；交互/有效/加载/失败/弹层/保存状态仍在页面验收矩阵中单独跟踪。,C01 / 生成按钮B01,PASS,C01;B01;BUILD_ID=9sMLb0KxOZx3vl8L7_ez-;route/theme/viewport
R04-light-1440,R04,/billing,light,1440,900,1440x900,账单入口重定向,evidence/user-pages-matrix/R04-billing-light-1440x900.png,evidence/user-pages-matrix/R04-billing-light-1440x900.json,evidence/after-full-e2e-live-finaldb-20260915.log,PASS,当前构建默认渲染状态已逐项取证；交互/有效/加载/失败/弹层/保存状态仍在页面验收矩阵中单独跟踪。,C01 / 生成按钮B01,PASS,C01;B01;BUILD_ID=9sMLb0KxOZx3vl8L7_ez-;route/theme/viewport
R04-light-1366,R04,/billing,light,1366,768,1366x768,账单入口重定向,evidence/user-pages-matrix/R04-billing-light-1366x768.png,evidence/user-pages-matrix/R04-billing-light-1366x768.json,evidence/after-full-e2e-live-finaldb-20260915.log,PASS,当前构建默认渲染状态已逐项取证；交互/有效/加载/失败/弹层/保存状态仍在页面验收矩阵中单独跟踪。,C01 / 生成按钮B01,PASS,C01;B01;BUILD_ID=9sMLb0KxOZx3vl8L7_ez-;route/theme/viewport
R04-light-1024,R04,/billing,light,1024,768,1024x768,账单入口重定向,evidence/user-pages-matrix/R04-billing-light-1024x768.png,evidence/user-pages-matrix/R04-billing-light-1024x768.json,evidence/after-full-e2e-live-finaldb-20260915.log,PASS,当前构建默认渲染状态已逐项取证；交互/有效/加载/失败/弹层/保存状态仍在页面验收矩阵中单独跟踪。,C01 / 生成按钮B01,PASS,C01;B01;BUILD_ID=9sMLb0KxOZx3vl8L7_ez-;route/theme/viewport
R04-light-768,R04,/billing,light,768,1024,768x1024,账单入口重定向,evidence/user-pages-matrix/R04-billing-light-768x1024.png,evidence/user-pages-matrix/R04-billing-light-768x1024.json,evidence/after-full-e2e-live-finaldb-20260915.log,PASS,当前构建默认渲染状态已逐项取证；交互/有效/加载/失败/弹层/保存状态仍在页面验收矩阵中单独跟踪。,C01 / 生成按钮B01,PASS,C01;B01;BUILD_ID=9sMLb0KxOZx3vl8L7_ez-;route/theme/viewport
R04-light-390,R04,/billing,light,390,844,390x844,账单入口重定向,evidence/user-pages-matrix/R04-billing-light-390x844.png,evidence/user-pages-matrix/R04-billing-light-390x844.json,evidence/after-full-e2e-live-finaldb-20260915.log,PASS,当前构建默认渲染状态已逐项取证；交互/有效/加载/失败/弹层/保存状态仍在页面验收矩阵中单独跟踪。,C01 / 生成按钮B01,PASS,C01;B01;BUILD_ID=9sMLb0KxOZx3vl8L7_ez-;route/theme/viewport
R04-light-430,R04,/billing,light,430,932,430x932,账单入口重定向,evidence/user-pages-matrix/R04-billing-light-430x932.png,evidence/user-pages-matrix/R04-billing-light-430x932.json,evidence/after-full-e2e-live-finaldb-20260915.log,PASS,当前构建默认渲染状态已逐项取证；交互/有效/加载/失败/弹层/保存状态仍在页面验收矩阵中单独跟踪。,C01 / 生成按钮B01,PASS,C01;B01;BUILD_ID=9sMLb0KxOZx3vl8L7_ez-;route/theme/viewport
R04-dark-1672,R04,/billing,dark,1672,941,1672x941,账单入口重定向,evidence/user-pages-matrix/R04-billing-dark-1672x941.png,evidence/user-pages-matrix/R04-billing-dark-1672x941.json,evidence/after-full-e2e-live-finaldb-20260915.log,PASS,当前构建默认渲染状态已逐项取证；交互/有效/加载/失败/弹层/保存状态仍在页面验收矩阵中单独跟踪。,C01 / 生成按钮B01,PASS,C01;B01;BUILD_ID=9sMLb0KxOZx3vl8L7_ez-;route/theme/viewport
R04-dark-1440,R04,/billing,dark,1440,900,1440x900,账单入口重定向,evidence/user-pages-matrix/R04-billing-dark-1440x900.png,evidence/user-pages-matrix/R04-billing-dark-1440x900.json,evidence/after-full-e2e-live-finaldb-20260915.log,PASS,当前构建默认渲染状态已逐项取证；交互/有效/加载/失败/弹层/保存状态仍在页面验收矩阵中单独跟踪。,C01 / 生成按钮B01,PASS,C01;B01;BUILD_ID=9sMLb0KxOZx3vl8L7_ez-;route/theme/viewport
R04-dark-1366,R04,/billing,dark,1366,768,1366x768,账单入口重定向,evidence/user-pages-matrix/R04-billing-dark-1366x768.png,evidence/user-pages-matrix/R04-billing-dark-1366x768.json,evidence/after-full-e2e-live-finaldb-20260915.log,PASS,当前构建默认渲染状态已逐项取证；交互/有效/加载/失败/弹层/保存状态仍在页面验收矩阵中单独跟踪。,C01 / 生成按钮B01,PASS,C01;B01;BUILD_ID=9sMLb0KxOZx3vl8L7_ez-;route/theme/viewport
R04-dark-1024,R04,/billing,dark,1024,768,1024x768,账单入口重定向,evidence/user-pages-matrix/R04-billing-dark-1024x768.png,evidence/user-pages-matrix/R04-billing-dark-1024x768.json,evidence/after-full-e2e-live-finaldb-20260915.log,PASS,当前构建默认渲染状态已逐项取证；交互/有效/加载/失败/弹层/保存状态仍在页面验收矩阵中单独跟踪。,C01 / 生成按钮B01,PASS,C01;B01;BUILD_ID=9sMLb0KxOZx3vl8L7_ez-;route/theme/viewport
R04-dark-768,R04,/billing,dark,768,1024,768x1024,账单入口重定向,evidence/user-pages-matrix/R04-billing-dark-768x1024.png,evidence/user-pages-matrix/R04-billing-dark-768x1024.json,evidence/after-full-e2e-live-finaldb-20260915.log,PASS,当前构建默认渲染状态已逐项取证；交互/有效/加载/失败/弹层/保存状态仍在页面验收矩阵中单独跟踪。,C01 / 生成按钮B01,PASS,C01;B01;BUILD_ID=9sMLb0KxOZx3vl8L7_ez-;route/theme/viewport
R04-dark-390,R04,/billing,dark,390,844,390x844,账单入口重定向,evidence/user-pages-matrix/R04-billing-dark-390x844.png,evidence/user-pages-matrix/R04-billing-dark-390x844.json,evidence/after-full-e2e-live-finaldb-20260915.log,PASS,当前构建默认渲染状态已逐项取证；交互/有效/加载/失败/弹层/保存状态仍在页面验收矩阵中单独跟踪。,C01 / 生成按钮B01,PASS,C01;B01;BUILD_ID=9sMLb0KxOZx3vl8L7_ez-;route/theme/viewport
R04-dark-430,R04,/billing,dark,430,932,430x932,账单入口重定向,evidence/user-pages-matrix/R04-billing-dark-430x932.png,evidence/user-pages-matrix/R04-billing-dark-430x932.json,evidence/after-full-e2e-live-finaldb-20260915.log,PASS,当前构建默认渲染状态已逐项取证；交互/有效/加载/失败/弹层/保存状态仍在页面验收矩阵中单独跟踪。,C01 / 生成按钮B01,PASS,C01;B01;BUILD_ID=9sMLb0KxOZx3vl8L7_ez-;route/theme/viewport
R05-light-1672,R05,/billing/success,light,1672,941,1672x941,无订单参数,evidence/user-pages-matrix/R05-billing-success-light-1672x941.png,evidence/user-pages-matrix/R05-billing-success-light-1672x941.json,evidence/after-full-e2e-live-finaldb-20260915.log,PASS,当前构建默认渲染状态已逐项取证；交互/有效/加载/失败/弹层/保存状态仍在页面验收矩阵中单独跟踪。,C01 / 生成按钮B01,PASS,C01;B01;BUILD_ID=9sMLb0KxOZx3vl8L7_ez-;route/theme/viewport
R05-light-1440,R05,/billing/success,light,1440,900,1440x900,无订单参数,evidence/user-pages-matrix/R05-billing-success-light-1440x900.png,evidence/user-pages-matrix/R05-billing-success-light-1440x900.json,evidence/after-full-e2e-live-finaldb-20260915.log,PASS,当前构建默认渲染状态已逐项取证；交互/有效/加载/失败/弹层/保存状态仍在页面验收矩阵中单独跟踪。,C01 / 生成按钮B01,PASS,C01;B01;BUILD_ID=9sMLb0KxOZx3vl8L7_ez-;route/theme/viewport
R05-light-1366,R05,/billing/success,light,1366,768,1366x768,无订单参数,evidence/user-pages-matrix/R05-billing-success-light-1366x768.png,evidence/user-pages-matrix/R05-billing-success-light-1366x768.json,evidence/after-full-e2e-live-finaldb-20260915.log,PASS,当前构建默认渲染状态已逐项取证；交互/有效/加载/失败/弹层/保存状态仍在页面验收矩阵中单独跟踪。,C01 / 生成按钮B01,PASS,C01;B01;BUILD_ID=9sMLb0KxOZx3vl8L7_ez-;route/theme/viewport
R05-light-1024,R05,/billing/success,light,1024,768,1024x768,无订单参数,evidence/user-pages-matrix/R05-billing-success-light-1024x768.png,evidence/user-pages-matrix/R05-billing-success-light-1024x768.json,evidence/after-full-e2e-live-finaldb-20260915.log,PASS,当前构建默认渲染状态已逐项取证；交互/有效/加载/失败/弹层/保存状态仍在页面验收矩阵中单独跟踪。,C01 / 生成按钮B01,PASS,C01;B01;BUILD_ID=9sMLb0KxOZx3vl8L7_ez-;route/theme/viewport
R05-light-768,R05,/billing/success,light,768,1024,768x1024,无订单参数,evidence/user-pages-matrix/R05-billing-success-light-768x1024.png,evidence/user-pages-matrix/R05-billing-success-light-768x1024.json,evidence/after-full-e2e-live-finaldb-20260915.log,PASS,当前构建默认渲染状态已逐项取证；交互/有效/加载/失败/弹层/保存状态仍在页面验收矩阵中单独跟踪。,C01 / 生成按钮B01,PASS,C01;B01;BUILD_ID=9sMLb0KxOZx3vl8L7_ez-;route/theme/viewport
R05-light-390,R05,/billing/success,light,390,844,390x844,无订单参数,evidence/user-pages-matrix/R05-billing-success-light-390x844.png,evidence/user-pages-matrix/R05-billing-success-light-390x844.json,evidence/after-full-e2e-live-finaldb-20260915.log,PASS,当前构建默认渲染状态已逐项取证；交互/有效/加载/失败/弹层/保存状态仍在页面验收矩阵中单独跟踪。,C01 / 生成按钮B01,PASS,C01;B01;BUILD_ID=9sMLb0KxOZx3vl8L7_ez-;route/theme/viewport
R05-light-430,R05,/billing/success,light,430,932,430x932,无订单参数,evidence/user-pages-matrix/R05-billing-success-light-430x932.png,evidence/user-pages-matrix/R05-billing-success-light-430x932.json,evidence/after-full-e2e-live-finaldb-20260915.log,PASS,当前构建默认渲染状态已逐项取证；交互/有效/加载/失败/弹层/保存状态仍在页面验收矩阵中单独跟踪。,C01 / 生成按钮B01,PASS,C01;B01;BUILD_ID=9sMLb0KxOZx3vl8L7_ez-;route/theme/viewport
R05-dark-1672,R05,/billing/success,dark,1672,941,1672x941,无订单参数,evidence/user-pages-matrix/R05-billing-success-dark-1672x941.png,evidence/user-pages-matrix/R05-billing-success-dark-1672x941.json,evidence/after-full-e2e-live-finaldb-20260915.log,PASS,当前构建默认渲染状态已逐项取证；交互/有效/加载/失败/弹层/保存状态仍在页面验收矩阵中单独跟踪。,C01 / 生成按钮B01,PASS,C01;B01;BUILD_ID=9sMLb0KxOZx3vl8L7_ez-;route/theme/viewport
R05-dark-1440,R05,/billing/success,dark,1440,900,1440x900,无订单参数,evidence/user-pages-matrix/R05-billing-success-dark-1440x900.png,evidence/user-pages-matrix/R05-billing-success-dark-1440x900.json,evidence/after-full-e2e-live-finaldb-20260915.log,PASS,当前构建默认渲染状态已逐项取证；交互/有效/加载/失败/弹层/保存状态仍在页面验收矩阵中单独跟踪。,C01 / 生成按钮B01,PASS,C01;B01;BUILD_ID=9sMLb0KxOZx3vl8L7_ez-;route/theme/viewport
R05-dark-1366,R05,/billing/success,dark,1366,768,1366x768,无订单参数,evidence/user-pages-matrix/R05-billing-success-dark-1366x768.png,evidence/user-pages-matrix/R05-billing-success-dark-1366x768.json,evidence/after-full-e2e-live-finaldb-20260915.log,PASS,当前构建默认渲染状态已逐项取证；交互/有效/加载/失败/弹层/保存状态仍在页面验收矩阵中单独跟踪。,C01 / 生成按钮B01,PASS,C01;B01;BUILD_ID=9sMLb0KxOZx3vl8L7_ez-;route/theme/viewport
R05-dark-1024,R05,/billing/success,dark,1024,768,1024x768,无订单参数,evidence/user-pages-matrix/R05-billing-success-dark-1024x768.png,evidence/user-pages-matrix/R05-billing-success-dark-1024x768.json,evidence/after-full-e2e-live-finaldb-20260915.log,PASS,当前构建默认渲染状态已逐项取证；交互/有效/加载/失败/弹层/保存状态仍在页面验收矩阵中单独跟踪。,C01 / 生成按钮B01,PASS,C01;B01;BUILD_ID=9sMLb0KxOZx3vl8L7_ez-;route/theme/viewport
R05-dark-768,R05,/billing/success,dark,768,1024,768x1024,无订单参数,evidence/user-pages-matrix/R05-billing-success-dark-768x1024.png,evidence/user-pages-matrix/R05-billing-success-dark-768x1024.json,evidence/after-full-e2e-live-finaldb-20260915.log,PASS,当前构建默认渲染状态已逐项取证；交互/有效/加载/失败/弹层/保存状态仍在页面验收矩阵中单独跟踪。,C01 / 生成按钮B01,PASS,C01;B01;BUILD_ID=9sMLb0KxOZx3vl8L7_ez-;route/theme/viewport
R05-dark-390,R05,/billing/success,dark,390,844,390x844,无订单参数,evidence/user-pages-matrix/R05-billing-success-dark-390x844.png,evidence/user-pages-matrix/R05-billing-success-dark-390x844.json,evidence/after-full-e2e-live-finaldb-20260915.log,PASS,当前构建默认渲染状态已逐项取证；交互/有效/加载/失败/弹层/保存状态仍在页面验收矩阵中单独跟踪。,C01 / 生成按钮B01,PASS,C01;B01;BUILD_ID=9sMLb0KxOZx3vl8L7_ez-;route/theme/viewport
R05-dark-430,R05,/billing/success,dark,430,932,430x932,无订单参数,evidence/user-pages-matrix/R05-billing-success-dark-430x932.png,evidence/user-pages-matrix/R05-billing-success-dark-430x932.json,evidence/after-full-e2e-live-finaldb-20260915.log,PASS,当前构建默认渲染状态已逐项取证；交互/有效/加载/失败/弹层/保存状态仍在页面验收矩阵中单独跟踪。,C01 / 生成按钮B01,PASS,C01;B01;BUILD_ID=9sMLb0KxOZx3vl8L7_ez-;route/theme/viewport
R06-light-1672,R06,/canvas/[id],light,1672,941,1672x941,真实画布实体,evidence/user-pages-matrix/R06-canvas-detail-light-1672x941.png,evidence/user-pages-matrix/R06-canvas-detail-light-1672x941.json,evidence/after-full-e2e-live-finaldb-20260915.log,PASS,当前构建默认渲染状态已逐项取证；交互/有效/加载/失败/弹层/保存状态仍在页面验收矩阵中单独跟踪。,C01 / 生成按钮B01,PASS,C01;B01;BUILD_ID=9sMLb0KxOZx3vl8L7_ez-;route/theme/viewport
R06-light-1440,R06,/canvas/[id],light,1440,900,1440x900,真实画布实体,evidence/user-pages-matrix/R06-canvas-detail-light-1440x900.png,evidence/user-pages-matrix/R06-canvas-detail-light-1440x900.json,evidence/after-full-e2e-live-finaldb-20260915.log,PASS,当前构建默认渲染状态已逐项取证；交互/有效/加载/失败/弹层/保存状态仍在页面验收矩阵中单独跟踪。,C01 / 生成按钮B01,PASS,C01;B01;BUILD_ID=9sMLb0KxOZx3vl8L7_ez-;route/theme/viewport
R06-light-1366,R06,/canvas/[id],light,1366,768,1366x768,真实画布实体,evidence/user-pages-matrix/R06-canvas-detail-light-1366x768.png,evidence/user-pages-matrix/R06-canvas-detail-light-1366x768.json,evidence/after-full-e2e-live-finaldb-20260915.log,PASS,当前构建默认渲染状态已逐项取证；交互/有效/加载/失败/弹层/保存状态仍在页面验收矩阵中单独跟踪。,C01 / 生成按钮B01,PASS,C01;B01;BUILD_ID=9sMLb0KxOZx3vl8L7_ez-;route/theme/viewport
R06-light-1024,R06,/canvas/[id],light,1024,768,1024x768,真实画布实体,evidence/user-pages-matrix/R06-canvas-detail-light-1024x768.png,evidence/user-pages-matrix/R06-canvas-detail-light-1024x768.json,evidence/after-full-e2e-live-finaldb-20260915.log,PASS,当前构建默认渲染状态已逐项取证；交互/有效/加载/失败/弹层/保存状态仍在页面验收矩阵中单独跟踪。,C01 / 生成按钮B01,PASS,C01;B01;BUILD_ID=9sMLb0KxOZx3vl8L7_ez-;route/theme/viewport
R06-light-768,R06,/canvas/[id],light,768,1024,768x1024,真实画布实体,evidence/user-pages-matrix/R06-canvas-detail-light-768x1024.png,evidence/user-pages-matrix/R06-canvas-detail-light-768x1024.json,evidence/after-full-e2e-live-finaldb-20260915.log,PASS,当前构建默认渲染状态已逐项取证；交互/有效/加载/失败/弹层/保存状态仍在页面验收矩阵中单独跟踪。,C01 / 生成按钮B01,PASS,C01;B01;BUILD_ID=9sMLb0KxOZx3vl8L7_ez-;route/theme/viewport
R06-light-390,R06,/canvas/[id],light,390,844,390x844,真实画布实体,evidence/user-pages-matrix/R06-canvas-detail-light-390x844.png,evidence/user-pages-matrix/R06-canvas-detail-light-390x844.json,evidence/after-full-e2e-live-finaldb-20260915.log,PASS,当前构建默认渲染状态已逐项取证；交互/有效/加载/失败/弹层/保存状态仍在页面验收矩阵中单独跟踪。,C01 / 生成按钮B01,PASS,C01;B01;BUILD_ID=9sMLb0KxOZx3vl8L7_ez-;route/theme/viewport
R06-light-430,R06,/canvas/[id],light,430,932,430x932,真实画布实体,evidence/user-pages-matrix/R06-canvas-detail-light-430x932.png,evidence/user-pages-matrix/R06-canvas-detail-light-430x932.json,evidence/after-full-e2e-live-finaldb-20260915.log,PASS,当前构建默认渲染状态已逐项取证；交互/有效/加载/失败/弹层/保存状态仍在页面验收矩阵中单独跟踪。,C01 / 生成按钮B01,PASS,C01;B01;BUILD_ID=9sMLb0KxOZx3vl8L7_ez-;route/theme/viewport
R06-dark-1672,R06,/canvas/[id],dark,1672,941,1672x941,真实画布实体,evidence/user-pages-matrix/R06-canvas-detail-dark-1672x941.png,evidence/user-pages-matrix/R06-canvas-detail-dark-1672x941.json,evidence/after-full-e2e-live-finaldb-20260915.log,PASS,当前构建默认渲染状态已逐项取证；交互/有效/加载/失败/弹层/保存状态仍在页面验收矩阵中单独跟踪。,C01 / 生成按钮B01,PASS,C01;B01;BUILD_ID=9sMLb0KxOZx3vl8L7_ez-;route/theme/viewport
R06-dark-1440,R06,/canvas/[id],dark,1440,900,1440x900,真实画布实体,evidence/user-pages-matrix/R06-canvas-detail-dark-1440x900.png,evidence/user-pages-matrix/R06-canvas-detail-dark-1440x900.json,evidence/after-full-e2e-live-finaldb-20260915.log,PASS,当前构建默认渲染状态已逐项取证；交互/有效/加载/失败/弹层/保存状态仍在页面验收矩阵中单独跟踪。,C01 / 生成按钮B01,PASS,C01;B01;BUILD_ID=9sMLb0KxOZx3vl8L7_ez-;route/theme/viewport
R06-dark-1366,R06,/canvas/[id],dark,1366,768,1366x768,真实画布实体,evidence/user-pages-matrix/R06-canvas-detail-dark-1366x768.png,evidence/user-pages-matrix/R06-canvas-detail-dark-1366x768.json,evidence/after-full-e2e-live-finaldb-20260915.log,PASS,当前构建默认渲染状态已逐项取证；交互/有效/加载/失败/弹层/保存状态仍在页面验收矩阵中单独跟踪。,C01 / 生成按钮B01,PASS,C01;B01;BUILD_ID=9sMLb0KxOZx3vl8L7_ez-;route/theme/viewport
R06-dark-1024,R06,/canvas/[id],dark,1024,768,1024x768,真实画布实体,evidence/user-pages-matrix/R06-canvas-detail-dark-1024x768.png,evidence/user-pages-matrix/R06-canvas-detail-dark-1024x768.json,evidence/after-full-e2e-live-finaldb-20260915.log,PASS,当前构建默认渲染状态已逐项取证；交互/有效/加载/失败/弹层/保存状态仍在页面验收矩阵中单独跟踪。,C01 / 生成按钮B01,PASS,C01;B01;BUILD_ID=9sMLb0KxOZx3vl8L7_ez-;route/theme/viewport
R06-dark-768,R06,/canvas/[id],dark,768,1024,768x1024,真实画布实体,evidence/user-pages-matrix/R06-canvas-detail-dark-768x1024.png,evidence/user-pages-matrix/R06-canvas-detail-dark-768x1024.json,evidence/after-full-e2e-live-finaldb-20260915.log,PASS,当前构建默认渲染状态已逐项取证；交互/有效/加载/失败/弹层/保存状态仍在页面验收矩阵中单独跟踪。,C01 / 生成按钮B01,PASS,C01;B01;BUILD_ID=9sMLb0KxOZx3vl8L7_ez-;route/theme/viewport
R06-dark-390,R06,/canvas/[id],dark,390,844,390x844,真实画布实体,evidence/user-pages-matrix/R06-canvas-detail-dark-390x844.png,evidence/user-pages-matrix/R06-canvas-detail-dark-390x844.json,evidence/after-full-e2e-live-finaldb-20260915.log,PASS,当前构建默认渲染状态已逐项取证；交互/有效/加载/失败/弹层/保存状态仍在页面验收矩阵中单独跟踪。,C01 / 生成按钮B01,PASS,C01;B01;BUILD_ID=9sMLb0KxOZx3vl8L7_ez-;route/theme/viewport
R06-dark-430,R06,/canvas/[id],dark,430,932,430x932,真实画布实体,evidence/user-pages-matrix/R06-canvas-detail-dark-430x932.png,evidence/user-pages-matrix/R06-canvas-detail-dark-430x932.json,evidence/after-full-e2e-live-finaldb-20260915.log,PASS,当前构建默认渲染状态已逐项取证；交互/有效/加载/失败/弹层/保存状态仍在页面验收矩阵中单独跟踪。,C01 / 生成按钮B01,PASS,C01;B01;BUILD_ID=9sMLb0KxOZx3vl8L7_ez-;route/theme/viewport
R07-light-1672,R07,/canvas,light,1672,941,1672x941,画布列表,evidence/user-pages-matrix/R07-canvas-light-1672x941.png,evidence/user-pages-matrix/R07-canvas-light-1672x941.json,evidence/after-full-e2e-live-finaldb-20260915.log,PASS,当前构建默认渲染状态已逐项取证；交互/有效/加载/失败/弹层/保存状态仍在页面验收矩阵中单独跟踪。,C01 / 生成按钮B01,PASS,C01;B01;BUILD_ID=9sMLb0KxOZx3vl8L7_ez-;route/theme/viewport
R07-light-1440,R07,/canvas,light,1440,900,1440x900,画布列表,evidence/user-pages-matrix/R07-canvas-light-1440x900.png,evidence/user-pages-matrix/R07-canvas-light-1440x900.json,evidence/after-full-e2e-live-finaldb-20260915.log,PASS,当前构建默认渲染状态已逐项取证；交互/有效/加载/失败/弹层/保存状态仍在页面验收矩阵中单独跟踪。,C01 / 生成按钮B01,PASS,C01;B01;BUILD_ID=9sMLb0KxOZx3vl8L7_ez-;route/theme/viewport
R07-light-1366,R07,/canvas,light,1366,768,1366x768,画布列表,evidence/user-pages-matrix/R07-canvas-light-1366x768.png,evidence/user-pages-matrix/R07-canvas-light-1366x768.json,evidence/after-full-e2e-live-finaldb-20260915.log,PASS,当前构建默认渲染状态已逐项取证；交互/有效/加载/失败/弹层/保存状态仍在页面验收矩阵中单独跟踪。,C01 / 生成按钮B01,PASS,C01;B01;BUILD_ID=9sMLb0KxOZx3vl8L7_ez-;route/theme/viewport
R07-light-1024,R07,/canvas,light,1024,768,1024x768,画布列表,evidence/user-pages-matrix/R07-canvas-light-1024x768.png,evidence/user-pages-matrix/R07-canvas-light-1024x768.json,evidence/after-full-e2e-live-finaldb-20260915.log,PASS,当前构建默认渲染状态已逐项取证；交互/有效/加载/失败/弹层/保存状态仍在页面验收矩阵中单独跟踪。,C01 / 生成按钮B01,PASS,C01;B01;BUILD_ID=9sMLb0KxOZx3vl8L7_ez-;route/theme/viewport
R07-light-768,R07,/canvas,light,768,1024,768x1024,画布列表,evidence/user-pages-matrix/R07-canvas-light-768x1024.png,evidence/user-pages-matrix/R07-canvas-light-768x1024.json,evidence/after-full-e2e-live-finaldb-20260915.log,PASS,当前构建默认渲染状态已逐项取证；交互/有效/加载/失败/弹层/保存状态仍在页面验收矩阵中单独跟踪。,C01 / 生成按钮B01,PASS,C01;B01;BUILD_ID=9sMLb0KxOZx3vl8L7_ez-;route/theme/viewport
R07-light-390,R07,/canvas,light,390,844,390x844,画布列表,evidence/user-pages-matrix/R07-canvas-light-390x844.png,evidence/user-pages-matrix/R07-canvas-light-390x844.json,evidence/after-full-e2e-live-finaldb-20260915.log,PASS,当前构建默认渲染状态已逐项取证；交互/有效/加载/失败/弹层/保存状态仍在页面验收矩阵中单独跟踪。,C01 / 生成按钮B01,PASS,C01;B01;BUILD_ID=9sMLb0KxOZx3vl8L7_ez-;route/theme/viewport
R07-light-430,R07,/canvas,light,430,932,430x932,画布列表,evidence/user-pages-matrix/R07-canvas-light-430x932.png,evidence/user-pages-matrix/R07-canvas-light-430x932.json,evidence/after-full-e2e-live-finaldb-20260915.log,PASS,当前构建默认渲染状态已逐项取证；交互/有效/加载/失败/弹层/保存状态仍在页面验收矩阵中单独跟踪。,C01 / 生成按钮B01,PASS,C01;B01;BUILD_ID=9sMLb0KxOZx3vl8L7_ez-;route/theme/viewport
R07-dark-1672,R07,/canvas,dark,1672,941,1672x941,画布列表,evidence/user-pages-matrix/R07-canvas-dark-1672x941.png,evidence/user-pages-matrix/R07-canvas-dark-1672x941.json,evidence/after-full-e2e-live-finaldb-20260915.log,PASS,当前构建默认渲染状态已逐项取证；交互/有效/加载/失败/弹层/保存状态仍在页面验收矩阵中单独跟踪。,C01 / 生成按钮B01,PASS,C01;B01;BUILD_ID=9sMLb0KxOZx3vl8L7_ez-;route/theme/viewport
R07-dark-1440,R07,/canvas,dark,1440,900,1440x900,画布列表,evidence/user-pages-matrix/R07-canvas-dark-1440x900.png,evidence/user-pages-matrix/R07-canvas-dark-1440x900.json,evidence/after-full-e2e-live-finaldb-20260915.log,PASS,当前构建默认渲染状态已逐项取证；交互/有效/加载/失败/弹层/保存状态仍在页面验收矩阵中单独跟踪。,C01 / 生成按钮B01,PASS,C01;B01;BUILD_ID=9sMLb0KxOZx3vl8L7_ez-;route/theme/viewport
R07-dark-1366,R07,/canvas,dark,1366,768,1366x768,画布列表,evidence/user-pages-matrix/R07-canvas-dark-1366x768.png,evidence/user-pages-matrix/R07-canvas-dark-1366x768.json,evidence/after-full-e2e-live-finaldb-20260915.log,PASS,当前构建默认渲染状态已逐项取证；交互/有效/加载/失败/弹层/保存状态仍在页面验收矩阵中单独跟踪。,C01 / 生成按钮B01,PASS,C01;B01;BUILD_ID=9sMLb0KxOZx3vl8L7_ez-;route/theme/viewport
R07-dark-1024,R07,/canvas,dark,1024,768,1024x768,画布列表,evidence/user-pages-matrix/R07-canvas-dark-1024x768.png,evidence/user-pages-matrix/R07-canvas-dark-1024x768.json,evidence/after-full-e2e-live-finaldb-20260915.log,PASS,当前构建默认渲染状态已逐项取证；交互/有效/加载/失败/弹层/保存状态仍在页面验收矩阵中单独跟踪。,C01 / 生成按钮B01,PASS,C01;B01;BUILD_ID=9sMLb0KxOZx3vl8L7_ez-;route/theme/viewport
R07-dark-768,R07,/canvas,dark,768,1024,768x1024,画布列表,evidence/user-pages-matrix/R07-canvas-dark-768x1024.png,evidence/user-pages-matrix/R07-canvas-dark-768x1024.json,evidence/after-full-e2e-live-finaldb-20260915.log,PASS,当前构建默认渲染状态已逐项取证；交互/有效/加载/失败/弹层/保存状态仍在页面验收矩阵中单独跟踪。,C01 / 生成按钮B01,PASS,C01;B01;BUILD_ID=9sMLb0KxOZx3vl8L7_ez-;route/theme/viewport
R07-dark-390,R07,/canvas,dark,390,844,390x844,画布列表,evidence/user-pages-matrix/R07-canvas-dark-390x844.png,evidence/user-pages-matrix/R07-canvas-dark-390x844.json,evidence/after-full-e2e-live-finaldb-20260915.log,PASS,当前构建默认渲染状态已逐项取证；交互/有效/加载/失败/弹层/保存状态仍在页面验收矩阵中单独跟踪。,C01 / 生成按钮B01,PASS,C01;B01;BUILD_ID=9sMLb0KxOZx3vl8L7_ez-;route/theme/viewport
R07-dark-430,R07,/canvas,dark,430,932,430x932,画布列表,evidence/user-pages-matrix/R07-canvas-dark-430x932.png,evidence/user-pages-matrix/R07-canvas-dark-430x932.json,evidence/after-full-e2e-live-finaldb-20260915.log,PASS,当前构建默认渲染状态已逐项取证；交互/有效/加载/失败/弹层/保存状态仍在页面验收矩阵中单独跟踪。,C01 / 生成按钮B01,PASS,C01;B01;BUILD_ID=9sMLb0KxOZx3vl8L7_ez-;route/theme/viewport
R08-light-1672,R08,/community,light,1672,941,1672x941,社区默认,evidence/user-pages-matrix/R08-community-light-1672x941.png,evidence/user-pages-matrix/R08-community-light-1672x941.json,evidence/after-full-e2e-live-finaldb-20260915.log,PASS,当前构建默认渲染状态已逐项取证；交互/有效/加载/失败/弹层/保存状态仍在页面验收矩阵中单独跟踪。,C01 / 生成按钮B01,PASS,C01;B01;BUILD_ID=9sMLb0KxOZx3vl8L7_ez-;route/theme/viewport
R08-light-1440,R08,/community,light,1440,900,1440x900,社区默认,evidence/user-pages-matrix/R08-community-light-1440x900.png,evidence/user-pages-matrix/R08-community-light-1440x900.json,evidence/after-full-e2e-live-finaldb-20260915.log,PASS,当前构建默认渲染状态已逐项取证；交互/有效/加载/失败/弹层/保存状态仍在页面验收矩阵中单独跟踪。,C01 / 生成按钮B01,PASS,C01;B01;BUILD_ID=9sMLb0KxOZx3vl8L7_ez-;route/theme/viewport
R08-light-1366,R08,/community,light,1366,768,1366x768,社区默认,evidence/user-pages-matrix/R08-community-light-1366x768.png,evidence/user-pages-matrix/R08-community-light-1366x768.json,evidence/after-full-e2e-live-finaldb-20260915.log,PASS,当前构建默认渲染状态已逐项取证；交互/有效/加载/失败/弹层/保存状态仍在页面验收矩阵中单独跟踪。,C01 / 生成按钮B01,PASS,C01;B01;BUILD_ID=9sMLb0KxOZx3vl8L7_ez-;route/theme/viewport
R08-light-1024,R08,/community,light,1024,768,1024x768,社区默认,evidence/user-pages-matrix/R08-community-light-1024x768.png,evidence/user-pages-matrix/R08-community-light-1024x768.json,evidence/after-full-e2e-live-finaldb-20260915.log,PASS,当前构建默认渲染状态已逐项取证；交互/有效/加载/失败/弹层/保存状态仍在页面验收矩阵中单独跟踪。,C01 / 生成按钮B01,PASS,C01;B01;BUILD_ID=9sMLb0KxOZx3vl8L7_ez-;route/theme/viewport
R08-light-768,R08,/community,light,768,1024,768x1024,社区默认,evidence/user-pages-matrix/R08-community-light-768x1024.png,evidence/user-pages-matrix/R08-community-light-768x1024.json,evidence/after-full-e2e-live-finaldb-20260915.log,PASS,当前构建默认渲染状态已逐项取证；交互/有效/加载/失败/弹层/保存状态仍在页面验收矩阵中单独跟踪。,C01 / 生成按钮B01,PASS,C01;B01;BUILD_ID=9sMLb0KxOZx3vl8L7_ez-;route/theme/viewport
R08-light-390,R08,/community,light,390,844,390x844,社区默认,evidence/user-pages-matrix/R08-community-light-390x844.png,evidence/user-pages-matrix/R08-community-light-390x844.json,evidence/after-full-e2e-live-finaldb-20260915.log,PASS,当前构建默认渲染状态已逐项取证；交互/有效/加载/失败/弹层/保存状态仍在页面验收矩阵中单独跟踪。,C01 / 生成按钮B01,PASS,C01;B01;BUILD_ID=9sMLb0KxOZx3vl8L7_ez-;route/theme/viewport
R08-light-430,R08,/community,light,430,932,430x932,社区默认,evidence/user-pages-matrix/R08-community-light-430x932.png,evidence/user-pages-matrix/R08-community-light-430x932.json,evidence/after-full-e2e-live-finaldb-20260915.log,PASS,当前构建默认渲染状态已逐项取证；交互/有效/加载/失败/弹层/保存状态仍在页面验收矩阵中单独跟踪。,C01 / 生成按钮B01,PASS,C01;B01;BUILD_ID=9sMLb0KxOZx3vl8L7_ez-;route/theme/viewport
R08-dark-1672,R08,/community,dark,1672,941,1672x941,社区默认,evidence/user-pages-matrix/R08-community-dark-1672x941.png,evidence/user-pages-matrix/R08-community-dark-1672x941.json,evidence/after-full-e2e-live-finaldb-20260915.log,PASS,当前构建默认渲染状态已逐项取证；交互/有效/加载/失败/弹层/保存状态仍在页面验收矩阵中单独跟踪。,C01 / 生成按钮B01,PASS,C01;B01;BUILD_ID=9sMLb0KxOZx3vl8L7_ez-;route/theme/viewport
R08-dark-1440,R08,/community,dark,1440,900,1440x900,社区默认,evidence/user-pages-matrix/R08-community-dark-1440x900.png,evidence/user-pages-matrix/R08-community-dark-1440x900.json,evidence/after-full-e2e-live-finaldb-20260915.log,PASS,当前构建默认渲染状态已逐项取证；交互/有效/加载/失败/弹层/保存状态仍在页面验收矩阵中单独跟踪。,C01 / 生成按钮B01,PASS,C01;B01;BUILD_ID=9sMLb0KxOZx3vl8L7_ez-;route/theme/viewport
R08-dark-1366,R08,/community,dark,1366,768,1366x768,社区默认,evidence/user-pages-matrix/R08-community-dark-1366x768.png,evidence/user-pages-matrix/R08-community-dark-1366x768.json,evidence/after-full-e2e-live-finaldb-20260915.log,PASS,当前构建默认渲染状态已逐项取证；交互/有效/加载/失败/弹层/保存状态仍在页面验收矩阵中单独跟踪。,C01 / 生成按钮B01,PASS,C01;B01;BUILD_ID=9sMLb0KxOZx3vl8L7_ez-;route/theme/viewport
R08-dark-1024,R08,/community,dark,1024,768,1024x768,社区默认,evidence/user-pages-matrix/R08-community-dark-1024x768.png,evidence/user-pages-matrix/R08-community-dark-1024x768.json,evidence/after-full-e2e-live-finaldb-20260915.log,PASS,当前构建默认渲染状态已逐项取证；交互/有效/加载/失败/弹层/保存状态仍在页面验收矩阵中单独跟踪。,C01 / 生成按钮B01,PASS,C01;B01;BUILD_ID=9sMLb0KxOZx3vl8L7_ez-;route/theme/viewport
R08-dark-768,R08,/community,dark,768,1024,768x1024,社区默认,evidence/user-pages-matrix/R08-community-dark-768x1024.png,evidence/user-pages-matrix/R08-community-dark-768x1024.json,evidence/after-full-e2e-live-finaldb-20260915.log,PASS,当前构建默认渲染状态已逐项取证；交互/有效/加载/失败/弹层/保存状态仍在页面验收矩阵中单独跟踪。,C01 / 生成按钮B01,PASS,C01;B01;BUILD_ID=9sMLb0KxOZx3vl8L7_ez-;route/theme/viewport
R08-dark-390,R08,/community,dark,390,844,390x844,社区默认,evidence/user-pages-matrix/R08-community-dark-390x844.png,evidence/user-pages-matrix/R08-community-dark-390x844.json,evidence/after-full-e2e-live-finaldb-20260915.log,PASS,当前构建默认渲染状态已逐项取证；交互/有效/加载/失败/弹层/保存状态仍在页面验收矩阵中单独跟踪。,C01 / 生成按钮B01,PASS,C01;B01;BUILD_ID=9sMLb0KxOZx3vl8L7_ez-;route/theme/viewport
R08-dark-430,R08,/community,dark,430,932,430x932,社区默认,evidence/user-pages-matrix/R08-community-dark-430x932.png,evidence/user-pages-matrix/R08-community-dark-430x932.json,evidence/after-full-e2e-live-finaldb-20260915.log,PASS,当前构建默认渲染状态已逐项取证；交互/有效/加载/失败/弹层/保存状态仍在页面验收矩阵中单独跟踪。,C01 / 生成按钮B01,PASS,C01;B01;BUILD_ID=9sMLb0KxOZx3vl8L7_ez-;route/theme/viewport
R09-light-1672,R09,/create,light,1672,941,1672x941,创作工作台默认,evidence/user-pages-matrix/R09-create-light-1672x941.png,evidence/user-pages-matrix/R09-create-light-1672x941.json,evidence/after-full-e2e-live-finaldb-20260915.log,PASS,当前构建默认渲染状态已逐项取证；交互/有效/加载/失败/弹层/保存状态仍在页面验收矩阵中单独跟踪。,C01 / 生成按钮B01,PASS,C01;B01;BUILD_ID=9sMLb0KxOZx3vl8L7_ez-;route/theme/viewport
R09-light-1440,R09,/create,light,1440,900,1440x900,创作工作台默认,evidence/user-pages-matrix/R09-create-light-1440x900.png,evidence/user-pages-matrix/R09-create-light-1440x900.json,evidence/after-full-e2e-live-finaldb-20260915.log,PASS,当前构建默认渲染状态已逐项取证；交互/有效/加载/失败/弹层/保存状态仍在页面验收矩阵中单独跟踪。,C01 / 生成按钮B01,PASS,C01;B01;BUILD_ID=9sMLb0KxOZx3vl8L7_ez-;route/theme/viewport
R09-light-1366,R09,/create,light,1366,768,1366x768,创作工作台默认,evidence/user-pages-matrix/R09-create-light-1366x768.png,evidence/user-pages-matrix/R09-create-light-1366x768.json,evidence/after-full-e2e-live-finaldb-20260915.log,PASS,当前构建默认渲染状态已逐项取证；交互/有效/加载/失败/弹层/保存状态仍在页面验收矩阵中单独跟踪。,C01 / 生成按钮B01,PASS,C01;B01;BUILD_ID=9sMLb0KxOZx3vl8L7_ez-;route/theme/viewport
R09-light-1024,R09,/create,light,1024,768,1024x768,创作工作台默认,evidence/user-pages-matrix/R09-create-light-1024x768.png,evidence/user-pages-matrix/R09-create-light-1024x768.json,evidence/after-full-e2e-live-finaldb-20260915.log,PASS,当前构建默认渲染状态已逐项取证；交互/有效/加载/失败/弹层/保存状态仍在页面验收矩阵中单独跟踪。,C01 / 生成按钮B01,PASS,C01;B01;BUILD_ID=9sMLb0KxOZx3vl8L7_ez-;route/theme/viewport
R09-light-768,R09,/create,light,768,1024,768x1024,创作工作台默认,evidence/user-pages-matrix/R09-create-light-768x1024.png,evidence/user-pages-matrix/R09-create-light-768x1024.json,evidence/after-full-e2e-live-finaldb-20260915.log,PASS,当前构建默认渲染状态已逐项取证；交互/有效/加载/失败/弹层/保存状态仍在页面验收矩阵中单独跟踪。,C01 / 生成按钮B01,PASS,C01;B01;BUILD_ID=9sMLb0KxOZx3vl8L7_ez-;route/theme/viewport
R09-light-390,R09,/create,light,390,844,390x844,创作工作台默认,evidence/user-pages-matrix/R09-create-light-390x844.png,evidence/user-pages-matrix/R09-create-light-390x844.json,evidence/after-full-e2e-live-finaldb-20260915.log,PASS,当前构建默认渲染状态已逐项取证；交互/有效/加载/失败/弹层/保存状态仍在页面验收矩阵中单独跟踪。,C01 / 生成按钮B01,PASS,C01;B01;BUILD_ID=9sMLb0KxOZx3vl8L7_ez-;route/theme/viewport
R09-light-430,R09,/create,light,430,932,430x932,创作工作台默认,evidence/user-pages-matrix/R09-create-light-430x932.png,evidence/user-pages-matrix/R09-create-light-430x932.json,evidence/after-full-e2e-live-finaldb-20260915.log,PASS,当前构建默认渲染状态已逐项取证；交互/有效/加载/失败/弹层/保存状态仍在页面验收矩阵中单独跟踪。,C01 / 生成按钮B01,PASS,C01;B01;BUILD_ID=9sMLb0KxOZx3vl8L7_ez-;route/theme/viewport
R09-dark-1672,R09,/create,dark,1672,941,1672x941,创作工作台默认,evidence/user-pages-matrix/R09-create-dark-1672x941.png,evidence/user-pages-matrix/R09-create-dark-1672x941.json,evidence/after-full-e2e-live-finaldb-20260915.log,PASS,当前构建默认渲染状态已逐项取证；交互/有效/加载/失败/弹层/保存状态仍在页面验收矩阵中单独跟踪。,C01 / 生成按钮B01,PASS,C01;B01;BUILD_ID=9sMLb0KxOZx3vl8L7_ez-;route/theme/viewport
R09-dark-1440,R09,/create,dark,1440,900,1440x900,创作工作台默认,evidence/user-pages-matrix/R09-create-dark-1440x900.png,evidence/user-pages-matrix/R09-create-dark-1440x900.json,evidence/after-full-e2e-live-finaldb-20260915.log,PASS,当前构建默认渲染状态已逐项取证；交互/有效/加载/失败/弹层/保存状态仍在页面验收矩阵中单独跟踪。,C01 / 生成按钮B01,PASS,C01;B01;BUILD_ID=9sMLb0KxOZx3vl8L7_ez-;route/theme/viewport
R09-dark-1366,R09,/create,dark,1366,768,1366x768,创作工作台默认,evidence/user-pages-matrix/R09-create-dark-1366x768.png,evidence/user-pages-matrix/R09-create-dark-1366x768.json,evidence/after-full-e2e-live-finaldb-20260915.log,PASS,当前构建默认渲染状态已逐项取证；交互/有效/加载/失败/弹层/保存状态仍在页面验收矩阵中单独跟踪。,C01 / 生成按钮B01,PASS,C01;B01;BUILD_ID=9sMLb0KxOZx3vl8L7_ez-;route/theme/viewport
R09-dark-1024,R09,/create,dark,1024,768,1024x768,创作工作台默认,evidence/user-pages-matrix/R09-create-dark-1024x768.png,evidence/user-pages-matrix/R09-create-dark-1024x768.json,evidence/after-full-e2e-live-finaldb-20260915.log,PASS,当前构建默认渲染状态已逐项取证；交互/有效/加载/失败/弹层/保存状态仍在页面验收矩阵中单独跟踪。,C01 / 生成按钮B01,PASS,C01;B01;BUILD_ID=9sMLb0KxOZx3vl8L7_ez-;route/theme/viewport
R09-dark-768,R09,/create,dark,768,1024,768x1024,创作工作台默认,evidence/user-pages-matrix/R09-create-dark-768x1024.png,evidence/user-pages-matrix/R09-create-dark-768x1024.json,evidence/after-full-e2e-live-finaldb-20260915.log,PASS,当前构建默认渲染状态已逐项取证；交互/有效/加载/失败/弹层/保存状态仍在页面验收矩阵中单独跟踪。,C01 / 生成按钮B01,PASS,C01;B01;BUILD_ID=9sMLb0KxOZx3vl8L7_ez-;route/theme/viewport
R09-dark-390,R09,/create,dark,390,844,390x844,创作工作台默认,evidence/user-pages-matrix/R09-create-dark-390x844.png,evidence/user-pages-matrix/R09-create-dark-390x844.json,evidence/after-full-e2e-live-finaldb-20260915.log,PASS,当前构建默认渲染状态已逐项取证；交互/有效/加载/失败/弹层/保存状态仍在页面验收矩阵中单独跟踪。,C01 / 生成按钮B01,PASS,C01;B01;BUILD_ID=9sMLb0KxOZx3vl8L7_ez-;route/theme/viewport
R09-dark-430,R09,/create,dark,430,932,430x932,创作工作台默认,evidence/user-pages-matrix/R09-create-dark-430x932.png,evidence/user-pages-matrix/R09-create-dark-430x932.json,evidence/after-full-e2e-live-finaldb-20260915.log,PASS,当前构建默认渲染状态已逐项取证；交互/有效/加载/失败/弹层/保存状态仍在页面验收矩阵中单独跟踪。,C01 / 生成按钮B01,PASS,C01;B01;BUILD_ID=9sMLb0KxOZx3vl8L7_ez-;route/theme/viewport
R10-light-1672,R10,/drama/[id],light,1672,941,1672x941,真实短剧实体,evidence/user-pages-matrix/R10-drama-detail-light-1672x941.png,evidence/user-pages-matrix/R10-drama-detail-light-1672x941.json,evidence/after-full-e2e-live-finaldb-20260915.log,PASS,当前构建默认渲染状态已逐项取证；交互/有效/加载/失败/弹层/保存状态仍在页面验收矩阵中单独跟踪。,C01 / 生成按钮B01,PASS,C01;B01;BUILD_ID=9sMLb0KxOZx3vl8L7_ez-;route/theme/viewport
R10-light-1440,R10,/drama/[id],light,1440,900,1440x900,真实短剧实体,evidence/user-pages-matrix/R10-drama-detail-light-1440x900.png,evidence/user-pages-matrix/R10-drama-detail-light-1440x900.json,evidence/after-full-e2e-live-finaldb-20260915.log,PASS,当前构建默认渲染状态已逐项取证；交互/有效/加载/失败/弹层/保存状态仍在页面验收矩阵中单独跟踪。,C01 / 生成按钮B01,PASS,C01;B01;BUILD_ID=9sMLb0KxOZx3vl8L7_ez-;route/theme/viewport
R10-light-1366,R10,/drama/[id],light,1366,768,1366x768,真实短剧实体,evidence/user-pages-matrix/R10-drama-detail-light-1366x768.png,evidence/user-pages-matrix/R10-drama-detail-light-1366x768.json,evidence/after-full-e2e-live-finaldb-20260915.log,PASS,当前构建默认渲染状态已逐项取证；交互/有效/加载/失败/弹层/保存状态仍在页面验收矩阵中单独跟踪。,C01 / 生成按钮B01,PASS,C01;B01;BUILD_ID=9sMLb0KxOZx3vl8L7_ez-;route/theme/viewport
R10-light-1024,R10,/drama/[id],light,1024,768,1024x768,真实短剧实体,evidence/user-pages-matrix/R10-drama-detail-light-1024x768.png,evidence/user-pages-matrix/R10-drama-detail-light-1024x768.json,evidence/after-full-e2e-live-finaldb-20260915.log,PASS,当前构建默认渲染状态已逐项取证；交互/有效/加载/失败/弹层/保存状态仍在页面验收矩阵中单独跟踪。,C01 / 生成按钮B01,PASS,C01;B01;BUILD_ID=9sMLb0KxOZx3vl8L7_ez-;route/theme/viewport
R10-light-768,R10,/drama/[id],light,768,1024,768x1024,真实短剧实体,evidence/user-pages-matrix/R10-drama-detail-light-768x1024.png,evidence/user-pages-matrix/R10-drama-detail-light-768x1024.json,evidence/after-full-e2e-live-finaldb-20260915.log,PASS,当前构建默认渲染状态已逐项取证；交互/有效/加载/失败/弹层/保存状态仍在页面验收矩阵中单独跟踪。,C01 / 生成按钮B01,PASS,C01;B01;BUILD_ID=9sMLb0KxOZx3vl8L7_ez-;route/theme/viewport
R10-light-390,R10,/drama/[id],light,390,844,390x844,真实短剧实体,evidence/user-pages-matrix/R10-drama-detail-light-390x844.png,evidence/user-pages-matrix/R10-drama-detail-light-390x844.json,evidence/after-full-e2e-live-finaldb-20260915.log,PASS,当前构建默认渲染状态已逐项取证；交互/有效/加载/失败/弹层/保存状态仍在页面验收矩阵中单独跟踪。,C01 / 生成按钮B01,PASS,C01;B01;BUILD_ID=9sMLb0KxOZx3vl8L7_ez-;route/theme/viewport
R10-light-430,R10,/drama/[id],light,430,932,430x932,真实短剧实体,evidence/user-pages-matrix/R10-drama-detail-light-430x932.png,evidence/user-pages-matrix/R10-drama-detail-light-430x932.json,evidence/after-full-e2e-live-finaldb-20260915.log,PASS,当前构建默认渲染状态已逐项取证；交互/有效/加载/失败/弹层/保存状态仍在页面验收矩阵中单独跟踪。,C01 / 生成按钮B01,PASS,C01;B01;BUILD_ID=9sMLb0KxOZx3vl8L7_ez-;route/theme/viewport
R10-dark-1672,R10,/drama/[id],dark,1672,941,1672x941,真实短剧实体,evidence/user-pages-matrix/R10-drama-detail-dark-1672x941.png,evidence/user-pages-matrix/R10-drama-detail-dark-1672x941.json,evidence/after-full-e2e-live-finaldb-20260915.log,PASS,当前构建默认渲染状态已逐项取证；交互/有效/加载/失败/弹层/保存状态仍在页面验收矩阵中单独跟踪。,C01 / 生成按钮B01,PASS,C01;B01;BUILD_ID=9sMLb0KxOZx3vl8L7_ez-;route/theme/viewport
R10-dark-1440,R10,/drama/[id],dark,1440,900,1440x900,真实短剧实体,evidence/user-pages-matrix/R10-drama-detail-dark-1440x900.png,evidence/user-pages-matrix/R10-drama-detail-dark-1440x900.json,evidence/after-full-e2e-live-finaldb-20260915.log,PASS,当前构建默认渲染状态已逐项取证；交互/有效/加载/失败/弹层/保存状态仍在页面验收矩阵中单独跟踪。,C01 / 生成按钮B01,PASS,C01;B01;BUILD_ID=9sMLb0KxOZx3vl8L7_ez-;route/theme/viewport
R10-dark-1366,R10,/drama/[id],dark,1366,768,1366x768,真实短剧实体,evidence/user-pages-matrix/R10-drama-detail-dark-1366x768.png,evidence/user-pages-matrix/R10-drama-detail-dark-1366x768.json,evidence/after-full-e2e-live-finaldb-20260915.log,PASS,当前构建默认渲染状态已逐项取证；交互/有效/加载/失败/弹层/保存状态仍在页面验收矩阵中单独跟踪。,C01 / 生成按钮B01,PASS,C01;B01;BUILD_ID=9sMLb0KxOZx3vl8L7_ez-;route/theme/viewport
R10-dark-1024,R10,/drama/[id],dark,1024,768,1024x768,真实短剧实体,evidence/user-pages-matrix/R10-drama-detail-dark-1024x768.png,evidence/user-pages-matrix/R10-drama-detail-dark-1024x768.json,evidence/after-full-e2e-live-finaldb-20260915.log,PASS,当前构建默认渲染状态已逐项取证；交互/有效/加载/失败/弹层/保存状态仍在页面验收矩阵中单独跟踪。,C01 / 生成按钮B01,PASS,C01;B01;BUILD_ID=9sMLb0KxOZx3vl8L7_ez-;route/theme/viewport
R10-dark-768,R10,/drama/[id],dark,768,1024,768x1024,真实短剧实体,evidence/user-pages-matrix/R10-drama-detail-dark-768x1024.png,evidence/user-pages-matrix/R10-drama-detail-dark-768x1024.json,evidence/after-full-e2e-live-finaldb-20260915.log,PASS,当前构建默认渲染状态已逐项取证；交互/有效/加载/失败/弹层/保存状态仍在页面验收矩阵中单独跟踪。,C01 / 生成按钮B01,PASS,C01;B01;BUILD_ID=9sMLb0KxOZx3vl8L7_ez-;route/theme/viewport
R10-dark-390,R10,/drama/[id],dark,390,844,390x844,真实短剧实体,evidence/user-pages-matrix/R10-drama-detail-dark-390x844.png,evidence/user-pages-matrix/R10-drama-detail-dark-390x844.json,evidence/after-full-e2e-live-finaldb-20260915.log,PASS,当前构建默认渲染状态已逐项取证；交互/有效/加载/失败/弹层/保存状态仍在页面验收矩阵中单独跟踪。,C01 / 生成按钮B01,PASS,C01;B01;BUILD_ID=9sMLb0KxOZx3vl8L7_ez-;route/theme/viewport
R10-dark-430,R10,/drama/[id],dark,430,932,430x932,真实短剧实体,evidence/user-pages-matrix/R10-drama-detail-dark-430x932.png,evidence/user-pages-matrix/R10-drama-detail-dark-430x932.json,evidence/after-full-e2e-live-finaldb-20260915.log,PASS,当前构建默认渲染状态已逐项取证；交互/有效/加载/失败/弹层/保存状态仍在页面验收矩阵中单独跟踪。,C01 / 生成按钮B01,PASS,C01;B01;BUILD_ID=9sMLb0KxOZx3vl8L7_ez-;route/theme/viewport
R11-light-1672,R11,/drama,light,1672,941,1672x941,短剧列表,evidence/user-pages-matrix/R11-drama-light-1672x941.png,evidence/user-pages-matrix/R11-drama-light-1672x941.json,evidence/after-full-e2e-live-finaldb-20260915.log,PASS,当前构建默认渲染状态已逐项取证；交互/有效/加载/失败/弹层/保存状态仍在页面验收矩阵中单独跟踪。,C01 / 生成按钮B01,PASS,C01;B01;BUILD_ID=9sMLb0KxOZx3vl8L7_ez-;route/theme/viewport
R11-light-1440,R11,/drama,light,1440,900,1440x900,短剧列表,evidence/user-pages-matrix/R11-drama-light-1440x900.png,evidence/user-pages-matrix/R11-drama-light-1440x900.json,evidence/after-full-e2e-live-finaldb-20260915.log,PASS,当前构建默认渲染状态已逐项取证；交互/有效/加载/失败/弹层/保存状态仍在页面验收矩阵中单独跟踪。,C01 / 生成按钮B01,PASS,C01;B01;BUILD_ID=9sMLb0KxOZx3vl8L7_ez-;route/theme/viewport
R11-light-1366,R11,/drama,light,1366,768,1366x768,短剧列表,evidence/user-pages-matrix/R11-drama-light-1366x768.png,evidence/user-pages-matrix/R11-drama-light-1366x768.json,evidence/after-full-e2e-live-finaldb-20260915.log,PASS,当前构建默认渲染状态已逐项取证；交互/有效/加载/失败/弹层/保存状态仍在页面验收矩阵中单独跟踪。,C01 / 生成按钮B01,PASS,C01;B01;BUILD_ID=9sMLb0KxOZx3vl8L7_ez-;route/theme/viewport
R11-light-1024,R11,/drama,light,1024,768,1024x768,短剧列表,evidence/user-pages-matrix/R11-drama-light-1024x768.png,evidence/user-pages-matrix/R11-drama-light-1024x768.json,evidence/after-full-e2e-live-finaldb-20260915.log,PASS,当前构建默认渲染状态已逐项取证；交互/有效/加载/失败/弹层/保存状态仍在页面验收矩阵中单独跟踪。,C01 / 生成按钮B01,PASS,C01;B01;BUILD_ID=9sMLb0KxOZx3vl8L7_ez-;route/theme/viewport
R11-light-768,R11,/drama,light,768,1024,768x1024,短剧列表,evidence/user-pages-matrix/R11-drama-light-768x1024.png,evidence/user-pages-matrix/R11-drama-light-768x1024.json,evidence/after-full-e2e-live-finaldb-20260915.log,PASS,当前构建默认渲染状态已逐项取证；交互/有效/加载/失败/弹层/保存状态仍在页面验收矩阵中单独跟踪。,C01 / 生成按钮B01,PASS,C01;B01;BUILD_ID=9sMLb0KxOZx3vl8L7_ez-;route/theme/viewport
R11-light-390,R11,/drama,light,390,844,390x844,短剧列表,evidence/user-pages-matrix/R11-drama-light-390x844.png,evidence/user-pages-matrix/R11-drama-light-390x844.json,evidence/after-full-e2e-live-finaldb-20260915.log,PASS,当前构建默认渲染状态已逐项取证；交互/有效/加载/失败/弹层/保存状态仍在页面验收矩阵中单独跟踪。,C01 / 生成按钮B01,PASS,C01;B01;BUILD_ID=9sMLb0KxOZx3vl8L7_ez-;route/theme/viewport
R11-light-430,R11,/drama,light,430,932,430x932,短剧列表,evidence/user-pages-matrix/R11-drama-light-430x932.png,evidence/user-pages-matrix/R11-drama-light-430x932.json,evidence/after-full-e2e-live-finaldb-20260915.log,PASS,当前构建默认渲染状态已逐项取证；交互/有效/加载/失败/弹层/保存状态仍在页面验收矩阵中单独跟踪。,C01 / 生成按钮B01,PASS,C01;B01;BUILD_ID=9sMLb0KxOZx3vl8L7_ez-;route/theme/viewport
R11-dark-1672,R11,/drama,dark,1672,941,1672x941,短剧列表,evidence/user-pages-matrix/R11-drama-dark-1672x941.png,evidence/user-pages-matrix/R11-drama-dark-1672x941.json,evidence/after-full-e2e-live-finaldb-20260915.log,PASS,当前构建默认渲染状态已逐项取证；交互/有效/加载/失败/弹层/保存状态仍在页面验收矩阵中单独跟踪。,C01 / 生成按钮B01,PASS,C01;B01;BUILD_ID=9sMLb0KxOZx3vl8L7_ez-;route/theme/viewport
R11-dark-1440,R11,/drama,dark,1440,900,1440x900,短剧列表,evidence/user-pages-matrix/R11-drama-dark-1440x900.png,evidence/user-pages-matrix/R11-drama-dark-1440x900.json,evidence/after-full-e2e-live-finaldb-20260915.log,PASS,当前构建默认渲染状态已逐项取证；交互/有效/加载/失败/弹层/保存状态仍在页面验收矩阵中单独跟踪。,C01 / 生成按钮B01,PASS,C01;B01;BUILD_ID=9sMLb0KxOZx3vl8L7_ez-;route/theme/viewport
R11-dark-1366,R11,/drama,dark,1366,768,1366x768,短剧列表,evidence/user-pages-matrix/R11-drama-dark-1366x768.png,evidence/user-pages-matrix/R11-drama-dark-1366x768.json,evidence/after-full-e2e-live-finaldb-20260915.log,PASS,当前构建默认渲染状态已逐项取证；交互/有效/加载/失败/弹层/保存状态仍在页面验收矩阵中单独跟踪。,C01 / 生成按钮B01,PASS,C01;B01;BUILD_ID=9sMLb0KxOZx3vl8L7_ez-;route/theme/viewport
R11-dark-1024,R11,/drama,dark,1024,768,1024x768,短剧列表,evidence/user-pages-matrix/R11-drama-dark-1024x768.png,evidence/user-pages-matrix/R11-drama-dark-1024x768.json,evidence/after-full-e2e-live-finaldb-20260915.log,PASS,当前构建默认渲染状态已逐项取证；交互/有效/加载/失败/弹层/保存状态仍在页面验收矩阵中单独跟踪。,C01 / 生成按钮B01,PASS,C01;B01;BUILD_ID=9sMLb0KxOZx3vl8L7_ez-;route/theme/viewport
R11-dark-768,R11,/drama,dark,768,1024,768x1024,短剧列表,evidence/user-pages-matrix/R11-drama-dark-768x1024.png,evidence/user-pages-matrix/R11-drama-dark-768x1024.json,evidence/after-full-e2e-live-finaldb-20260915.log,PASS,当前构建默认渲染状态已逐项取证；交互/有效/加载/失败/弹层/保存状态仍在页面验收矩阵中单独跟踪。,C01 / 生成按钮B01,PASS,C01;B01;BUILD_ID=9sMLb0KxOZx3vl8L7_ez-;route/theme/viewport
R11-dark-390,R11,/drama,dark,390,844,390x844,短剧列表,evidence/user-pages-matrix/R11-drama-dark-390x844.png,evidence/user-pages-matrix/R11-drama-dark-390x844.json,evidence/after-full-e2e-live-finaldb-20260915.log,PASS,当前构建默认渲染状态已逐项取证；交互/有效/加载/失败/弹层/保存状态仍在页面验收矩阵中单独跟踪。,C01 / 生成按钮B01,PASS,C01;B01;BUILD_ID=9sMLb0KxOZx3vl8L7_ez-;route/theme/viewport
R11-dark-430,R11,/drama,dark,430,932,430x932,短剧列表,evidence/user-pages-matrix/R11-drama-dark-430x932.png,evidence/user-pages-matrix/R11-drama-dark-430x932.json,evidence/after-full-e2e-live-finaldb-20260915.log,PASS,当前构建默认渲染状态已逐项取证；交互/有效/加载/失败/弹层/保存状态仍在页面验收矩阵中单独跟踪。,C01 / 生成按钮B01,PASS,C01;B01;BUILD_ID=9sMLb0KxOZx3vl8L7_ez-;route/theme/viewport
R12-light-1672,R12,/help,light,1672,941,1672x941,帮助中心,evidence/user-pages-matrix/R12-help-light-1672x941.png,evidence/user-pages-matrix/R12-help-light-1672x941.json,evidence/after-full-e2e-live-finaldb-20260915.log,PASS,当前构建默认渲染状态已逐项取证；交互/有效/加载/失败/弹层/保存状态仍在页面验收矩阵中单独跟踪。,C01 / 生成按钮B01,PASS,C01;B01;BUILD_ID=9sMLb0KxOZx3vl8L7_ez-;route/theme/viewport
R12-light-1440,R12,/help,light,1440,900,1440x900,帮助中心,evidence/user-pages-matrix/R12-help-light-1440x900.png,evidence/user-pages-matrix/R12-help-light-1440x900.json,evidence/after-full-e2e-live-finaldb-20260915.log,PASS,当前构建默认渲染状态已逐项取证；交互/有效/加载/失败/弹层/保存状态仍在页面验收矩阵中单独跟踪。,C01 / 生成按钮B01,PASS,C01;B01;BUILD_ID=9sMLb0KxOZx3vl8L7_ez-;route/theme/viewport
R12-light-1366,R12,/help,light,1366,768,1366x768,帮助中心,evidence/user-pages-matrix/R12-help-light-1366x768.png,evidence/user-pages-matrix/R12-help-light-1366x768.json,evidence/after-full-e2e-live-finaldb-20260915.log,PASS,当前构建默认渲染状态已逐项取证；交互/有效/加载/失败/弹层/保存状态仍在页面验收矩阵中单独跟踪。,C01 / 生成按钮B01,PASS,C01;B01;BUILD_ID=9sMLb0KxOZx3vl8L7_ez-;route/theme/viewport
R12-light-1024,R12,/help,light,1024,768,1024x768,帮助中心,evidence/user-pages-matrix/R12-help-light-1024x768.png,evidence/user-pages-matrix/R12-help-light-1024x768.json,evidence/after-full-e2e-live-finaldb-20260915.log,PASS,当前构建默认渲染状态已逐项取证；交互/有效/加载/失败/弹层/保存状态仍在页面验收矩阵中单独跟踪。,C01 / 生成按钮B01,PASS,C01;B01;BUILD_ID=9sMLb0KxOZx3vl8L7_ez-;route/theme/viewport
R12-light-768,R12,/help,light,768,1024,768x1024,帮助中心,evidence/user-pages-matrix/R12-help-light-768x1024.png,evidence/user-pages-matrix/R12-help-light-768x1024.json,evidence/after-full-e2e-live-finaldb-20260915.log,PASS,当前构建默认渲染状态已逐项取证；交互/有效/加载/失败/弹层/保存状态仍在页面验收矩阵中单独跟踪。,C01 / 生成按钮B01,PASS,C01;B01;BUILD_ID=9sMLb0KxOZx3vl8L7_ez-;route/theme/viewport
R12-light-390,R12,/help,light,390,844,390x844,帮助中心,evidence/user-pages-matrix/R12-help-light-390x844.png,evidence/user-pages-matrix/R12-help-light-390x844.json,evidence/after-full-e2e-live-finaldb-20260915.log,PASS,当前构建默认渲染状态已逐项取证；交互/有效/加载/失败/弹层/保存状态仍在页面验收矩阵中单独跟踪。,C01 / 生成按钮B01,PASS,C01;B01;BUILD_ID=9sMLb0KxOZx3vl8L7_ez-;route/theme/viewport
R12-light-430,R12,/help,light,430,932,430x932,帮助中心,evidence/user-pages-matrix/R12-help-light-430x932.png,evidence/user-pages-matrix/R12-help-light-430x932.json,evidence/after-full-e2e-live-finaldb-20260915.log,PASS,当前构建默认渲染状态已逐项取证；交互/有效/加载/失败/弹层/保存状态仍在页面验收矩阵中单独跟踪。,C01 / 生成按钮B01,PASS,C01;B01;BUILD_ID=9sMLb0KxOZx3vl8L7_ez-;route/theme/viewport
R12-dark-1672,R12,/help,dark,1672,941,1672x941,帮助中心,evidence/user-pages-matrix/R12-help-dark-1672x941.png,evidence/user-pages-matrix/R12-help-dark-1672x941.json,evidence/after-full-e2e-live-finaldb-20260915.log,PASS,当前构建默认渲染状态已逐项取证；交互/有效/加载/失败/弹层/保存状态仍在页面验收矩阵中单独跟踪。,C01 / 生成按钮B01,PASS,C01;B01;BUILD_ID=9sMLb0KxOZx3vl8L7_ez-;route/theme/viewport
R12-dark-1440,R12,/help,dark,1440,900,1440x900,帮助中心,evidence/user-pages-matrix/R12-help-dark-1440x900.png,evidence/user-pages-matrix/R12-help-dark-1440x900.json,evidence/after-full-e2e-live-finaldb-20260915.log,PASS,当前构建默认渲染状态已逐项取证；交互/有效/加载/失败/弹层/保存状态仍在页面验收矩阵中单独跟踪。,C01 / 生成按钮B01,PASS,C01;B01;BUILD_ID=9sMLb0KxOZx3vl8L7_ez-;route/theme/viewport
R12-dark-1366,R12,/help,dark,1366,768,1366x768,帮助中心,evidence/user-pages-matrix/R12-help-dark-1366x768.png,evidence/user-pages-matrix/R12-help-dark-1366x768.json,evidence/after-full-e2e-live-finaldb-20260915.log,PASS,当前构建默认渲染状态已逐项取证；交互/有效/加载/失败/弹层/保存状态仍在页面验收矩阵中单独跟踪。,C01 / 生成按钮B01,PASS,C01;B01;BUILD_ID=9sMLb0KxOZx3vl8L7_ez-;route/theme/viewport
R12-dark-1024,R12,/help,dark,1024,768,1024x768,帮助中心,evidence/user-pages-matrix/R12-help-dark-1024x768.png,evidence/user-pages-matrix/R12-help-dark-1024x768.json,evidence/after-full-e2e-live-finaldb-20260915.log,PASS,当前构建默认渲染状态已逐项取证；交互/有效/加载/失败/弹层/保存状态仍在页面验收矩阵中单独跟踪。,C01 / 生成按钮B01,PASS,C01;B01;BUILD_ID=9sMLb0KxOZx3vl8L7_ez-;route/theme/viewport
R12-dark-768,R12,/help,dark,768,1024,768x1024,帮助中心,evidence/user-pages-matrix/R12-help-dark-768x1024.png,evidence/user-pages-matrix/R12-help-dark-768x1024.json,evidence/after-full-e2e-live-finaldb-20260915.log,PASS,当前构建默认渲染状态已逐项取证；交互/有效/加载/失败/弹层/保存状态仍在页面验收矩阵中单独跟踪。,C01 / 生成按钮B01,PASS,C01;B01;BUILD_ID=9sMLb0KxOZx3vl8L7_ez-;route/theme/viewport
R12-dark-390,R12,/help,dark,390,844,390x844,帮助中心,evidence/user-pages-matrix/R12-help-dark-390x844.png,evidence/user-pages-matrix/R12-help-dark-390x844.json,evidence/after-full-e2e-live-finaldb-20260915.log,PASS,当前构建默认渲染状态已逐项取证；交互/有效/加载/失败/弹层/保存状态仍在页面验收矩阵中单独跟踪。,C01 / 生成按钮B01,PASS,C01;B01;BUILD_ID=9sMLb0KxOZx3vl8L7_ez-;route/theme/viewport
R12-dark-430,R12,/help,dark,430,932,430x932,帮助中心,evidence/user-pages-matrix/R12-help-dark-430x932.png,evidence/user-pages-matrix/R12-help-dark-430x932.json,evidence/after-full-e2e-live-finaldb-20260915.log,PASS,当前构建默认渲染状态已逐项取证；交互/有效/加载/失败/弹层/保存状态仍在页面验收矩阵中单独跟踪。,C01 / 生成按钮B01,PASS,C01;B01;BUILD_ID=9sMLb0KxOZx3vl8L7_ez-;route/theme/viewport
R13-light-1672,R13,/image,light,1672,941,1672x941,图片入口重定向,evidence/user-pages-matrix/R13-image-light-1672x941.png,evidence/user-pages-matrix/R13-image-light-1672x941.json,evidence/after-full-e2e-live-finaldb-20260915.log,PASS,当前构建默认渲染状态已逐项取证；交互/有效/加载/失败/弹层/保存状态仍在页面验收矩阵中单独跟踪。,C01 / 生成按钮B01,PASS,C01;B01;BUILD_ID=9sMLb0KxOZx3vl8L7_ez-;route/theme/viewport
R13-light-1440,R13,/image,light,1440,900,1440x900,图片入口重定向,evidence/user-pages-matrix/R13-image-light-1440x900.png,evidence/user-pages-matrix/R13-image-light-1440x900.json,evidence/after-full-e2e-live-finaldb-20260915.log,PASS,当前构建默认渲染状态已逐项取证；交互/有效/加载/失败/弹层/保存状态仍在页面验收矩阵中单独跟踪。,C01 / 生成按钮B01,PASS,C01;B01;BUILD_ID=9sMLb0KxOZx3vl8L7_ez-;route/theme/viewport
R13-light-1366,R13,/image,light,1366,768,1366x768,图片入口重定向,evidence/user-pages-matrix/R13-image-light-1366x768.png,evidence/user-pages-matrix/R13-image-light-1366x768.json,evidence/after-full-e2e-live-finaldb-20260915.log,PASS,当前构建默认渲染状态已逐项取证；交互/有效/加载/失败/弹层/保存状态仍在页面验收矩阵中单独跟踪。,C01 / 生成按钮B01,PASS,C01;B01;BUILD_ID=9sMLb0KxOZx3vl8L7_ez-;route/theme/viewport
R13-light-1024,R13,/image,light,1024,768,1024x768,图片入口重定向,evidence/user-pages-matrix/R13-image-light-1024x768.png,evidence/user-pages-matrix/R13-image-light-1024x768.json,evidence/after-full-e2e-live-finaldb-20260915.log,PASS,当前构建默认渲染状态已逐项取证；交互/有效/加载/失败/弹层/保存状态仍在页面验收矩阵中单独跟踪。,C01 / 生成按钮B01,PASS,C01;B01;BUILD_ID=9sMLb0KxOZx3vl8L7_ez-;route/theme/viewport
R13-light-768,R13,/image,light,768,1024,768x1024,图片入口重定向,evidence/user-pages-matrix/R13-image-light-768x1024.png,evidence/user-pages-matrix/R13-image-light-768x1024.json,evidence/after-full-e2e-live-finaldb-20260915.log,PASS,当前构建默认渲染状态已逐项取证；交互/有效/加载/失败/弹层/保存状态仍在页面验收矩阵中单独跟踪。,C01 / 生成按钮B01,PASS,C01;B01;BUILD_ID=9sMLb0KxOZx3vl8L7_ez-;route/theme/viewport
R13-light-390,R13,/image,light,390,844,390x844,图片入口重定向,evidence/user-pages-matrix/R13-image-light-390x844.png,evidence/user-pages-matrix/R13-image-light-390x844.json,evidence/after-full-e2e-live-finaldb-20260915.log,PASS,当前构建默认渲染状态已逐项取证；交互/有效/加载/失败/弹层/保存状态仍在页面验收矩阵中单独跟踪。,C01 / 生成按钮B01,PASS,C01;B01;BUILD_ID=9sMLb0KxOZx3vl8L7_ez-;route/theme/viewport
R13-light-430,R13,/image,light,430,932,430x932,图片入口重定向,evidence/user-pages-matrix/R13-image-light-430x932.png,evidence/user-pages-matrix/R13-image-light-430x932.json,evidence/after-full-e2e-live-finaldb-20260915.log,PASS,当前构建默认渲染状态已逐项取证；交互/有效/加载/失败/弹层/保存状态仍在页面验收矩阵中单独跟踪。,C01 / 生成按钮B01,PASS,C01;B01;BUILD_ID=9sMLb0KxOZx3vl8L7_ez-;route/theme/viewport
R13-dark-1672,R13,/image,dark,1672,941,1672x941,图片入口重定向,evidence/user-pages-matrix/R13-image-dark-1672x941.png,evidence/user-pages-matrix/R13-image-dark-1672x941.json,evidence/after-full-e2e-live-finaldb-20260915.log,PASS,当前构建默认渲染状态已逐项取证；交互/有效/加载/失败/弹层/保存状态仍在页面验收矩阵中单独跟踪。,C01 / 生成按钮B01,PASS,C01;B01;BUILD_ID=9sMLb0KxOZx3vl8L7_ez-;route/theme/viewport
R13-dark-1440,R13,/image,dark,1440,900,1440x900,图片入口重定向,evidence/user-pages-matrix/R13-image-dark-1440x900.png,evidence/user-pages-matrix/R13-image-dark-1440x900.json,evidence/after-full-e2e-live-finaldb-20260915.log,PASS,当前构建默认渲染状态已逐项取证；交互/有效/加载/失败/弹层/保存状态仍在页面验收矩阵中单独跟踪。,C01 / 生成按钮B01,PASS,C01;B01;BUILD_ID=9sMLb0KxOZx3vl8L7_ez-;route/theme/viewport
R13-dark-1366,R13,/image,dark,1366,768,1366x768,图片入口重定向,evidence/user-pages-matrix/R13-image-dark-1366x768.png,evidence/user-pages-matrix/R13-image-dark-1366x768.json,evidence/after-full-e2e-live-finaldb-20260915.log,PASS,当前构建默认渲染状态已逐项取证；交互/有效/加载/失败/弹层/保存状态仍在页面验收矩阵中单独跟踪。,C01 / 生成按钮B01,PASS,C01;B01;BUILD_ID=9sMLb0KxOZx3vl8L7_ez-;route/theme/viewport
R13-dark-1024,R13,/image,dark,1024,768,1024x768,图片入口重定向,evidence/user-pages-matrix/R13-image-dark-1024x768.png,evidence/user-pages-matrix/R13-image-dark-1024x768.json,evidence/after-full-e2e-live-finaldb-20260915.log,PASS,当前构建默认渲染状态已逐项取证；交互/有效/加载/失败/弹层/保存状态仍在页面验收矩阵中单独跟踪。,C01 / 生成按钮B01,PASS,C01;B01;BUILD_ID=9sMLb0KxOZx3vl8L7_ez-;route/theme/viewport
R13-dark-768,R13,/image,dark,768,1024,768x1024,图片入口重定向,evidence/user-pages-matrix/R13-image-dark-768x1024.png,evidence/user-pages-matrix/R13-image-dark-768x1024.json,evidence/after-full-e2e-live-finaldb-20260915.log,PASS,当前构建默认渲染状态已逐项取证；交互/有效/加载/失败/弹层/保存状态仍在页面验收矩阵中单独跟踪。,C01 / 生成按钮B01,PASS,C01;B01;BUILD_ID=9sMLb0KxOZx3vl8L7_ez-;route/theme/viewport
R13-dark-390,R13,/image,dark,390,844,390x844,图片入口重定向,evidence/user-pages-matrix/R13-image-dark-390x844.png,evidence/user-pages-matrix/R13-image-dark-390x844.json,evidence/after-full-e2e-live-finaldb-20260915.log,PASS,当前构建默认渲染状态已逐项取证；交互/有效/加载/失败/弹层/保存状态仍在页面验收矩阵中单独跟踪。,C01 / 生成按钮B01,PASS,C01;B01;BUILD_ID=9sMLb0KxOZx3vl8L7_ez-;route/theme/viewport
R13-dark-430,R13,/image,dark,430,932,430x932,图片入口重定向,evidence/user-pages-matrix/R13-image-dark-430x932.png,evidence/user-pages-matrix/R13-image-dark-430x932.json,evidence/after-full-e2e-live-finaldb-20260915.log,PASS,当前构建默认渲染状态已逐项取证；交互/有效/加载/失败/弹层/保存状态仍在页面验收矩阵中单独跟踪。,C01 / 生成按钮B01,PASS,C01;B01;BUILD_ID=9sMLb0KxOZx3vl8L7_ez-;route/theme/viewport
R14-light-1672,R14,/me,light,1672,941,1672x941,我的账户,evidence/user-pages-matrix/R14-me-light-1672x941.png,evidence/user-pages-matrix/R14-me-light-1672x941.json,evidence/after-full-e2e-live-finaldb-20260915.log,PASS,当前构建默认渲染状态已逐项取证；交互/有效/加载/失败/弹层/保存状态仍在页面验收矩阵中单独跟踪。,C01 / 生成按钮B01,PASS,C01;B01;BUILD_ID=9sMLb0KxOZx3vl8L7_ez-;route/theme/viewport
R14-light-1440,R14,/me,light,1440,900,1440x900,我的账户,evidence/user-pages-matrix/R14-me-light-1440x900.png,evidence/user-pages-matrix/R14-me-light-1440x900.json,evidence/after-full-e2e-live-finaldb-20260915.log,PASS,当前构建默认渲染状态已逐项取证；交互/有效/加载/失败/弹层/保存状态仍在页面验收矩阵中单独跟踪。,C01 / 生成按钮B01,PASS,C01;B01;BUILD_ID=9sMLb0KxOZx3vl8L7_ez-;route/theme/viewport
R14-light-1366,R14,/me,light,1366,768,1366x768,我的账户,evidence/user-pages-matrix/R14-me-light-1366x768.png,evidence/user-pages-matrix/R14-me-light-1366x768.json,evidence/after-full-e2e-live-finaldb-20260915.log,PASS,当前构建默认渲染状态已逐项取证；交互/有效/加载/失败/弹层/保存状态仍在页面验收矩阵中单独跟踪。,C01 / 生成按钮B01,PASS,C01;B01;BUILD_ID=9sMLb0KxOZx3vl8L7_ez-;route/theme/viewport
R14-light-1024,R14,/me,light,1024,768,1024x768,我的账户,evidence/user-pages-matrix/R14-me-light-1024x768.png,evidence/user-pages-matrix/R14-me-light-1024x768.json,evidence/after-full-e2e-live-finaldb-20260915.log,PASS,当前构建默认渲染状态已逐项取证；交互/有效/加载/失败/弹层/保存状态仍在页面验收矩阵中单独跟踪。,C01 / 生成按钮B01,PASS,C01;B01;BUILD_ID=9sMLb0KxOZx3vl8L7_ez-;route/theme/viewport
R14-light-768,R14,/me,light,768,1024,768x1024,我的账户,evidence/user-pages-matrix/R14-me-light-768x1024.png,evidence/user-pages-matrix/R14-me-light-768x1024.json,evidence/after-full-e2e-live-finaldb-20260915.log,PASS,当前构建默认渲染状态已逐项取证；交互/有效/加载/失败/弹层/保存状态仍在页面验收矩阵中单独跟踪。,C01 / 生成按钮B01,PASS,C01;B01;BUILD_ID=9sMLb0KxOZx3vl8L7_ez-;route/theme/viewport
R14-light-390,R14,/me,light,390,844,390x844,我的账户,evidence/user-pages-matrix/R14-me-light-390x844.png,evidence/user-pages-matrix/R14-me-light-390x844.json,evidence/after-full-e2e-live-finaldb-20260915.log,PASS,当前构建默认渲染状态已逐项取证；交互/有效/加载/失败/弹层/保存状态仍在页面验收矩阵中单独跟踪。,C01 / 生成按钮B01,PASS,C01;B01;BUILD_ID=9sMLb0KxOZx3vl8L7_ez-;route/theme/viewport
R14-light-430,R14,/me,light,430,932,430x932,我的账户,evidence/user-pages-matrix/R14-me-light-430x932.png,evidence/user-pages-matrix/R14-me-light-430x932.json,evidence/after-full-e2e-live-finaldb-20260915.log,PASS,当前构建默认渲染状态已逐项取证；交互/有效/加载/失败/弹层/保存状态仍在页面验收矩阵中单独跟踪。,C01 / 生成按钮B01,PASS,C01;B01;BUILD_ID=9sMLb0KxOZx3vl8L7_ez-;route/theme/viewport
R14-dark-1672,R14,/me,dark,1672,941,1672x941,我的账户,evidence/user-pages-matrix/R14-me-dark-1672x941.png,evidence/user-pages-matrix/R14-me-dark-1672x941.json,evidence/after-full-e2e-live-finaldb-20260915.log,PASS,当前构建默认渲染状态已逐项取证；交互/有效/加载/失败/弹层/保存状态仍在页面验收矩阵中单独跟踪。,C01 / 生成按钮B01,PASS,C01;B01;BUILD_ID=9sMLb0KxOZx3vl8L7_ez-;route/theme/viewport
R14-dark-1440,R14,/me,dark,1440,900,1440x900,我的账户,evidence/user-pages-matrix/R14-me-dark-1440x900.png,evidence/user-pages-matrix/R14-me-dark-1440x900.json,evidence/after-full-e2e-live-finaldb-20260915.log,PASS,当前构建默认渲染状态已逐项取证；交互/有效/加载/失败/弹层/保存状态仍在页面验收矩阵中单独跟踪。,C01 / 生成按钮B01,PASS,C01;B01;BUILD_ID=9sMLb0KxOZx3vl8L7_ez-;route/theme/viewport
R14-dark-1366,R14,/me,dark,1366,768,1366x768,我的账户,evidence/user-pages-matrix/R14-me-dark-1366x768.png,evidence/user-pages-matrix/R14-me-dark-1366x768.json,evidence/after-full-e2e-live-finaldb-20260915.log,PASS,当前构建默认渲染状态已逐项取证；交互/有效/加载/失败/弹层/保存状态仍在页面验收矩阵中单独跟踪。,C01 / 生成按钮B01,PASS,C01;B01;BUILD_ID=9sMLb0KxOZx3vl8L7_ez-;route/theme/viewport
R14-dark-1024,R14,/me,dark,1024,768,1024x768,我的账户,evidence/user-pages-matrix/R14-me-dark-1024x768.png,evidence/user-pages-matrix/R14-me-dark-1024x768.json,evidence/after-full-e2e-live-finaldb-20260915.log,PASS,当前构建默认渲染状态已逐项取证；交互/有效/加载/失败/弹层/保存状态仍在页面验收矩阵中单独跟踪。,C01 / 生成按钮B01,PASS,C01;B01;BUILD_ID=9sMLb0KxOZx3vl8L7_ez-;route/theme/viewport
R14-dark-768,R14,/me,dark,768,1024,768x1024,我的账户,evidence/user-pages-matrix/R14-me-dark-768x1024.png,evidence/user-pages-matrix/R14-me-dark-768x1024.json,evidence/after-full-e2e-live-finaldb-20260915.log,PASS,当前构建默认渲染状态已逐项取证；交互/有效/加载/失败/弹层/保存状态仍在页面验收矩阵中单独跟踪。,C01 / 生成按钮B01,PASS,C01;B01;BUILD_ID=9sMLb0KxOZx3vl8L7_ez-;route/theme/viewport
R14-dark-390,R14,/me,dark,390,844,390x844,我的账户,evidence/user-pages-matrix/R14-me-dark-390x844.png,evidence/user-pages-matrix/R14-me-dark-390x844.json,evidence/after-full-e2e-live-finaldb-20260915.log,PASS,当前构建默认渲染状态已逐项取证；交互/有效/加载/失败/弹层/保存状态仍在页面验收矩阵中单独跟踪。,C01 / 生成按钮B01,PASS,C01;B01;BUILD_ID=9sMLb0KxOZx3vl8L7_ez-;route/theme/viewport
R14-dark-430,R14,/me,dark,430,932,430x932,我的账户,evidence/user-pages-matrix/R14-me-dark-430x932.png,evidence/user-pages-matrix/R14-me-dark-430x932.json,evidence/after-full-e2e-live-finaldb-20260915.log,PASS,当前构建默认渲染状态已逐项取证；交互/有效/加载/失败/弹层/保存状态仍在页面验收矩阵中单独跟踪。,C01 / 生成按钮B01,PASS,C01;B01;BUILD_ID=9sMLb0KxOZx3vl8L7_ez-;route/theme/viewport
R15-light-1672,R15,/my-prompts,light,1672,941,1672x941,我的提示词,evidence/user-pages-matrix/R15-my-prompts-light-1672x941.png,evidence/user-pages-matrix/R15-my-prompts-light-1672x941.json,evidence/after-full-e2e-live-finaldb-20260915.log,PASS,当前构建默认渲染状态已逐项取证；交互/有效/加载/失败/弹层/保存状态仍在页面验收矩阵中单独跟踪。,C01 / 生成按钮B01,PASS,C01;B01;BUILD_ID=9sMLb0KxOZx3vl8L7_ez-;route/theme/viewport
R15-light-1440,R15,/my-prompts,light,1440,900,1440x900,我的提示词,evidence/user-pages-matrix/R15-my-prompts-light-1440x900.png,evidence/user-pages-matrix/R15-my-prompts-light-1440x900.json,evidence/after-full-e2e-live-finaldb-20260915.log,PASS,当前构建默认渲染状态已逐项取证；交互/有效/加载/失败/弹层/保存状态仍在页面验收矩阵中单独跟踪。,C01 / 生成按钮B01,PASS,C01;B01;BUILD_ID=9sMLb0KxOZx3vl8L7_ez-;route/theme/viewport
R15-light-1366,R15,/my-prompts,light,1366,768,1366x768,我的提示词,evidence/user-pages-matrix/R15-my-prompts-light-1366x768.png,evidence/user-pages-matrix/R15-my-prompts-light-1366x768.json,evidence/after-full-e2e-live-finaldb-20260915.log,PASS,当前构建默认渲染状态已逐项取证；交互/有效/加载/失败/弹层/保存状态仍在页面验收矩阵中单独跟踪。,C01 / 生成按钮B01,PASS,C01;B01;BUILD_ID=9sMLb0KxOZx3vl8L7_ez-;route/theme/viewport
R15-light-1024,R15,/my-prompts,light,1024,768,1024x768,我的提示词,evidence/user-pages-matrix/R15-my-prompts-light-1024x768.png,evidence/user-pages-matrix/R15-my-prompts-light-1024x768.json,evidence/after-full-e2e-live-finaldb-20260915.log,PASS,当前构建默认渲染状态已逐项取证；交互/有效/加载/失败/弹层/保存状态仍在页面验收矩阵中单独跟踪。,C01 / 生成按钮B01,PASS,C01;B01;BUILD_ID=9sMLb0KxOZx3vl8L7_ez-;route/theme/viewport
R15-light-768,R15,/my-prompts,light,768,1024,768x1024,我的提示词,evidence/user-pages-matrix/R15-my-prompts-light-768x1024.png,evidence/user-pages-matrix/R15-my-prompts-light-768x1024.json,evidence/after-full-e2e-live-finaldb-20260915.log,PASS,当前构建默认渲染状态已逐项取证；交互/有效/加载/失败/弹层/保存状态仍在页面验收矩阵中单独跟踪。,C01 / 生成按钮B01,PASS,C01;B01;BUILD_ID=9sMLb0KxOZx3vl8L7_ez-;route/theme/viewport
R15-light-390,R15,/my-prompts,light,390,844,390x844,我的提示词,evidence/user-pages-matrix/R15-my-prompts-light-390x844.png,evidence/user-pages-matrix/R15-my-prompts-light-390x844.json,evidence/after-full-e2e-live-finaldb-20260915.log,PASS,当前构建默认渲染状态已逐项取证；交互/有效/加载/失败/弹层/保存状态仍在页面验收矩阵中单独跟踪。,C01 / 生成按钮B01,PASS,C01;B01;BUILD_ID=9sMLb0KxOZx3vl8L7_ez-;route/theme/viewport
R15-light-430,R15,/my-prompts,light,430,932,430x932,我的提示词,evidence/user-pages-matrix/R15-my-prompts-light-430x932.png,evidence/user-pages-matrix/R15-my-prompts-light-430x932.json,evidence/after-full-e2e-live-finaldb-20260915.log,PASS,当前构建默认渲染状态已逐项取证；交互/有效/加载/失败/弹层/保存状态仍在页面验收矩阵中单独跟踪。,C01 / 生成按钮B01,PASS,C01;B01;BUILD_ID=9sMLb0KxOZx3vl8L7_ez-;route/theme/viewport
R15-dark-1672,R15,/my-prompts,dark,1672,941,1672x941,我的提示词,evidence/user-pages-matrix/R15-my-prompts-dark-1672x941.png,evidence/user-pages-matrix/R15-my-prompts-dark-1672x941.json,evidence/after-full-e2e-live-finaldb-20260915.log,PASS,当前构建默认渲染状态已逐项取证；交互/有效/加载/失败/弹层/保存状态仍在页面验收矩阵中单独跟踪。,C01 / 生成按钮B01,PASS,C01;B01;BUILD_ID=9sMLb0KxOZx3vl8L7_ez-;route/theme/viewport
R15-dark-1440,R15,/my-prompts,dark,1440,900,1440x900,我的提示词,evidence/user-pages-matrix/R15-my-prompts-dark-1440x900.png,evidence/user-pages-matrix/R15-my-prompts-dark-1440x900.json,evidence/after-full-e2e-live-finaldb-20260915.log,PASS,当前构建默认渲染状态已逐项取证；交互/有效/加载/失败/弹层/保存状态仍在页面验收矩阵中单独跟踪。,C01 / 生成按钮B01,PASS,C01;B01;BUILD_ID=9sMLb0KxOZx3vl8L7_ez-;route/theme/viewport
R15-dark-1366,R15,/my-prompts,dark,1366,768,1366x768,我的提示词,evidence/user-pages-matrix/R15-my-prompts-dark-1366x768.png,evidence/user-pages-matrix/R15-my-prompts-dark-1366x768.json,evidence/after-full-e2e-live-finaldb-20260915.log,PASS,当前构建默认渲染状态已逐项取证；交互/有效/加载/失败/弹层/保存状态仍在页面验收矩阵中单独跟踪。,C01 / 生成按钮B01,PASS,C01;B01;BUILD_ID=9sMLb0KxOZx3vl8L7_ez-;route/theme/viewport
R15-dark-1024,R15,/my-prompts,dark,1024,768,1024x768,我的提示词,evidence/user-pages-matrix/R15-my-prompts-dark-1024x768.png,evidence/user-pages-matrix/R15-my-prompts-dark-1024x768.json,evidence/after-full-e2e-live-finaldb-20260915.log,PASS,当前构建默认渲染状态已逐项取证；交互/有效/加载/失败/弹层/保存状态仍在页面验收矩阵中单独跟踪。,C01 / 生成按钮B01,PASS,C01;B01;BUILD_ID=9sMLb0KxOZx3vl8L7_ez-;route/theme/viewport
R15-dark-768,R15,/my-prompts,dark,768,1024,768x1024,我的提示词,evidence/user-pages-matrix/R15-my-prompts-dark-768x1024.png,evidence/user-pages-matrix/R15-my-prompts-dark-768x1024.json,evidence/after-full-e2e-live-finaldb-20260915.log,PASS,当前构建默认渲染状态已逐项取证；交互/有效/加载/失败/弹层/保存状态仍在页面验收矩阵中单独跟踪。,C01 / 生成按钮B01,PASS,C01;B01;BUILD_ID=9sMLb0KxOZx3vl8L7_ez-;route/theme/viewport
R15-dark-390,R15,/my-prompts,dark,390,844,390x844,我的提示词,evidence/user-pages-matrix/R15-my-prompts-dark-390x844.png,evidence/user-pages-matrix/R15-my-prompts-dark-390x844.json,evidence/after-full-e2e-live-finaldb-20260915.log,PASS,当前构建默认渲染状态已逐项取证；交互/有效/加载/失败/弹层/保存状态仍在页面验收矩阵中单独跟踪。,C01 / 生成按钮B01,PASS,C01;B01;BUILD_ID=9sMLb0KxOZx3vl8L7_ez-;route/theme/viewport
R15-dark-430,R15,/my-prompts,dark,430,932,430x932,我的提示词,evidence/user-pages-matrix/R15-my-prompts-dark-430x932.png,evidence/user-pages-matrix/R15-my-prompts-dark-430x932.json,evidence/after-full-e2e-live-finaldb-20260915.log,PASS,当前构建默认渲染状态已逐项取证；交互/有效/加载/失败/弹层/保存状态仍在页面验收矩阵中单独跟踪。,C01 / 生成按钮B01,PASS,C01;B01;BUILD_ID=9sMLb0KxOZx3vl8L7_ez-;route/theme/viewport
R16-light-1672,R16,/profile,light,1672,941,1672x941,个人资料,evidence/user-pages-matrix/R16-profile-light-1672x941.png,evidence/user-pages-matrix/R16-profile-light-1672x941.json,evidence/after-full-e2e-live-finaldb-20260915.log,PASS,当前构建默认渲染状态已逐项取证；交互/有效/加载/失败/弹层/保存状态仍在页面验收矩阵中单独跟踪。,C01 / 生成按钮B01,PASS,C01;B01;BUILD_ID=9sMLb0KxOZx3vl8L7_ez-;route/theme/viewport
R16-light-1440,R16,/profile,light,1440,900,1440x900,个人资料,evidence/user-pages-matrix/R16-profile-light-1440x900.png,evidence/user-pages-matrix/R16-profile-light-1440x900.json,evidence/after-full-e2e-live-finaldb-20260915.log,PASS,当前构建默认渲染状态已逐项取证；交互/有效/加载/失败/弹层/保存状态仍在页面验收矩阵中单独跟踪。,C01 / 生成按钮B01,PASS,C01;B01;BUILD_ID=9sMLb0KxOZx3vl8L7_ez-;route/theme/viewport
R16-light-1366,R16,/profile,light,1366,768,1366x768,个人资料,evidence/user-pages-matrix/R16-profile-light-1366x768.png,evidence/user-pages-matrix/R16-profile-light-1366x768.json,evidence/after-full-e2e-live-finaldb-20260915.log,PASS,当前构建默认渲染状态已逐项取证；交互/有效/加载/失败/弹层/保存状态仍在页面验收矩阵中单独跟踪。,C01 / 生成按钮B01,PASS,C01;B01;BUILD_ID=9sMLb0KxOZx3vl8L7_ez-;route/theme/viewport
R16-light-1024,R16,/profile,light,1024,768,1024x768,个人资料,evidence/user-pages-matrix/R16-profile-light-1024x768.png,evidence/user-pages-matrix/R16-profile-light-1024x768.json,evidence/after-full-e2e-live-finaldb-20260915.log,PASS,当前构建默认渲染状态已逐项取证；交互/有效/加载/失败/弹层/保存状态仍在页面验收矩阵中单独跟踪。,C01 / 生成按钮B01,PASS,C01;B01;BUILD_ID=9sMLb0KxOZx3vl8L7_ez-;route/theme/viewport
R16-light-768,R16,/profile,light,768,1024,768x1024,个人资料,evidence/user-pages-matrix/R16-profile-light-768x1024.png,evidence/user-pages-matrix/R16-profile-light-768x1024.json,evidence/after-full-e2e-live-finaldb-20260915.log,PASS,当前构建默认渲染状态已逐项取证；交互/有效/加载/失败/弹层/保存状态仍在页面验收矩阵中单独跟踪。,C01 / 生成按钮B01,PASS,C01;B01;BUILD_ID=9sMLb0KxOZx3vl8L7_ez-;route/theme/viewport
R16-light-390,R16,/profile,light,390,844,390x844,个人资料,evidence/user-pages-matrix/R16-profile-light-390x844.png,evidence/user-pages-matrix/R16-profile-light-390x844.json,evidence/after-full-e2e-live-finaldb-20260915.log,PASS,当前构建默认渲染状态已逐项取证；交互/有效/加载/失败/弹层/保存状态仍在页面验收矩阵中单独跟踪。,C01 / 生成按钮B01,PASS,C01;B01;BUILD_ID=9sMLb0KxOZx3vl8L7_ez-;route/theme/viewport
R16-light-430,R16,/profile,light,430,932,430x932,个人资料,evidence/user-pages-matrix/R16-profile-light-430x932.png,evidence/user-pages-matrix/R16-profile-light-430x932.json,evidence/after-full-e2e-live-finaldb-20260915.log,PASS,当前构建默认渲染状态已逐项取证；交互/有效/加载/失败/弹层/保存状态仍在页面验收矩阵中单独跟踪。,C01 / 生成按钮B01,PASS,C01;B01;BUILD_ID=9sMLb0KxOZx3vl8L7_ez-;route/theme/viewport
R16-dark-1672,R16,/profile,dark,1672,941,1672x941,个人资料,evidence/user-pages-matrix/R16-profile-dark-1672x941.png,evidence/user-pages-matrix/R16-profile-dark-1672x941.json,evidence/after-full-e2e-live-finaldb-20260915.log,PASS,当前构建默认渲染状态已逐项取证；交互/有效/加载/失败/弹层/保存状态仍在页面验收矩阵中单独跟踪。,C01 / 生成按钮B01,PASS,C01;B01;BUILD_ID=9sMLb0KxOZx3vl8L7_ez-;route/theme/viewport
R16-dark-1440,R16,/profile,dark,1440,900,1440x900,个人资料,evidence/user-pages-matrix/R16-profile-dark-1440x900.png,evidence/user-pages-matrix/R16-profile-dark-1440x900.json,evidence/after-full-e2e-live-finaldb-20260915.log,PASS,当前构建默认渲染状态已逐项取证；交互/有效/加载/失败/弹层/保存状态仍在页面验收矩阵中单独跟踪。,C01 / 生成按钮B01,PASS,C01;B01;BUILD_ID=9sMLb0KxOZx3vl8L7_ez-;route/theme/viewport
R16-dark-1366,R16,/profile,dark,1366,768,1366x768,个人资料,evidence/user-pages-matrix/R16-profile-dark-1366x768.png,evidence/user-pages-matrix/R16-profile-dark-1366x768.json,evidence/after-full-e2e-live-finaldb-20260915.log,PASS,当前构建默认渲染状态已逐项取证；交互/有效/加载/失败/弹层/保存状态仍在页面验收矩阵中单独跟踪。,C01 / 生成按钮B01,PASS,C01;B01;BUILD_ID=9sMLb0KxOZx3vl8L7_ez-;route/theme/viewport
R16-dark-1024,R16,/profile,dark,1024,768,1024x768,个人资料,evidence/user-pages-matrix/R16-profile-dark-1024x768.png,evidence/user-pages-matrix/R16-profile-dark-1024x768.json,evidence/after-full-e2e-live-finaldb-20260915.log,PASS,当前构建默认渲染状态已逐项取证；交互/有效/加载/失败/弹层/保存状态仍在页面验收矩阵中单独跟踪。,C01 / 生成按钮B01,PASS,C01;B01;BUILD_ID=9sMLb0KxOZx3vl8L7_ez-;route/theme/viewport
R16-dark-768,R16,/profile,dark,768,1024,768x1024,个人资料,evidence/user-pages-matrix/R16-profile-dark-768x1024.png,evidence/user-pages-matrix/R16-profile-dark-768x1024.json,evidence/after-full-e2e-live-finaldb-20260915.log,PASS,当前构建默认渲染状态已逐项取证；交互/有效/加载/失败/弹层/保存状态仍在页面验收矩阵中单独跟踪。,C01 / 生成按钮B01,PASS,C01;B01;BUILD_ID=9sMLb0KxOZx3vl8L7_ez-;route/theme/viewport
R16-dark-390,R16,/profile,dark,390,844,390x844,个人资料,evidence/user-pages-matrix/R16-profile-dark-390x844.png,evidence/user-pages-matrix/R16-profile-dark-390x844.json,evidence/after-full-e2e-live-finaldb-20260915.log,PASS,当前构建默认渲染状态已逐项取证；交互/有效/加载/失败/弹层/保存状态仍在页面验收矩阵中单独跟踪。,C01 / 生成按钮B01,PASS,C01;B01;BUILD_ID=9sMLb0KxOZx3vl8L7_ez-;route/theme/viewport
R16-dark-430,R16,/profile,dark,430,932,430x932,个人资料,evidence/user-pages-matrix/R16-profile-dark-430x932.png,evidence/user-pages-matrix/R16-profile-dark-430x932.json,evidence/after-full-e2e-live-finaldb-20260915.log,PASS,当前构建默认渲染状态已逐项取证；交互/有效/加载/失败/弹层/保存状态仍在页面验收矩阵中单独跟踪。,C01 / 生成按钮B01,PASS,C01;B01;BUILD_ID=9sMLb0KxOZx3vl8L7_ez-;route/theme/viewport
R17-light-1672,R17,/prompts,light,1672,941,1672x941,提示词库,evidence/user-pages-matrix/R17-prompts-light-1672x941.png,evidence/user-pages-matrix/R17-prompts-light-1672x941.json,evidence/after-full-e2e-live-finaldb-20260915.log,PASS,当前构建默认渲染状态已逐项取证；交互/有效/加载/失败/弹层/保存状态仍在页面验收矩阵中单独跟踪。,C01 / 生成按钮B01,PASS,C01;B01;BUILD_ID=9sMLb0KxOZx3vl8L7_ez-;route/theme/viewport
R17-light-1440,R17,/prompts,light,1440,900,1440x900,提示词库,evidence/user-pages-matrix/R17-prompts-light-1440x900.png,evidence/user-pages-matrix/R17-prompts-light-1440x900.json,evidence/after-full-e2e-live-finaldb-20260915.log,PASS,当前构建默认渲染状态已逐项取证；交互/有效/加载/失败/弹层/保存状态仍在页面验收矩阵中单独跟踪。,C01 / 生成按钮B01,PASS,C01;B01;BUILD_ID=9sMLb0KxOZx3vl8L7_ez-;route/theme/viewport
R17-light-1366,R17,/prompts,light,1366,768,1366x768,提示词库,evidence/user-pages-matrix/R17-prompts-light-1366x768.png,evidence/user-pages-matrix/R17-prompts-light-1366x768.json,evidence/after-full-e2e-live-finaldb-20260915.log,PASS,当前构建默认渲染状态已逐项取证；交互/有效/加载/失败/弹层/保存状态仍在页面验收矩阵中单独跟踪。,C01 / 生成按钮B01,PASS,C01;B01;BUILD_ID=9sMLb0KxOZx3vl8L7_ez-;route/theme/viewport
R17-light-1024,R17,/prompts,light,1024,768,1024x768,提示词库,evidence/user-pages-matrix/R17-prompts-light-1024x768.png,evidence/user-pages-matrix/R17-prompts-light-1024x768.json,evidence/after-full-e2e-live-finaldb-20260915.log,PASS,当前构建默认渲染状态已逐项取证；交互/有效/加载/失败/弹层/保存状态仍在页面验收矩阵中单独跟踪。,C01 / 生成按钮B01,PASS,C01;B01;BUILD_ID=9sMLb0KxOZx3vl8L7_ez-;route/theme/viewport
R17-light-768,R17,/prompts,light,768,1024,768x1024,提示词库,evidence/user-pages-matrix/R17-prompts-light-768x1024.png,evidence/user-pages-matrix/R17-prompts-light-768x1024.json,evidence/after-full-e2e-live-finaldb-20260915.log,PASS,当前构建默认渲染状态已逐项取证；交互/有效/加载/失败/弹层/保存状态仍在页面验收矩阵中单独跟踪。,C01 / 生成按钮B01,PASS,C01;B01;BUILD_ID=9sMLb0KxOZx3vl8L7_ez-;route/theme/viewport
R17-light-390,R17,/prompts,light,390,844,390x844,提示词库,evidence/user-pages-matrix/R17-prompts-light-390x844.png,evidence/user-pages-matrix/R17-prompts-light-390x844.json,evidence/after-full-e2e-live-finaldb-20260915.log,PASS,当前构建默认渲染状态已逐项取证；交互/有效/加载/失败/弹层/保存状态仍在页面验收矩阵中单独跟踪。,C01 / 生成按钮B01,PASS,C01;B01;BUILD_ID=9sMLb0KxOZx3vl8L7_ez-;route/theme/viewport
R17-light-430,R17,/prompts,light,430,932,430x932,提示词库,evidence/user-pages-matrix/R17-prompts-light-430x932.png,evidence/user-pages-matrix/R17-prompts-light-430x932.json,evidence/after-full-e2e-live-finaldb-20260915.log,PASS,当前构建默认渲染状态已逐项取证；交互/有效/加载/失败/弹层/保存状态仍在页面验收矩阵中单独跟踪。,C01 / 生成按钮B01,PASS,C01;B01;BUILD_ID=9sMLb0KxOZx3vl8L7_ez-;route/theme/viewport
R17-dark-1672,R17,/prompts,dark,1672,941,1672x941,提示词库,evidence/user-pages-matrix/R17-prompts-dark-1672x941.png,evidence/user-pages-matrix/R17-prompts-dark-1672x941.json,evidence/after-full-e2e-live-finaldb-20260915.log,PASS,当前构建默认渲染状态已逐项取证；交互/有效/加载/失败/弹层/保存状态仍在页面验收矩阵中单独跟踪。,C01 / 生成按钮B01,PASS,C01;B01;BUILD_ID=9sMLb0KxOZx3vl8L7_ez-;route/theme/viewport
R17-dark-1440,R17,/prompts,dark,1440,900,1440x900,提示词库,evidence/user-pages-matrix/R17-prompts-dark-1440x900.png,evidence/user-pages-matrix/R17-prompts-dark-1440x900.json,evidence/after-full-e2e-live-finaldb-20260915.log,PASS,当前构建默认渲染状态已逐项取证；交互/有效/加载/失败/弹层/保存状态仍在页面验收矩阵中单独跟踪。,C01 / 生成按钮B01,PASS,C01;B01;BUILD_ID=9sMLb0KxOZx3vl8L7_ez-;route/theme/viewport
R17-dark-1366,R17,/prompts,dark,1366,768,1366x768,提示词库,evidence/user-pages-matrix/R17-prompts-dark-1366x768.png,evidence/user-pages-matrix/R17-prompts-dark-1366x768.json,evidence/after-full-e2e-live-finaldb-20260915.log,PASS,当前构建默认渲染状态已逐项取证；交互/有效/加载/失败/弹层/保存状态仍在页面验收矩阵中单独跟踪。,C01 / 生成按钮B01,PASS,C01;B01;BUILD_ID=9sMLb0KxOZx3vl8L7_ez-;route/theme/viewport
R17-dark-1024,R17,/prompts,dark,1024,768,1024x768,提示词库,evidence/user-pages-matrix/R17-prompts-dark-1024x768.png,evidence/user-pages-matrix/R17-prompts-dark-1024x768.json,evidence/after-full-e2e-live-finaldb-20260915.log,PASS,当前构建默认渲染状态已逐项取证；交互/有效/加载/失败/弹层/保存状态仍在页面验收矩阵中单独跟踪。,C01 / 生成按钮B01,PASS,C01;B01;BUILD_ID=9sMLb0KxOZx3vl8L7_ez-;route/theme/viewport
R17-dark-768,R17,/prompts,dark,768,1024,768x1024,提示词库,evidence/user-pages-matrix/R17-prompts-dark-768x1024.png,evidence/user-pages-matrix/R17-prompts-dark-768x1024.json,evidence/after-full-e2e-live-finaldb-20260915.log,PASS,当前构建默认渲染状态已逐项取证；交互/有效/加载/失败/弹层/保存状态仍在页面验收矩阵中单独跟踪。,C01 / 生成按钮B01,PASS,C01;B01;BUILD_ID=9sMLb0KxOZx3vl8L7_ez-;route/theme/viewport
R17-dark-390,R17,/prompts,dark,390,844,390x844,提示词库,evidence/user-pages-matrix/R17-prompts-dark-390x844.png,evidence/user-pages-matrix/R17-prompts-dark-390x844.json,evidence/after-full-e2e-live-finaldb-20260915.log,PASS,当前构建默认渲染状态已逐项取证；交互/有效/加载/失败/弹层/保存状态仍在页面验收矩阵中单独跟踪。,C01 / 生成按钮B01,PASS,C01;B01;BUILD_ID=9sMLb0KxOZx3vl8L7_ez-;route/theme/viewport
R17-dark-430,R17,/prompts,dark,430,932,430x932,提示词库,evidence/user-pages-matrix/R17-prompts-dark-430x932.png,evidence/user-pages-matrix/R17-prompts-dark-430x932.json,evidence/after-full-e2e-live-finaldb-20260915.log,PASS,当前构建默认渲染状态已逐项取证；交互/有效/加载/失败/弹层/保存状态仍在页面验收矩阵中单独跟踪。,C01 / 生成按钮B01,PASS,C01;B01;BUILD_ID=9sMLb0KxOZx3vl8L7_ez-;route/theme/viewport
R18-light-1672,R18,/video,light,1672,941,1672x941,视频入口重定向,evidence/user-pages-matrix/R18-video-light-1672x941.png,evidence/user-pages-matrix/R18-video-light-1672x941.json,evidence/after-full-e2e-live-finaldb-20260915.log,PASS,当前构建默认渲染状态已逐项取证；交互/有效/加载/失败/弹层/保存状态仍在页面验收矩阵中单独跟踪。,C01 / 生成按钮B01,PASS,C01;B01;BUILD_ID=9sMLb0KxOZx3vl8L7_ez-;route/theme/viewport
R18-light-1440,R18,/video,light,1440,900,1440x900,视频入口重定向,evidence/user-pages-matrix/R18-video-light-1440x900.png,evidence/user-pages-matrix/R18-video-light-1440x900.json,evidence/after-full-e2e-live-finaldb-20260915.log,PASS,当前构建默认渲染状态已逐项取证；交互/有效/加载/失败/弹层/保存状态仍在页面验收矩阵中单独跟踪。,C01 / 生成按钮B01,PASS,C01;B01;BUILD_ID=9sMLb0KxOZx3vl8L7_ez-;route/theme/viewport
R18-light-1366,R18,/video,light,1366,768,1366x768,视频入口重定向,evidence/user-pages-matrix/R18-video-light-1366x768.png,evidence/user-pages-matrix/R18-video-light-1366x768.json,evidence/after-full-e2e-live-finaldb-20260915.log,PASS,当前构建默认渲染状态已逐项取证；交互/有效/加载/失败/弹层/保存状态仍在页面验收矩阵中单独跟踪。,C01 / 生成按钮B01,PASS,C01;B01;BUILD_ID=9sMLb0KxOZx3vl8L7_ez-;route/theme/viewport
R18-light-1024,R18,/video,light,1024,768,1024x768,视频入口重定向,evidence/user-pages-matrix/R18-video-light-1024x768.png,evidence/user-pages-matrix/R18-video-light-1024x768.json,evidence/after-full-e2e-live-finaldb-20260915.log,PASS,当前构建默认渲染状态已逐项取证；交互/有效/加载/失败/弹层/保存状态仍在页面验收矩阵中单独跟踪。,C01 / 生成按钮B01,PASS,C01;B01;BUILD_ID=9sMLb0KxOZx3vl8L7_ez-;route/theme/viewport
R18-light-768,R18,/video,light,768,1024,768x1024,视频入口重定向,evidence/user-pages-matrix/R18-video-light-768x1024.png,evidence/user-pages-matrix/R18-video-light-768x1024.json,evidence/after-full-e2e-live-finaldb-20260915.log,PASS,当前构建默认渲染状态已逐项取证；交互/有效/加载/失败/弹层/保存状态仍在页面验收矩阵中单独跟踪。,C01 / 生成按钮B01,PASS,C01;B01;BUILD_ID=9sMLb0KxOZx3vl8L7_ez-;route/theme/viewport
R18-light-390,R18,/video,light,390,844,390x844,视频入口重定向,evidence/user-pages-matrix/R18-video-light-390x844.png,evidence/user-pages-matrix/R18-video-light-390x844.json,evidence/after-full-e2e-live-finaldb-20260915.log,PASS,当前构建默认渲染状态已逐项取证；交互/有效/加载/失败/弹层/保存状态仍在页面验收矩阵中单独跟踪。,C01 / 生成按钮B01,PASS,C01;B01;BUILD_ID=9sMLb0KxOZx3vl8L7_ez-;route/theme/viewport
R18-light-430,R18,/video,light,430,932,430x932,视频入口重定向,evidence/user-pages-matrix/R18-video-light-430x932.png,evidence/user-pages-matrix/R18-video-light-430x932.json,evidence/after-full-e2e-live-finaldb-20260915.log,PASS,当前构建默认渲染状态已逐项取证；交互/有效/加载/失败/弹层/保存状态仍在页面验收矩阵中单独跟踪。,C01 / 生成按钮B01,PASS,C01;B01;BUILD_ID=9sMLb0KxOZx3vl8L7_ez-;route/theme/viewport
R18-dark-1672,R18,/video,dark,1672,941,1672x941,视频入口重定向,evidence/user-pages-matrix/R18-video-dark-1672x941.png,evidence/user-pages-matrix/R18-video-dark-1672x941.json,evidence/after-full-e2e-live-finaldb-20260915.log,PASS,当前构建默认渲染状态已逐项取证；交互/有效/加载/失败/弹层/保存状态仍在页面验收矩阵中单独跟踪。,C01 / 生成按钮B01,PASS,C01;B01;BUILD_ID=9sMLb0KxOZx3vl8L7_ez-;route/theme/viewport
R18-dark-1440,R18,/video,dark,1440,900,1440x900,视频入口重定向,evidence/user-pages-matrix/R18-video-dark-1440x900.png,evidence/user-pages-matrix/R18-video-dark-1440x900.json,evidence/after-full-e2e-live-finaldb-20260915.log,PASS,当前构建默认渲染状态已逐项取证；交互/有效/加载/失败/弹层/保存状态仍在页面验收矩阵中单独跟踪。,C01 / 生成按钮B01,PASS,C01;B01;BUILD_ID=9sMLb0KxOZx3vl8L7_ez-;route/theme/viewport
R18-dark-1366,R18,/video,dark,1366,768,1366x768,视频入口重定向,evidence/user-pages-matrix/R18-video-dark-1366x768.png,evidence/user-pages-matrix/R18-video-dark-1366x768.json,evidence/after-full-e2e-live-finaldb-20260915.log,PASS,当前构建默认渲染状态已逐项取证；交互/有效/加载/失败/弹层/保存状态仍在页面验收矩阵中单独跟踪。,C01 / 生成按钮B01,PASS,C01;B01;BUILD_ID=9sMLb0KxOZx3vl8L7_ez-;route/theme/viewport
R18-dark-1024,R18,/video,dark,1024,768,1024x768,视频入口重定向,evidence/user-pages-matrix/R18-video-dark-1024x768.png,evidence/user-pages-matrix/R18-video-dark-1024x768.json,evidence/after-full-e2e-live-finaldb-20260915.log,PASS,当前构建默认渲染状态已逐项取证；交互/有效/加载/失败/弹层/保存状态仍在页面验收矩阵中单独跟踪。,C01 / 生成按钮B01,PASS,C01;B01;BUILD_ID=9sMLb0KxOZx3vl8L7_ez-;route/theme/viewport
R18-dark-768,R18,/video,dark,768,1024,768x1024,视频入口重定向,evidence/user-pages-matrix/R18-video-dark-768x1024.png,evidence/user-pages-matrix/R18-video-dark-768x1024.json,evidence/after-full-e2e-live-finaldb-20260915.log,PASS,当前构建默认渲染状态已逐项取证；交互/有效/加载/失败/弹层/保存状态仍在页面验收矩阵中单独跟踪。,C01 / 生成按钮B01,PASS,C01;B01;BUILD_ID=9sMLb0KxOZx3vl8L7_ez-;route/theme/viewport
R18-dark-390,R18,/video,dark,390,844,390x844,视频入口重定向,evidence/user-pages-matrix/R18-video-dark-390x844.png,evidence/user-pages-matrix/R18-video-dark-390x844.json,evidence/after-full-e2e-live-finaldb-20260915.log,PASS,当前构建默认渲染状态已逐项取证；交互/有效/加载/失败/弹层/保存状态仍在页面验收矩阵中单独跟踪。,C01 / 生成按钮B01,PASS,C01;B01;BUILD_ID=9sMLb0KxOZx3vl8L7_ez-;route/theme/viewport
R18-dark-430,R18,/video,dark,430,932,430x932,视频入口重定向,evidence/user-pages-matrix/R18-video-dark-430x932.png,evidence/user-pages-matrix/R18-video-dark-430x932.json,evidence/after-full-e2e-live-finaldb-20260915.log,PASS,当前构建默认渲染状态已逐项取证；交互/有效/加载/失败/弹层/保存状态仍在页面验收矩阵中单独跟踪。,C01 / 生成按钮B01,PASS,C01;B01;BUILD_ID=9sMLb0KxOZx3vl8L7_ez-;route/theme/viewport
R19-light-1672,R19,/works,light,1672,941,1672x941,作品管理,evidence/user-pages-matrix/R19-works-light-1672x941.png,evidence/user-pages-matrix/R19-works-light-1672x941.json,evidence/after-full-e2e-live-finaldb-20260915.log,PASS,当前构建默认渲染状态已逐项取证；交互/有效/加载/失败/弹层/保存状态仍在页面验收矩阵中单独跟踪。,C01 / 生成按钮B01,PASS,C01;B01;BUILD_ID=9sMLb0KxOZx3vl8L7_ez-;route/theme/viewport
R19-light-1440,R19,/works,light,1440,900,1440x900,作品管理,evidence/user-pages-matrix/R19-works-light-1440x900.png,evidence/user-pages-matrix/R19-works-light-1440x900.json,evidence/after-full-e2e-live-finaldb-20260915.log,PASS,当前构建默认渲染状态已逐项取证；交互/有效/加载/失败/弹层/保存状态仍在页面验收矩阵中单独跟踪。,C01 / 生成按钮B01,PASS,C01;B01;BUILD_ID=9sMLb0KxOZx3vl8L7_ez-;route/theme/viewport
R19-light-1366,R19,/works,light,1366,768,1366x768,作品管理,evidence/user-pages-matrix/R19-works-light-1366x768.png,evidence/user-pages-matrix/R19-works-light-1366x768.json,evidence/after-full-e2e-live-finaldb-20260915.log,PASS,当前构建默认渲染状态已逐项取证；交互/有效/加载/失败/弹层/保存状态仍在页面验收矩阵中单独跟踪。,C01 / 生成按钮B01,PASS,C01;B01;BUILD_ID=9sMLb0KxOZx3vl8L7_ez-;route/theme/viewport
R19-light-1024,R19,/works,light,1024,768,1024x768,作品管理,evidence/user-pages-matrix/R19-works-light-1024x768.png,evidence/user-pages-matrix/R19-works-light-1024x768.json,evidence/after-full-e2e-live-finaldb-20260915.log,PASS,当前构建默认渲染状态已逐项取证；交互/有效/加载/失败/弹层/保存状态仍在页面验收矩阵中单独跟踪。,C01 / 生成按钮B01,PASS,C01;B01;BUILD_ID=9sMLb0KxOZx3vl8L7_ez-;route/theme/viewport
R19-light-768,R19,/works,light,768,1024,768x1024,作品管理,evidence/user-pages-matrix/R19-works-light-768x1024.png,evidence/user-pages-matrix/R19-works-light-768x1024.json,evidence/after-full-e2e-live-finaldb-20260915.log,PASS,当前构建默认渲染状态已逐项取证；交互/有效/加载/失败/弹层/保存状态仍在页面验收矩阵中单独跟踪。,C01 / 生成按钮B01,PASS,C01;B01;BUILD_ID=9sMLb0KxOZx3vl8L7_ez-;route/theme/viewport
R19-light-390,R19,/works,light,390,844,390x844,作品管理,evidence/user-pages-matrix/R19-works-light-390x844.png,evidence/user-pages-matrix/R19-works-light-390x844.json,evidence/after-full-e2e-live-finaldb-20260915.log,PASS,当前构建默认渲染状态已逐项取证；交互/有效/加载/失败/弹层/保存状态仍在页面验收矩阵中单独跟踪。,C01 / 生成按钮B01,PASS,C01;B01;BUILD_ID=9sMLb0KxOZx3vl8L7_ez-;route/theme/viewport
R19-light-430,R19,/works,light,430,932,430x932,作品管理,evidence/user-pages-matrix/R19-works-light-430x932.png,evidence/user-pages-matrix/R19-works-light-430x932.json,evidence/after-full-e2e-live-finaldb-20260915.log,PASS,当前构建默认渲染状态已逐项取证；交互/有效/加载/失败/弹层/保存状态仍在页面验收矩阵中单独跟踪。,C01 / 生成按钮B01,PASS,C01;B01;BUILD_ID=9sMLb0KxOZx3vl8L7_ez-;route/theme/viewport
R19-dark-1672,R19,/works,dark,1672,941,1672x941,作品管理,evidence/user-pages-matrix/R19-works-dark-1672x941.png,evidence/user-pages-matrix/R19-works-dark-1672x941.json,evidence/after-full-e2e-live-finaldb-20260915.log,PASS,当前构建默认渲染状态已逐项取证；交互/有效/加载/失败/弹层/保存状态仍在页面验收矩阵中单独跟踪。,C01 / 生成按钮B01,PASS,C01;B01;BUILD_ID=9sMLb0KxOZx3vl8L7_ez-;route/theme/viewport
R19-dark-1440,R19,/works,dark,1440,900,1440x900,作品管理,evidence/user-pages-matrix/R19-works-dark-1440x900.png,evidence/user-pages-matrix/R19-works-dark-1440x900.json,evidence/after-full-e2e-live-finaldb-20260915.log,PASS,当前构建默认渲染状态已逐项取证；交互/有效/加载/失败/弹层/保存状态仍在页面验收矩阵中单独跟踪。,C01 / 生成按钮B01,PASS,C01;B01;BUILD_ID=9sMLb0KxOZx3vl8L7_ez-;route/theme/viewport
R19-dark-1366,R19,/works,dark,1366,768,1366x768,作品管理,evidence/user-pages-matrix/R19-works-dark-1366x768.png,evidence/user-pages-matrix/R19-works-dark-1366x768.json,evidence/after-full-e2e-live-finaldb-20260915.log,PASS,当前构建默认渲染状态已逐项取证；交互/有效/加载/失败/弹层/保存状态仍在页面验收矩阵中单独跟踪。,C01 / 生成按钮B01,PASS,C01;B01;BUILD_ID=9sMLb0KxOZx3vl8L7_ez-;route/theme/viewport
R19-dark-1024,R19,/works,dark,1024,768,1024x768,作品管理,evidence/user-pages-matrix/R19-works-dark-1024x768.png,evidence/user-pages-matrix/R19-works-dark-1024x768.json,evidence/after-full-e2e-live-finaldb-20260915.log,PASS,当前构建默认渲染状态已逐项取证；交互/有效/加载/失败/弹层/保存状态仍在页面验收矩阵中单独跟踪。,C01 / 生成按钮B01,PASS,C01;B01;BUILD_ID=9sMLb0KxOZx3vl8L7_ez-;route/theme/viewport
R19-dark-768,R19,/works,dark,768,1024,768x1024,作品管理,evidence/user-pages-matrix/R19-works-dark-768x1024.png,evidence/user-pages-matrix/R19-works-dark-768x1024.json,evidence/after-full-e2e-live-finaldb-20260915.log,PASS,当前构建默认渲染状态已逐项取证；交互/有效/加载/失败/弹层/保存状态仍在页面验收矩阵中单独跟踪。,C01 / 生成按钮B01,PASS,C01;B01;BUILD_ID=9sMLb0KxOZx3vl8L7_ez-;route/theme/viewport
R19-dark-390,R19,/works,dark,390,844,390x844,作品管理,evidence/user-pages-matrix/R19-works-dark-390x844.png,evidence/user-pages-matrix/R19-works-dark-390x844.json,evidence/after-full-e2e-live-finaldb-20260915.log,PASS,当前构建默认渲染状态已逐项取证；交互/有效/加载/失败/弹层/保存状态仍在页面验收矩阵中单独跟踪。,C01 / 生成按钮B01,PASS,C01;B01;BUILD_ID=9sMLb0KxOZx3vl8L7_ez-;route/theme/viewport
R19-dark-430,R19,/works,dark,430,932,430x932,作品管理,evidence/user-pages-matrix/R19-works-dark-430x932.png,evidence/user-pages-matrix/R19-works-dark-430x932.json,evidence/after-full-e2e-live-finaldb-20260915.log,PASS,当前构建默认渲染状态已逐项取证；交互/有效/加载/失败/弹层/保存状态仍在页面验收矩阵中单独跟踪。,C01 / 生成按钮B01,PASS,C01;B01;BUILD_ID=9sMLb0KxOZx3vl8L7_ez-;route/theme/viewport
R20-light-1672,R20,/admin/billing,light,1672,941,1672x941,后台财务入口,evidence/admin-entry-matrix/R20-admin-billing-light-1672x941.png,evidence/admin-entry-matrix/R20-admin-billing-light-1672x941.json,evidence/after-full-e2e-live-finaldb-20260915.log,PASS,当前构建默认渲染状态已逐项取证；交互/有效/加载/失败/弹层/保存状态仍在页面验收矩阵中单独跟踪。,C01 / 生成按钮B01,PASS,C01;B01;BUILD_ID=9sMLb0KxOZx3vl8L7_ez-;route/theme/viewport
R20-light-1440,R20,/admin/billing,light,1440,900,1440x900,后台财务入口,evidence/admin-entry-matrix/R20-admin-billing-light-1440x900.png,evidence/admin-entry-matrix/R20-admin-billing-light-1440x900.json,evidence/after-full-e2e-live-finaldb-20260915.log,PASS,当前构建默认渲染状态已逐项取证；交互/有效/加载/失败/弹层/保存状态仍在页面验收矩阵中单独跟踪。,C01 / 生成按钮B01,PASS,C01;B01;BUILD_ID=9sMLb0KxOZx3vl8L7_ez-;route/theme/viewport
R20-light-1366,R20,/admin/billing,light,1366,768,1366x768,后台财务入口,evidence/admin-entry-matrix/R20-admin-billing-light-1366x768.png,evidence/admin-entry-matrix/R20-admin-billing-light-1366x768.json,evidence/after-full-e2e-live-finaldb-20260915.log,PASS,当前构建默认渲染状态已逐项取证；交互/有效/加载/失败/弹层/保存状态仍在页面验收矩阵中单独跟踪。,C01 / 生成按钮B01,PASS,C01;B01;BUILD_ID=9sMLb0KxOZx3vl8L7_ez-;route/theme/viewport
R20-light-1024,R20,/admin/billing,light,1024,768,1024x768,后台财务入口,evidence/admin-entry-matrix/R20-admin-billing-light-1024x768.png,evidence/admin-entry-matrix/R20-admin-billing-light-1024x768.json,evidence/after-full-e2e-live-finaldb-20260915.log,PASS,当前构建默认渲染状态已逐项取证；交互/有效/加载/失败/弹层/保存状态仍在页面验收矩阵中单独跟踪。,C01 / 生成按钮B01,PASS,C01;B01;BUILD_ID=9sMLb0KxOZx3vl8L7_ez-;route/theme/viewport
R20-light-768,R20,/admin/billing,light,768,1024,768x1024,后台财务入口,evidence/admin-entry-matrix/R20-admin-billing-light-768x1024.png,evidence/admin-entry-matrix/R20-admin-billing-light-768x1024.json,evidence/after-full-e2e-live-finaldb-20260915.log,PASS,当前构建默认渲染状态已逐项取证；交互/有效/加载/失败/弹层/保存状态仍在页面验收矩阵中单独跟踪。,C01 / 生成按钮B01,PASS,C01;B01;BUILD_ID=9sMLb0KxOZx3vl8L7_ez-;route/theme/viewport
R20-light-390,R20,/admin/billing,light,390,844,390x844,后台财务入口,evidence/admin-entry-matrix/R20-admin-billing-light-390x844.png,evidence/admin-entry-matrix/R20-admin-billing-light-390x844.json,evidence/after-full-e2e-live-finaldb-20260915.log,PASS,当前构建默认渲染状态已逐项取证；交互/有效/加载/失败/弹层/保存状态仍在页面验收矩阵中单独跟踪。,C01 / 生成按钮B01,PASS,C01;B01;BUILD_ID=9sMLb0KxOZx3vl8L7_ez-;route/theme/viewport
R20-light-430,R20,/admin/billing,light,430,932,430x932,后台财务入口,evidence/admin-entry-matrix/R20-admin-billing-light-430x932.png,evidence/admin-entry-matrix/R20-admin-billing-light-430x932.json,evidence/after-full-e2e-live-finaldb-20260915.log,PASS,当前构建默认渲染状态已逐项取证；交互/有效/加载/失败/弹层/保存状态仍在页面验收矩阵中单独跟踪。,C01 / 生成按钮B01,PASS,C01;B01;BUILD_ID=9sMLb0KxOZx3vl8L7_ez-;route/theme/viewport
R20-dark-1672,R20,/admin/billing,dark,1672,941,1672x941,后台财务入口,evidence/admin-entry-matrix/R20-admin-billing-dark-1672x941.png,evidence/admin-entry-matrix/R20-admin-billing-dark-1672x941.json,evidence/after-full-e2e-live-finaldb-20260915.log,PASS,当前构建默认渲染状态已逐项取证；交互/有效/加载/失败/弹层/保存状态仍在页面验收矩阵中单独跟踪。,C01 / 生成按钮B01,PASS,C01;B01;BUILD_ID=9sMLb0KxOZx3vl8L7_ez-;route/theme/viewport
R20-dark-1440,R20,/admin/billing,dark,1440,900,1440x900,后台财务入口,evidence/admin-entry-matrix/R20-admin-billing-dark-1440x900.png,evidence/admin-entry-matrix/R20-admin-billing-dark-1440x900.json,evidence/after-full-e2e-live-finaldb-20260915.log,PASS,当前构建默认渲染状态已逐项取证；交互/有效/加载/失败/弹层/保存状态仍在页面验收矩阵中单独跟踪。,C01 / 生成按钮B01,PASS,C01;B01;BUILD_ID=9sMLb0KxOZx3vl8L7_ez-;route/theme/viewport
R20-dark-1366,R20,/admin/billing,dark,1366,768,1366x768,后台财务入口,evidence/admin-entry-matrix/R20-admin-billing-dark-1366x768.png,evidence/admin-entry-matrix/R20-admin-billing-dark-1366x768.json,evidence/after-full-e2e-live-finaldb-20260915.log,PASS,当前构建默认渲染状态已逐项取证；交互/有效/加载/失败/弹层/保存状态仍在页面验收矩阵中单独跟踪。,C01 / 生成按钮B01,PASS,C01;B01;BUILD_ID=9sMLb0KxOZx3vl8L7_ez-;route/theme/viewport
R20-dark-1024,R20,/admin/billing,dark,1024,768,1024x768,后台财务入口,evidence/admin-entry-matrix/R20-admin-billing-dark-1024x768.png,evidence/admin-entry-matrix/R20-admin-billing-dark-1024x768.json,evidence/after-full-e2e-live-finaldb-20260915.log,PASS,当前构建默认渲染状态已逐项取证；交互/有效/加载/失败/弹层/保存状态仍在页面验收矩阵中单独跟踪。,C01 / 生成按钮B01,PASS,C01;B01;BUILD_ID=9sMLb0KxOZx3vl8L7_ez-;route/theme/viewport
R20-dark-768,R20,/admin/billing,dark,768,1024,768x1024,后台财务入口,evidence/admin-entry-matrix/R20-admin-billing-dark-768x1024.png,evidence/admin-entry-matrix/R20-admin-billing-dark-768x1024.json,evidence/after-full-e2e-live-finaldb-20260915.log,PASS,当前构建默认渲染状态已逐项取证；交互/有效/加载/失败/弹层/保存状态仍在页面验收矩阵中单独跟踪。,C01 / 生成按钮B01,PASS,C01;B01;BUILD_ID=9sMLb0KxOZx3vl8L7_ez-;route/theme/viewport
R20-dark-390,R20,/admin/billing,dark,390,844,390x844,后台财务入口,evidence/admin-entry-matrix/R20-admin-billing-dark-390x844.png,evidence/admin-entry-matrix/R20-admin-billing-dark-390x844.json,evidence/after-full-e2e-live-finaldb-20260915.log,PASS,当前构建默认渲染状态已逐项取证；交互/有效/加载/失败/弹层/保存状态仍在页面验收矩阵中单独跟踪。,C01 / 生成按钮B01,PASS,C01;B01;BUILD_ID=9sMLb0KxOZx3vl8L7_ez-;route/theme/viewport
R20-dark-430,R20,/admin/billing,dark,430,932,430x932,后台财务入口,evidence/admin-entry-matrix/R20-admin-billing-dark-430x932.png,evidence/admin-entry-matrix/R20-admin-billing-dark-430x932.json,evidence/after-full-e2e-live-finaldb-20260915.log,PASS,当前构建默认渲染状态已逐项取证；交互/有效/加载/失败/弹层/保存状态仍在页面验收矩阵中单独跟踪。,C01 / 生成按钮B01,PASS,C01;B01;BUILD_ID=9sMLb0KxOZx3vl8L7_ez-;route/theme/viewport
R21-light-1672,R21,/admin/generation-operations,light,1672,941,1672x941,后台生成运维入口,evidence/admin-entry-matrix/R21-admin-generation-operations-light-1672x941.png,evidence/admin-entry-matrix/R21-admin-generation-operations-light-1672x941.json,evidence/after-full-e2e-live-finaldb-20260915.log,PASS,当前构建默认渲染状态已逐项取证；交互/有效/加载/失败/弹层/保存状态仍在页面验收矩阵中单独跟踪。,C01 / 生成按钮B01,PASS,C01;B01;BUILD_ID=9sMLb0KxOZx3vl8L7_ez-;route/theme/viewport
R21-light-1440,R21,/admin/generation-operations,light,1440,900,1440x900,后台生成运维入口,evidence/admin-entry-matrix/R21-admin-generation-operations-light-1440x900.png,evidence/admin-entry-matrix/R21-admin-generation-operations-light-1440x900.json,evidence/after-full-e2e-live-finaldb-20260915.log,PASS,当前构建默认渲染状态已逐项取证；交互/有效/加载/失败/弹层/保存状态仍在页面验收矩阵中单独跟踪。,C01 / 生成按钮B01,PASS,C01;B01;BUILD_ID=9sMLb0KxOZx3vl8L7_ez-;route/theme/viewport
R21-light-1366,R21,/admin/generation-operations,light,1366,768,1366x768,后台生成运维入口,evidence/admin-entry-matrix/R21-admin-generation-operations-light-1366x768.png,evidence/admin-entry-matrix/R21-admin-generation-operations-light-1366x768.json,evidence/after-full-e2e-live-finaldb-20260915.log,PASS,当前构建默认渲染状态已逐项取证；交互/有效/加载/失败/弹层/保存状态仍在页面验收矩阵中单独跟踪。,C01 / 生成按钮B01,PASS,C01;B01;BUILD_ID=9sMLb0KxOZx3vl8L7_ez-;route/theme/viewport
R21-light-1024,R21,/admin/generation-operations,light,1024,768,1024x768,后台生成运维入口,evidence/admin-entry-matrix/R21-admin-generation-operations-light-1024x768.png,evidence/admin-entry-matrix/R21-admin-generation-operations-light-1024x768.json,evidence/after-full-e2e-live-finaldb-20260915.log,PASS,当前构建默认渲染状态已逐项取证；交互/有效/加载/失败/弹层/保存状态仍在页面验收矩阵中单独跟踪。,C01 / 生成按钮B01,PASS,C01;B01;BUILD_ID=9sMLb0KxOZx3vl8L7_ez-;route/theme/viewport
R21-light-768,R21,/admin/generation-operations,light,768,1024,768x1024,后台生成运维入口,evidence/admin-entry-matrix/R21-admin-generation-operations-light-768x1024.png,evidence/admin-entry-matrix/R21-admin-generation-operations-light-768x1024.json,evidence/after-full-e2e-live-finaldb-20260915.log,PASS,当前构建默认渲染状态已逐项取证；交互/有效/加载/失败/弹层/保存状态仍在页面验收矩阵中单独跟踪。,C01 / 生成按钮B01,PASS,C01;B01;BUILD_ID=9sMLb0KxOZx3vl8L7_ez-;route/theme/viewport
R21-light-390,R21,/admin/generation-operations,light,390,844,390x844,后台生成运维入口,evidence/admin-entry-matrix/R21-admin-generation-operations-light-390x844.png,evidence/admin-entry-matrix/R21-admin-generation-operations-light-390x844.json,evidence/after-full-e2e-live-finaldb-20260915.log,PASS,当前构建默认渲染状态已逐项取证；交互/有效/加载/失败/弹层/保存状态仍在页面验收矩阵中单独跟踪。,C01 / 生成按钮B01,PASS,C01;B01;BUILD_ID=9sMLb0KxOZx3vl8L7_ez-;route/theme/viewport
R21-light-430,R21,/admin/generation-operations,light,430,932,430x932,后台生成运维入口,evidence/admin-entry-matrix/R21-admin-generation-operations-light-430x932.png,evidence/admin-entry-matrix/R21-admin-generation-operations-light-430x932.json,evidence/after-full-e2e-live-finaldb-20260915.log,PASS,当前构建默认渲染状态已逐项取证；交互/有效/加载/失败/弹层/保存状态仍在页面验收矩阵中单独跟踪。,C01 / 生成按钮B01,PASS,C01;B01;BUILD_ID=9sMLb0KxOZx3vl8L7_ez-;route/theme/viewport
R21-dark-1672,R21,/admin/generation-operations,dark,1672,941,1672x941,后台生成运维入口,evidence/admin-entry-matrix/R21-admin-generation-operations-dark-1672x941.png,evidence/admin-entry-matrix/R21-admin-generation-operations-dark-1672x941.json,evidence/after-full-e2e-live-finaldb-20260915.log,PASS,当前构建默认渲染状态已逐项取证；交互/有效/加载/失败/弹层/保存状态仍在页面验收矩阵中单独跟踪。,C01 / 生成按钮B01,PASS,C01;B01;BUILD_ID=9sMLb0KxOZx3vl8L7_ez-;route/theme/viewport
R21-dark-1440,R21,/admin/generation-operations,dark,1440,900,1440x900,后台生成运维入口,evidence/admin-entry-matrix/R21-admin-generation-operations-dark-1440x900.png,evidence/admin-entry-matrix/R21-admin-generation-operations-dark-1440x900.json,evidence/after-full-e2e-live-finaldb-20260915.log,PASS,当前构建默认渲染状态已逐项取证；交互/有效/加载/失败/弹层/保存状态仍在页面验收矩阵中单独跟踪。,C01 / 生成按钮B01,PASS,C01;B01;BUILD_ID=9sMLb0KxOZx3vl8L7_ez-;route/theme/viewport
R21-dark-1366,R21,/admin/generation-operations,dark,1366,768,1366x768,后台生成运维入口,evidence/admin-entry-matrix/R21-admin-generation-operations-dark-1366x768.png,evidence/admin-entry-matrix/R21-admin-generation-operations-dark-1366x768.json,evidence/after-full-e2e-live-finaldb-20260915.log,PASS,当前构建默认渲染状态已逐项取证；交互/有效/加载/失败/弹层/保存状态仍在页面验收矩阵中单独跟踪。,C01 / 生成按钮B01,PASS,C01;B01;BUILD_ID=9sMLb0KxOZx3vl8L7_ez-;route/theme/viewport
R21-dark-1024,R21,/admin/generation-operations,dark,1024,768,1024x768,后台生成运维入口,evidence/admin-entry-matrix/R21-admin-generation-operations-dark-1024x768.png,evidence/admin-entry-matrix/R21-admin-generation-operations-dark-1024x768.json,evidence/after-full-e2e-live-finaldb-20260915.log,PASS,当前构建默认渲染状态已逐项取证；交互/有效/加载/失败/弹层/保存状态仍在页面验收矩阵中单独跟踪。,C01 / 生成按钮B01,PASS,C01;B01;BUILD_ID=9sMLb0KxOZx3vl8L7_ez-;route/theme/viewport
R21-dark-768,R21,/admin/generation-operations,dark,768,1024,768x1024,后台生成运维入口,evidence/admin-entry-matrix/R21-admin-generation-operations-dark-768x1024.png,evidence/admin-entry-matrix/R21-admin-generation-operations-dark-768x1024.json,evidence/after-full-e2e-live-finaldb-20260915.log,PASS,当前构建默认渲染状态已逐项取证；交互/有效/加载/失败/弹层/保存状态仍在页面验收矩阵中单独跟踪。,C01 / 生成按钮B01,PASS,C01;B01;BUILD_ID=9sMLb0KxOZx3vl8L7_ez-;route/theme/viewport
R21-dark-390,R21,/admin/generation-operations,dark,390,844,390x844,后台生成运维入口,evidence/admin-entry-matrix/R21-admin-generation-operations-dark-390x844.png,evidence/admin-entry-matrix/R21-admin-generation-operations-dark-390x844.json,evidence/after-full-e2e-live-finaldb-20260915.log,PASS,当前构建默认渲染状态已逐项取证；交互/有效/加载/失败/弹层/保存状态仍在页面验收矩阵中单独跟踪。,C01 / 生成按钮B01,PASS,C01;B01;BUILD_ID=9sMLb0KxOZx3vl8L7_ez-;route/theme/viewport
R21-dark-430,R21,/admin/generation-operations,dark,430,932,430x932,后台生成运维入口,evidence/admin-entry-matrix/R21-admin-generation-operations-dark-430x932.png,evidence/admin-entry-matrix/R21-admin-generation-operations-dark-430x932.json,evidence/after-full-e2e-live-finaldb-20260915.log,PASS,当前构建默认渲染状态已逐项取证；交互/有效/加载/失败/弹层/保存状态仍在页面验收矩阵中单独跟踪。,C01 / 生成按钮B01,PASS,C01;B01;BUILD_ID=9sMLb0KxOZx3vl8L7_ez-;route/theme/viewport
R22-light-1672,R22,/admin,light,1672,941,1672x941,后台总览入口,evidence/admin-entry-matrix/R22-admin-light-1672x941.png,evidence/admin-entry-matrix/R22-admin-light-1672x941.json,evidence/after-full-e2e-live-finaldb-20260915.log,PASS,当前构建默认渲染状态已逐项取证；交互/有效/加载/失败/弹层/保存状态仍在页面验收矩阵中单独跟踪。,C01 / 生成按钮B01,PASS,C01;B01;BUILD_ID=9sMLb0KxOZx3vl8L7_ez-;route/theme/viewport
R22-light-1440,R22,/admin,light,1440,900,1440x900,后台总览入口,evidence/admin-entry-matrix/R22-admin-light-1440x900.png,evidence/admin-entry-matrix/R22-admin-light-1440x900.json,evidence/after-full-e2e-live-finaldb-20260915.log,PASS,当前构建默认渲染状态已逐项取证；交互/有效/加载/失败/弹层/保存状态仍在页面验收矩阵中单独跟踪。,C01 / 生成按钮B01,PASS,C01;B01;BUILD_ID=9sMLb0KxOZx3vl8L7_ez-;route/theme/viewport
R22-light-1366,R22,/admin,light,1366,768,1366x768,后台总览入口,evidence/admin-entry-matrix/R22-admin-light-1366x768.png,evidence/admin-entry-matrix/R22-admin-light-1366x768.json,evidence/after-full-e2e-live-finaldb-20260915.log,PASS,当前构建默认渲染状态已逐项取证；交互/有效/加载/失败/弹层/保存状态仍在页面验收矩阵中单独跟踪。,C01 / 生成按钮B01,PASS,C01;B01;BUILD_ID=9sMLb0KxOZx3vl8L7_ez-;route/theme/viewport
R22-light-1024,R22,/admin,light,1024,768,1024x768,后台总览入口,evidence/admin-entry-matrix/R22-admin-light-1024x768.png,evidence/admin-entry-matrix/R22-admin-light-1024x768.json,evidence/after-full-e2e-live-finaldb-20260915.log,PASS,当前构建默认渲染状态已逐项取证；交互/有效/加载/失败/弹层/保存状态仍在页面验收矩阵中单独跟踪。,C01 / 生成按钮B01,PASS,C01;B01;BUILD_ID=9sMLb0KxOZx3vl8L7_ez-;route/theme/viewport
R22-light-768,R22,/admin,light,768,1024,768x1024,后台总览入口,evidence/admin-entry-matrix/R22-admin-light-768x1024.png,evidence/admin-entry-matrix/R22-admin-light-768x1024.json,evidence/after-full-e2e-live-finaldb-20260915.log,PASS,当前构建默认渲染状态已逐项取证；交互/有效/加载/失败/弹层/保存状态仍在页面验收矩阵中单独跟踪。,C01 / 生成按钮B01,PASS,C01;B01;BUILD_ID=9sMLb0KxOZx3vl8L7_ez-;route/theme/viewport
R22-light-390,R22,/admin,light,390,844,390x844,后台总览入口,evidence/admin-entry-matrix/R22-admin-light-390x844.png,evidence/admin-entry-matrix/R22-admin-light-390x844.json,evidence/after-full-e2e-live-finaldb-20260915.log,PASS,当前构建默认渲染状态已逐项取证；交互/有效/加载/失败/弹层/保存状态仍在页面验收矩阵中单独跟踪。,C01 / 生成按钮B01,PASS,C01;B01;BUILD_ID=9sMLb0KxOZx3vl8L7_ez-;route/theme/viewport
R22-light-430,R22,/admin,light,430,932,430x932,后台总览入口,evidence/admin-entry-matrix/R22-admin-light-430x932.png,evidence/admin-entry-matrix/R22-admin-light-430x932.json,evidence/after-full-e2e-live-finaldb-20260915.log,PASS,当前构建默认渲染状态已逐项取证；交互/有效/加载/失败/弹层/保存状态仍在页面验收矩阵中单独跟踪。,C01 / 生成按钮B01,PASS,C01;B01;BUILD_ID=9sMLb0KxOZx3vl8L7_ez-;route/theme/viewport
R22-dark-1672,R22,/admin,dark,1672,941,1672x941,后台总览入口,evidence/admin-entry-matrix/R22-admin-dark-1672x941.png,evidence/admin-entry-matrix/R22-admin-dark-1672x941.json,evidence/after-full-e2e-live-finaldb-20260915.log,PASS,当前构建默认渲染状态已逐项取证；交互/有效/加载/失败/弹层/保存状态仍在页面验收矩阵中单独跟踪。,C01 / 生成按钮B01,PASS,C01;B01;BUILD_ID=9sMLb0KxOZx3vl8L7_ez-;route/theme/viewport
R22-dark-1440,R22,/admin,dark,1440,900,1440x900,后台总览入口,evidence/admin-entry-matrix/R22-admin-dark-1440x900.png,evidence/admin-entry-matrix/R22-admin-dark-1440x900.json,evidence/after-full-e2e-live-finaldb-20260915.log,PASS,当前构建默认渲染状态已逐项取证；交互/有效/加载/失败/弹层/保存状态仍在页面验收矩阵中单独跟踪。,C01 / 生成按钮B01,PASS,C01;B01;BUILD_ID=9sMLb0KxOZx3vl8L7_ez-;route/theme/viewport
R22-dark-1366,R22,/admin,dark,1366,768,1366x768,后台总览入口,evidence/admin-entry-matrix/R22-admin-dark-1366x768.png,evidence/admin-entry-matrix/R22-admin-dark-1366x768.json,evidence/after-full-e2e-live-finaldb-20260915.log,PASS,当前构建默认渲染状态已逐项取证；交互/有效/加载/失败/弹层/保存状态仍在页面验收矩阵中单独跟踪。,C01 / 生成按钮B01,PASS,C01;B01;BUILD_ID=9sMLb0KxOZx3vl8L7_ez-;route/theme/viewport
R22-dark-1024,R22,/admin,dark,1024,768,1024x768,后台总览入口,evidence/admin-entry-matrix/R22-admin-dark-1024x768.png,evidence/admin-entry-matrix/R22-admin-dark-1024x768.json,evidence/after-full-e2e-live-finaldb-20260915.log,PASS,当前构建默认渲染状态已逐项取证；交互/有效/加载/失败/弹层/保存状态仍在页面验收矩阵中单独跟踪。,C01 / 生成按钮B01,PASS,C01;B01;BUILD_ID=9sMLb0KxOZx3vl8L7_ez-;route/theme/viewport
R22-dark-768,R22,/admin,dark,768,1024,768x1024,后台总览入口,evidence/admin-entry-matrix/R22-admin-dark-768x1024.png,evidence/admin-entry-matrix/R22-admin-dark-768x1024.json,evidence/after-full-e2e-live-finaldb-20260915.log,PASS,当前构建默认渲染状态已逐项取证；交互/有效/加载/失败/弹层/保存状态仍在页面验收矩阵中单独跟踪。,C01 / 生成按钮B01,PASS,C01;B01;BUILD_ID=9sMLb0KxOZx3vl8L7_ez-;route/theme/viewport
R22-dark-390,R22,/admin,dark,390,844,390x844,后台总览入口,evidence/admin-entry-matrix/R22-admin-dark-390x844.png,evidence/admin-entry-matrix/R22-admin-dark-390x844.json,evidence/after-full-e2e-live-finaldb-20260915.log,PASS,当前构建默认渲染状态已逐项取证；交互/有效/加载/失败/弹层/保存状态仍在页面验收矩阵中单独跟踪。,C01 / 生成按钮B01,PASS,C01;B01;BUILD_ID=9sMLb0KxOZx3vl8L7_ez-;route/theme/viewport
R22-dark-430,R22,/admin,dark,430,932,430x932,后台总览入口,evidence/admin-entry-matrix/R22-admin-dark-430x932.png,evidence/admin-entry-matrix/R22-admin-dark-430x932.json,evidence/after-full-e2e-live-finaldb-20260915.log,PASS,当前构建默认渲染状态已逐项取证；交互/有效/加载/失败/弹层/保存状态仍在页面验收矩阵中单独跟踪。,C01 / 生成按钮B01,PASS,C01;B01;BUILD_ID=9sMLb0KxOZx3vl8L7_ez-;route/theme/viewport
R23-light-1672,R23,/admin/setup,light,1672,941,1672x941,后台初始化入口,evidence/admin-entry-matrix/R23-admin-setup-light-1672x941.png,evidence/admin-entry-matrix/R23-admin-setup-light-1672x941.json,evidence/after-full-e2e-live-finaldb-20260915.log,PASS,当前构建默认渲染状态已逐项取证；交互/有效/加载/失败/弹层/保存状态仍在页面验收矩阵中单独跟踪。,C01 / 生成按钮B01,PASS,C01;B01;BUILD_ID=9sMLb0KxOZx3vl8L7_ez-;route/theme/viewport
R23-light-1440,R23,/admin/setup,light,1440,900,1440x900,后台初始化入口,evidence/admin-entry-matrix/R23-admin-setup-light-1440x900.png,evidence/admin-entry-matrix/R23-admin-setup-light-1440x900.json,evidence/after-full-e2e-live-finaldb-20260915.log,PASS,当前构建默认渲染状态已逐项取证；交互/有效/加载/失败/弹层/保存状态仍在页面验收矩阵中单独跟踪。,C01 / 生成按钮B01,PASS,C01;B01;BUILD_ID=9sMLb0KxOZx3vl8L7_ez-;route/theme/viewport
R23-light-1366,R23,/admin/setup,light,1366,768,1366x768,后台初始化入口,evidence/admin-entry-matrix/R23-admin-setup-light-1366x768.png,evidence/admin-entry-matrix/R23-admin-setup-light-1366x768.json,evidence/after-full-e2e-live-finaldb-20260915.log,PASS,当前构建默认渲染状态已逐项取证；交互/有效/加载/失败/弹层/保存状态仍在页面验收矩阵中单独跟踪。,C01 / 生成按钮B01,PASS,C01;B01;BUILD_ID=9sMLb0KxOZx3vl8L7_ez-;route/theme/viewport
R23-light-1024,R23,/admin/setup,light,1024,768,1024x768,后台初始化入口,evidence/admin-entry-matrix/R23-admin-setup-light-1024x768.png,evidence/admin-entry-matrix/R23-admin-setup-light-1024x768.json,evidence/after-full-e2e-live-finaldb-20260915.log,PASS,当前构建默认渲染状态已逐项取证；交互/有效/加载/失败/弹层/保存状态仍在页面验收矩阵中单独跟踪。,C01 / 生成按钮B01,PASS,C01;B01;BUILD_ID=9sMLb0KxOZx3vl8L7_ez-;route/theme/viewport
R23-light-768,R23,/admin/setup,light,768,1024,768x1024,后台初始化入口,evidence/admin-entry-matrix/R23-admin-setup-light-768x1024.png,evidence/admin-entry-matrix/R23-admin-setup-light-768x1024.json,evidence/after-full-e2e-live-finaldb-20260915.log,PASS,当前构建默认渲染状态已逐项取证；交互/有效/加载/失败/弹层/保存状态仍在页面验收矩阵中单独跟踪。,C01 / 生成按钮B01,PASS,C01;B01;BUILD_ID=9sMLb0KxOZx3vl8L7_ez-;route/theme/viewport
R23-light-390,R23,/admin/setup,light,390,844,390x844,后台初始化入口,evidence/admin-entry-matrix/R23-admin-setup-light-390x844.png,evidence/admin-entry-matrix/R23-admin-setup-light-390x844.json,evidence/after-full-e2e-live-finaldb-20260915.log,PASS,当前构建默认渲染状态已逐项取证；交互/有效/加载/失败/弹层/保存状态仍在页面验收矩阵中单独跟踪。,C01 / 生成按钮B01,PASS,C01;B01;BUILD_ID=9sMLb0KxOZx3vl8L7_ez-;route/theme/viewport
R23-light-430,R23,/admin/setup,light,430,932,430x932,后台初始化入口,evidence/admin-entry-matrix/R23-admin-setup-light-430x932.png,evidence/admin-entry-matrix/R23-admin-setup-light-430x932.json,evidence/after-full-e2e-live-finaldb-20260915.log,PASS,当前构建默认渲染状态已逐项取证；交互/有效/加载/失败/弹层/保存状态仍在页面验收矩阵中单独跟踪。,C01 / 生成按钮B01,PASS,C01;B01;BUILD_ID=9sMLb0KxOZx3vl8L7_ez-;route/theme/viewport
R23-dark-1672,R23,/admin/setup,dark,1672,941,1672x941,后台初始化入口,evidence/admin-entry-matrix/R23-admin-setup-dark-1672x941.png,evidence/admin-entry-matrix/R23-admin-setup-dark-1672x941.json,evidence/after-full-e2e-live-finaldb-20260915.log,PASS,当前构建默认渲染状态已逐项取证；交互/有效/加载/失败/弹层/保存状态仍在页面验收矩阵中单独跟踪。,C01 / 生成按钮B01,PASS,C01;B01;BUILD_ID=9sMLb0KxOZx3vl8L7_ez-;route/theme/viewport
R23-dark-1440,R23,/admin/setup,dark,1440,900,1440x900,后台初始化入口,evidence/admin-entry-matrix/R23-admin-setup-dark-1440x900.png,evidence/admin-entry-matrix/R23-admin-setup-dark-1440x900.json,evidence/after-full-e2e-live-finaldb-20260915.log,PASS,当前构建默认渲染状态已逐项取证；交互/有效/加载/失败/弹层/保存状态仍在页面验收矩阵中单独跟踪。,C01 / 生成按钮B01,PASS,C01;B01;BUILD_ID=9sMLb0KxOZx3vl8L7_ez-;route/theme/viewport
R23-dark-1366,R23,/admin/setup,dark,1366,768,1366x768,后台初始化入口,evidence/admin-entry-matrix/R23-admin-setup-dark-1366x768.png,evidence/admin-entry-matrix/R23-admin-setup-dark-1366x768.json,evidence/after-full-e2e-live-finaldb-20260915.log,PASS,当前构建默认渲染状态已逐项取证；交互/有效/加载/失败/弹层/保存状态仍在页面验收矩阵中单独跟踪。,C01 / 生成按钮B01,PASS,C01;B01;BUILD_ID=9sMLb0KxOZx3vl8L7_ez-;route/theme/viewport
R23-dark-1024,R23,/admin/setup,dark,1024,768,1024x768,后台初始化入口,evidence/admin-entry-matrix/R23-admin-setup-dark-1024x768.png,evidence/admin-entry-matrix/R23-admin-setup-dark-1024x768.json,evidence/after-full-e2e-live-finaldb-20260915.log,PASS,当前构建默认渲染状态已逐项取证；交互/有效/加载/失败/弹层/保存状态仍在页面验收矩阵中单独跟踪。,C01 / 生成按钮B01,PASS,C01;B01;BUILD_ID=9sMLb0KxOZx3vl8L7_ez-;route/theme/viewport
R23-dark-768,R23,/admin/setup,dark,768,1024,768x1024,后台初始化入口,evidence/admin-entry-matrix/R23-admin-setup-dark-768x1024.png,evidence/admin-entry-matrix/R23-admin-setup-dark-768x1024.json,evidence/after-full-e2e-live-finaldb-20260915.log,PASS,当前构建默认渲染状态已逐项取证；交互/有效/加载/失败/弹层/保存状态仍在页面验收矩阵中单独跟踪。,C01 / 生成按钮B01,PASS,C01;B01;BUILD_ID=9sMLb0KxOZx3vl8L7_ez-;route/theme/viewport
R23-dark-390,R23,/admin/setup,dark,390,844,390x844,后台初始化入口,evidence/admin-entry-matrix/R23-admin-setup-dark-390x844.png,evidence/admin-entry-matrix/R23-admin-setup-dark-390x844.json,evidence/after-full-e2e-live-finaldb-20260915.log,PASS,当前构建默认渲染状态已逐项取证；交互/有效/加载/失败/弹层/保存状态仍在页面验收矩阵中单独跟踪。,C01 / 生成按钮B01,PASS,C01;B01;BUILD_ID=9sMLb0KxOZx3vl8L7_ez-;route/theme/viewport
R23-dark-430,R23,/admin/setup,dark,430,932,430x932,后台初始化入口,evidence/admin-entry-matrix/R23-admin-setup-dark-430x932.png,evidence/admin-entry-matrix/R23-admin-setup-dark-430x932.json,evidence/after-full-e2e-live-finaldb-20260915.log,PASS,当前构建默认渲染状态已逐项取证；交互/有效/加载/失败/弹层/保存状态仍在页面验收矩阵中单独跟踪。,C01 / 生成按钮B01,PASS,C01;B01;BUILD_ID=9sMLb0KxOZx3vl8L7_ez-;route/theme/viewport
R24-light-1672,R24,/announcements,light,1672,941,1672x941,公告静态入口,evidence/user-pages-matrix/R24-announcements-light-1672x941.png,evidence/user-pages-matrix/R24-announcements-light-1672x941.json,evidence/after-full-e2e-live-finaldb-20260915.log,PASS,当前构建默认渲染状态已逐项取证；交互/有效/加载/失败/弹层/保存状态仍在页面验收矩阵中单独跟踪。,C01 / 生成按钮B01,PASS,C01;B01;BUILD_ID=9sMLb0KxOZx3vl8L7_ez-;route/theme/viewport
R24-light-1440,R24,/announcements,light,1440,900,1440x900,公告静态入口,evidence/user-pages-matrix/R24-announcements-light-1440x900.png,evidence/user-pages-matrix/R24-announcements-light-1440x900.json,evidence/after-full-e2e-live-finaldb-20260915.log,PASS,当前构建默认渲染状态已逐项取证；交互/有效/加载/失败/弹层/保存状态仍在页面验收矩阵中单独跟踪。,C01 / 生成按钮B01,PASS,C01;B01;BUILD_ID=9sMLb0KxOZx3vl8L7_ez-;route/theme/viewport
R24-light-1366,R24,/announcements,light,1366,768,1366x768,公告静态入口,evidence/user-pages-matrix/R24-announcements-light-1366x768.png,evidence/user-pages-matrix/R24-announcements-light-1366x768.json,evidence/after-full-e2e-live-finaldb-20260915.log,PASS,当前构建默认渲染状态已逐项取证；交互/有效/加载/失败/弹层/保存状态仍在页面验收矩阵中单独跟踪。,C01 / 生成按钮B01,PASS,C01;B01;BUILD_ID=9sMLb0KxOZx3vl8L7_ez-;route/theme/viewport
R24-light-1024,R24,/announcements,light,1024,768,1024x768,公告静态入口,evidence/user-pages-matrix/R24-announcements-light-1024x768.png,evidence/user-pages-matrix/R24-announcements-light-1024x768.json,evidence/after-full-e2e-live-finaldb-20260915.log,PASS,当前构建默认渲染状态已逐项取证；交互/有效/加载/失败/弹层/保存状态仍在页面验收矩阵中单独跟踪。,C01 / 生成按钮B01,PASS,C01;B01;BUILD_ID=9sMLb0KxOZx3vl8L7_ez-;route/theme/viewport
R24-light-768,R24,/announcements,light,768,1024,768x1024,公告静态入口,evidence/user-pages-matrix/R24-announcements-light-768x1024.png,evidence/user-pages-matrix/R24-announcements-light-768x1024.json,evidence/after-full-e2e-live-finaldb-20260915.log,PASS,当前构建默认渲染状态已逐项取证；交互/有效/加载/失败/弹层/保存状态仍在页面验收矩阵中单独跟踪。,C01 / 生成按钮B01,PASS,C01;B01;BUILD_ID=9sMLb0KxOZx3vl8L7_ez-;route/theme/viewport
R24-light-390,R24,/announcements,light,390,844,390x844,公告静态入口,evidence/user-pages-matrix/R24-announcements-light-390x844.png,evidence/user-pages-matrix/R24-announcements-light-390x844.json,evidence/after-full-e2e-live-finaldb-20260915.log,PASS,当前构建默认渲染状态已逐项取证；交互/有效/加载/失败/弹层/保存状态仍在页面验收矩阵中单独跟踪。,C01 / 生成按钮B01,PASS,C01;B01;BUILD_ID=9sMLb0KxOZx3vl8L7_ez-;route/theme/viewport
R24-light-430,R24,/announcements,light,430,932,430x932,公告静态入口,evidence/user-pages-matrix/R24-announcements-light-430x932.png,evidence/user-pages-matrix/R24-announcements-light-430x932.json,evidence/after-full-e2e-live-finaldb-20260915.log,PASS,当前构建默认渲染状态已逐项取证；交互/有效/加载/失败/弹层/保存状态仍在页面验收矩阵中单独跟踪。,C01 / 生成按钮B01,PASS,C01;B01;BUILD_ID=9sMLb0KxOZx3vl8L7_ez-;route/theme/viewport
R24-dark-1672,R24,/announcements,dark,1672,941,1672x941,公告静态入口,evidence/user-pages-matrix/R24-announcements-dark-1672x941.png,evidence/user-pages-matrix/R24-announcements-dark-1672x941.json,evidence/after-full-e2e-live-finaldb-20260915.log,PASS,当前构建默认渲染状态已逐项取证；交互/有效/加载/失败/弹层/保存状态仍在页面验收矩阵中单独跟踪。,C01 / 生成按钮B01,PASS,C01;B01;BUILD_ID=9sMLb0KxOZx3vl8L7_ez-;route/theme/viewport
R24-dark-1440,R24,/announcements,dark,1440,900,1440x900,公告静态入口,evidence/user-pages-matrix/R24-announcements-dark-1440x900.png,evidence/user-pages-matrix/R24-announcements-dark-1440x900.json,evidence/after-full-e2e-live-finaldb-20260915.log,PASS,当前构建默认渲染状态已逐项取证；交互/有效/加载/失败/弹层/保存状态仍在页面验收矩阵中单独跟踪。,C01 / 生成按钮B01,PASS,C01;B01;BUILD_ID=9sMLb0KxOZx3vl8L7_ez-;route/theme/viewport
R24-dark-1366,R24,/announcements,dark,1366,768,1366x768,公告静态入口,evidence/user-pages-matrix/R24-announcements-dark-1366x768.png,evidence/user-pages-matrix/R24-announcements-dark-1366x768.json,evidence/after-full-e2e-live-finaldb-20260915.log,PASS,当前构建默认渲染状态已逐项取证；交互/有效/加载/失败/弹层/保存状态仍在页面验收矩阵中单独跟踪。,C01 / 生成按钮B01,PASS,C01;B01;BUILD_ID=9sMLb0KxOZx3vl8L7_ez-;route/theme/viewport
R24-dark-1024,R24,/announcements,dark,1024,768,1024x768,公告静态入口,evidence/user-pages-matrix/R24-announcements-dark-1024x768.png,evidence/user-pages-matrix/R24-announcements-dark-1024x768.json,evidence/after-full-e2e-live-finaldb-20260915.log,PASS,当前构建默认渲染状态已逐项取证；交互/有效/加载/失败/弹层/保存状态仍在页面验收矩阵中单独跟踪。,C01 / 生成按钮B01,PASS,C01;B01;BUILD_ID=9sMLb0KxOZx3vl8L7_ez-;route/theme/viewport
R24-dark-768,R24,/announcements,dark,768,1024,768x1024,公告静态入口,evidence/user-pages-matrix/R24-announcements-dark-768x1024.png,evidence/user-pages-matrix/R24-announcements-dark-768x1024.json,evidence/after-full-e2e-live-finaldb-20260915.log,PASS,当前构建默认渲染状态已逐项取证；交互/有效/加载/失败/弹层/保存状态仍在页面验收矩阵中单独跟踪。,C01 / 生成按钮B01,PASS,C01;B01;BUILD_ID=9sMLb0KxOZx3vl8L7_ez-;route/theme/viewport
R24-dark-390,R24,/announcements,dark,390,844,390x844,公告静态入口,evidence/user-pages-matrix/R24-announcements-dark-390x844.png,evidence/user-pages-matrix/R24-announcements-dark-390x844.json,evidence/after-full-e2e-live-finaldb-20260915.log,PASS,当前构建默认渲染状态已逐项取证；交互/有效/加载/失败/弹层/保存状态仍在页面验收矩阵中单独跟踪。,C01 / 生成按钮B01,PASS,C01;B01;BUILD_ID=9sMLb0KxOZx3vl8L7_ez-;route/theme/viewport
R24-dark-430,R24,/announcements,dark,430,932,430x932,公告静态入口,evidence/user-pages-matrix/R24-announcements-dark-430x932.png,evidence/user-pages-matrix/R24-announcements-dark-430x932.json,evidence/after-full-e2e-live-finaldb-20260915.log,PASS,当前构建默认渲染状态已逐项取证；交互/有效/加载/失败/弹层/保存状态仍在页面验收矩阵中单独跟踪。,C01 / 生成按钮B01,PASS,C01;B01;BUILD_ID=9sMLb0KxOZx3vl8L7_ez-;route/theme/viewport
R25-light-1672,R25,/forgot-password,light,1672,941,1672x941,找回密码表单,evidence/user-pages-matrix/R25-forgot-password-light-1672x941.png,evidence/user-pages-matrix/R25-forgot-password-light-1672x941.json,evidence/after-full-e2e-live-finaldb-20260915.log,PASS,当前构建默认渲染状态已逐项取证；交互/有效/加载/失败/弹层/保存状态仍在页面验收矩阵中单独跟踪。,C01 / 生成按钮B01,PASS,C01;B01;BUILD_ID=9sMLb0KxOZx3vl8L7_ez-;route/theme/viewport
R25-light-1440,R25,/forgot-password,light,1440,900,1440x900,找回密码表单,evidence/user-pages-matrix/R25-forgot-password-light-1440x900.png,evidence/user-pages-matrix/R25-forgot-password-light-1440x900.json,evidence/after-full-e2e-live-finaldb-20260915.log,PASS,当前构建默认渲染状态已逐项取证；交互/有效/加载/失败/弹层/保存状态仍在页面验收矩阵中单独跟踪。,C01 / 生成按钮B01,PASS,C01;B01;BUILD_ID=9sMLb0KxOZx3vl8L7_ez-;route/theme/viewport
R25-light-1366,R25,/forgot-password,light,1366,768,1366x768,找回密码表单,evidence/user-pages-matrix/R25-forgot-password-light-1366x768.png,evidence/user-pages-matrix/R25-forgot-password-light-1366x768.json,evidence/after-full-e2e-live-finaldb-20260915.log,PASS,当前构建默认渲染状态已逐项取证；交互/有效/加载/失败/弹层/保存状态仍在页面验收矩阵中单独跟踪。,C01 / 生成按钮B01,PASS,C01;B01;BUILD_ID=9sMLb0KxOZx3vl8L7_ez-;route/theme/viewport
R25-light-1024,R25,/forgot-password,light,1024,768,1024x768,找回密码表单,evidence/user-pages-matrix/R25-forgot-password-light-1024x768.png,evidence/user-pages-matrix/R25-forgot-password-light-1024x768.json,evidence/after-full-e2e-live-finaldb-20260915.log,PASS,当前构建默认渲染状态已逐项取证；交互/有效/加载/失败/弹层/保存状态仍在页面验收矩阵中单独跟踪。,C01 / 生成按钮B01,PASS,C01;B01;BUILD_ID=9sMLb0KxOZx3vl8L7_ez-;route/theme/viewport
R25-light-768,R25,/forgot-password,light,768,1024,768x1024,找回密码表单,evidence/user-pages-matrix/R25-forgot-password-light-768x1024.png,evidence/user-pages-matrix/R25-forgot-password-light-768x1024.json,evidence/after-full-e2e-live-finaldb-20260915.log,PASS,当前构建默认渲染状态已逐项取证；交互/有效/加载/失败/弹层/保存状态仍在页面验收矩阵中单独跟踪。,C01 / 生成按钮B01,PASS,C01;B01;BUILD_ID=9sMLb0KxOZx3vl8L7_ez-;route/theme/viewport
R25-light-390,R25,/forgot-password,light,390,844,390x844,找回密码表单,evidence/user-pages-matrix/R25-forgot-password-light-390x844.png,evidence/user-pages-matrix/R25-forgot-password-light-390x844.json,evidence/after-full-e2e-live-finaldb-20260915.log,PASS,当前构建默认渲染状态已逐项取证；交互/有效/加载/失败/弹层/保存状态仍在页面验收矩阵中单独跟踪。,C01 / 生成按钮B01,PASS,C01;B01;BUILD_ID=9sMLb0KxOZx3vl8L7_ez-;route/theme/viewport
R25-light-430,R25,/forgot-password,light,430,932,430x932,找回密码表单,evidence/user-pages-matrix/R25-forgot-password-light-430x932.png,evidence/user-pages-matrix/R25-forgot-password-light-430x932.json,evidence/after-full-e2e-live-finaldb-20260915.log,PASS,当前构建默认渲染状态已逐项取证；交互/有效/加载/失败/弹层/保存状态仍在页面验收矩阵中单独跟踪。,C01 / 生成按钮B01,PASS,C01;B01;BUILD_ID=9sMLb0KxOZx3vl8L7_ez-;route/theme/viewport
R25-dark-1672,R25,/forgot-password,dark,1672,941,1672x941,找回密码表单,evidence/user-pages-matrix/R25-forgot-password-dark-1672x941.png,evidence/user-pages-matrix/R25-forgot-password-dark-1672x941.json,evidence/after-full-e2e-live-finaldb-20260915.log,PASS,当前构建默认渲染状态已逐项取证；交互/有效/加载/失败/弹层/保存状态仍在页面验收矩阵中单独跟踪。,C01 / 生成按钮B01,PASS,C01;B01;BUILD_ID=9sMLb0KxOZx3vl8L7_ez-;route/theme/viewport
R25-dark-1440,R25,/forgot-password,dark,1440,900,1440x900,找回密码表单,evidence/user-pages-matrix/R25-forgot-password-dark-1440x900.png,evidence/user-pages-matrix/R25-forgot-password-dark-1440x900.json,evidence/after-full-e2e-live-finaldb-20260915.log,PASS,当前构建默认渲染状态已逐项取证；交互/有效/加载/失败/弹层/保存状态仍在页面验收矩阵中单独跟踪。,C01 / 生成按钮B01,PASS,C01;B01;BUILD_ID=9sMLb0KxOZx3vl8L7_ez-;route/theme/viewport
R25-dark-1366,R25,/forgot-password,dark,1366,768,1366x768,找回密码表单,evidence/user-pages-matrix/R25-forgot-password-dark-1366x768.png,evidence/user-pages-matrix/R25-forgot-password-dark-1366x768.json,evidence/after-full-e2e-live-finaldb-20260915.log,PASS,当前构建默认渲染状态已逐项取证；交互/有效/加载/失败/弹层/保存状态仍在页面验收矩阵中单独跟踪。,C01 / 生成按钮B01,PASS,C01;B01;BUILD_ID=9sMLb0KxOZx3vl8L7_ez-;route/theme/viewport
R25-dark-1024,R25,/forgot-password,dark,1024,768,1024x768,找回密码表单,evidence/user-pages-matrix/R25-forgot-password-dark-1024x768.png,evidence/user-pages-matrix/R25-forgot-password-dark-1024x768.json,evidence/after-full-e2e-live-finaldb-20260915.log,PASS,当前构建默认渲染状态已逐项取证；交互/有效/加载/失败/弹层/保存状态仍在页面验收矩阵中单独跟踪。,C01 / 生成按钮B01,PASS,C01;B01;BUILD_ID=9sMLb0KxOZx3vl8L7_ez-;route/theme/viewport
R25-dark-768,R25,/forgot-password,dark,768,1024,768x1024,找回密码表单,evidence/user-pages-matrix/R25-forgot-password-dark-768x1024.png,evidence/user-pages-matrix/R25-forgot-password-dark-768x1024.json,evidence/after-full-e2e-live-finaldb-20260915.log,PASS,当前构建默认渲染状态已逐项取证；交互/有效/加载/失败/弹层/保存状态仍在页面验收矩阵中单独跟踪。,C01 / 生成按钮B01,PASS,C01;B01;BUILD_ID=9sMLb0KxOZx3vl8L7_ez-;route/theme/viewport
R25-dark-390,R25,/forgot-password,dark,390,844,390x844,找回密码表单,evidence/user-pages-matrix/R25-forgot-password-dark-390x844.png,evidence/user-pages-matrix/R25-forgot-password-dark-390x844.json,evidence/after-full-e2e-live-finaldb-20260915.log,PASS,当前构建默认渲染状态已逐项取证；交互/有效/加载/失败/弹层/保存状态仍在页面验收矩阵中单独跟踪。,C01 / 生成按钮B01,PASS,C01;B01;BUILD_ID=9sMLb0KxOZx3vl8L7_ez-;route/theme/viewport
R25-dark-430,R25,/forgot-password,dark,430,932,430x932,找回密码表单,evidence/user-pages-matrix/R25-forgot-password-dark-430x932.png,evidence/user-pages-matrix/R25-forgot-password-dark-430x932.json,evidence/after-full-e2e-live-finaldb-20260915.log,PASS,当前构建默认渲染状态已逐项取证；交互/有效/加载/失败/弹层/保存状态仍在页面验收矩阵中单独跟踪。,C01 / 生成按钮B01,PASS,C01;B01;BUILD_ID=9sMLb0KxOZx3vl8L7_ez-;route/theme/viewport
R26-light-1672,R26,/gallery,light,1672,941,1672x941,作品广场匿名入口,evidence/user-pages-matrix/R26-gallery-light-1672x941.png,evidence/user-pages-matrix/R26-gallery-light-1672x941.json,evidence/after-full-e2e-live-finaldb-20260915.log,PASS,当前构建默认渲染状态已逐项取证；交互/有效/加载/失败/弹层/保存状态仍在页面验收矩阵中单独跟踪。,C01 / 生成按钮B01,PASS,C01;B01;BUILD_ID=9sMLb0KxOZx3vl8L7_ez-;route/theme/viewport
R26-light-1440,R26,/gallery,light,1440,900,1440x900,作品广场匿名入口,evidence/user-pages-matrix/R26-gallery-light-1440x900.png,evidence/user-pages-matrix/R26-gallery-light-1440x900.json,evidence/after-full-e2e-live-finaldb-20260915.log,PASS,当前构建默认渲染状态已逐项取证；交互/有效/加载/失败/弹层/保存状态仍在页面验收矩阵中单独跟踪。,C01 / 生成按钮B01,PASS,C01;B01;BUILD_ID=9sMLb0KxOZx3vl8L7_ez-;route/theme/viewport
R26-light-1366,R26,/gallery,light,1366,768,1366x768,作品广场匿名入口,evidence/user-pages-matrix/R26-gallery-light-1366x768.png,evidence/user-pages-matrix/R26-gallery-light-1366x768.json,evidence/after-full-e2e-live-finaldb-20260915.log,PASS,当前构建默认渲染状态已逐项取证；交互/有效/加载/失败/弹层/保存状态仍在页面验收矩阵中单独跟踪。,C01 / 生成按钮B01,PASS,C01;B01;BUILD_ID=9sMLb0KxOZx3vl8L7_ez-;route/theme/viewport
R26-light-1024,R26,/gallery,light,1024,768,1024x768,作品广场匿名入口,evidence/user-pages-matrix/R26-gallery-light-1024x768.png,evidence/user-pages-matrix/R26-gallery-light-1024x768.json,evidence/after-full-e2e-live-finaldb-20260915.log,PASS,当前构建默认渲染状态已逐项取证；交互/有效/加载/失败/弹层/保存状态仍在页面验收矩阵中单独跟踪。,C01 / 生成按钮B01,PASS,C01;B01;BUILD_ID=9sMLb0KxOZx3vl8L7_ez-;route/theme/viewport
R26-light-768,R26,/gallery,light,768,1024,768x1024,作品广场匿名入口,evidence/user-pages-matrix/R26-gallery-light-768x1024.png,evidence/user-pages-matrix/R26-gallery-light-768x1024.json,evidence/after-full-e2e-live-finaldb-20260915.log,PASS,当前构建默认渲染状态已逐项取证；交互/有效/加载/失败/弹层/保存状态仍在页面验收矩阵中单独跟踪。,C01 / 生成按钮B01,PASS,C01;B01;BUILD_ID=9sMLb0KxOZx3vl8L7_ez-;route/theme/viewport
R26-light-390,R26,/gallery,light,390,844,390x844,作品广场匿名入口,evidence/user-pages-matrix/R26-gallery-light-390x844.png,evidence/user-pages-matrix/R26-gallery-light-390x844.json,evidence/after-full-e2e-live-finaldb-20260915.log,PASS,当前构建默认渲染状态已逐项取证；交互/有效/加载/失败/弹层/保存状态仍在页面验收矩阵中单独跟踪。,C01 / 生成按钮B01,PASS,C01;B01;BUILD_ID=9sMLb0KxOZx3vl8L7_ez-;route/theme/viewport
R26-light-430,R26,/gallery,light,430,932,430x932,作品广场匿名入口,evidence/user-pages-matrix/R26-gallery-light-430x932.png,evidence/user-pages-matrix/R26-gallery-light-430x932.json,evidence/after-full-e2e-live-finaldb-20260915.log,PASS,当前构建默认渲染状态已逐项取证；交互/有效/加载/失败/弹层/保存状态仍在页面验收矩阵中单独跟踪。,C01 / 生成按钮B01,PASS,C01;B01;BUILD_ID=9sMLb0KxOZx3vl8L7_ez-;route/theme/viewport
R26-dark-1672,R26,/gallery,dark,1672,941,1672x941,作品广场匿名入口,evidence/user-pages-matrix/R26-gallery-dark-1672x941.png,evidence/user-pages-matrix/R26-gallery-dark-1672x941.json,evidence/after-full-e2e-live-finaldb-20260915.log,PASS,当前构建默认渲染状态已逐项取证；交互/有效/加载/失败/弹层/保存状态仍在页面验收矩阵中单独跟踪。,C01 / 生成按钮B01,PASS,C01;B01;BUILD_ID=9sMLb0KxOZx3vl8L7_ez-;route/theme/viewport
R26-dark-1440,R26,/gallery,dark,1440,900,1440x900,作品广场匿名入口,evidence/user-pages-matrix/R26-gallery-dark-1440x900.png,evidence/user-pages-matrix/R26-gallery-dark-1440x900.json,evidence/after-full-e2e-live-finaldb-20260915.log,PASS,当前构建默认渲染状态已逐项取证；交互/有效/加载/失败/弹层/保存状态仍在页面验收矩阵中单独跟踪。,C01 / 生成按钮B01,PASS,C01;B01;BUILD_ID=9sMLb0KxOZx3vl8L7_ez-;route/theme/viewport
R26-dark-1366,R26,/gallery,dark,1366,768,1366x768,作品广场匿名入口,evidence/user-pages-matrix/R26-gallery-dark-1366x768.png,evidence/user-pages-matrix/R26-gallery-dark-1366x768.json,evidence/after-full-e2e-live-finaldb-20260915.log,PASS,当前构建默认渲染状态已逐项取证；交互/有效/加载/失败/弹层/保存状态仍在页面验收矩阵中单独跟踪。,C01 / 生成按钮B01,PASS,C01;B01;BUILD_ID=9sMLb0KxOZx3vl8L7_ez-;route/theme/viewport
R26-dark-1024,R26,/gallery,dark,1024,768,1024x768,作品广场匿名入口,evidence/user-pages-matrix/R26-gallery-dark-1024x768.png,evidence/user-pages-matrix/R26-gallery-dark-1024x768.json,evidence/after-full-e2e-live-finaldb-20260915.log,PASS,当前构建默认渲染状态已逐项取证；交互/有效/加载/失败/弹层/保存状态仍在页面验收矩阵中单独跟踪。,C01 / 生成按钮B01,PASS,C01;B01;BUILD_ID=9sMLb0KxOZx3vl8L7_ez-;route/theme/viewport
R26-dark-768,R26,/gallery,dark,768,1024,768x1024,作品广场匿名入口,evidence/user-pages-matrix/R26-gallery-dark-768x1024.png,evidence/user-pages-matrix/R26-gallery-dark-768x1024.json,evidence/after-full-e2e-live-finaldb-20260915.log,PASS,当前构建默认渲染状态已逐项取证；交互/有效/加载/失败/弹层/保存状态仍在页面验收矩阵中单独跟踪。,C01 / 生成按钮B01,PASS,C01;B01;BUILD_ID=9sMLb0KxOZx3vl8L7_ez-;route/theme/viewport
R26-dark-390,R26,/gallery,dark,390,844,390x844,作品广场匿名入口,evidence/user-pages-matrix/R26-gallery-dark-390x844.png,evidence/user-pages-matrix/R26-gallery-dark-390x844.json,evidence/after-full-e2e-live-finaldb-20260915.log,PASS,当前构建默认渲染状态已逐项取证；交互/有效/加载/失败/弹层/保存状态仍在页面验收矩阵中单独跟踪。,C01 / 生成按钮B01,PASS,C01;B01;BUILD_ID=9sMLb0KxOZx3vl8L7_ez-;route/theme/viewport
R26-dark-430,R26,/gallery,dark,430,932,430x932,作品广场匿名入口,evidence/user-pages-matrix/R26-gallery-dark-430x932.png,evidence/user-pages-matrix/R26-gallery-dark-430x932.json,evidence/after-full-e2e-live-finaldb-20260915.log,PASS,当前构建默认渲染状态已逐项取证；交互/有效/加载/失败/弹层/保存状态仍在页面验收矩阵中单独跟踪。,C01 / 生成按钮B01,PASS,C01;B01;BUILD_ID=9sMLb0KxOZx3vl8L7_ez-;route/theme/viewport
R27-light-1672,R27,/install,light,1672,941,1672x941,安装入口已初始化重定向,evidence/user-pages-matrix/R27-install-light-1672x941.png,evidence/user-pages-matrix/R27-install-light-1672x941.json,evidence/after-full-e2e-live-finaldb-20260915.log,PASS,当前构建默认渲染状态已逐项取证；交互/有效/加载/失败/弹层/保存状态仍在页面验收矩阵中单独跟踪。,C01 / 生成按钮B01,PASS,C01;B01;BUILD_ID=9sMLb0KxOZx3vl8L7_ez-;route/theme/viewport
R27-light-1440,R27,/install,light,1440,900,1440x900,安装入口已初始化重定向,evidence/user-pages-matrix/R27-install-light-1440x900.png,evidence/user-pages-matrix/R27-install-light-1440x900.json,evidence/after-full-e2e-live-finaldb-20260915.log,PASS,当前构建默认渲染状态已逐项取证；交互/有效/加载/失败/弹层/保存状态仍在页面验收矩阵中单独跟踪。,C01 / 生成按钮B01,PASS,C01;B01;BUILD_ID=9sMLb0KxOZx3vl8L7_ez-;route/theme/viewport
R27-light-1366,R27,/install,light,1366,768,1366x768,安装入口已初始化重定向,evidence/user-pages-matrix/R27-install-light-1366x768.png,evidence/user-pages-matrix/R27-install-light-1366x768.json,evidence/after-full-e2e-live-finaldb-20260915.log,PASS,当前构建默认渲染状态已逐项取证；交互/有效/加载/失败/弹层/保存状态仍在页面验收矩阵中单独跟踪。,C01 / 生成按钮B01,PASS,C01;B01;BUILD_ID=9sMLb0KxOZx3vl8L7_ez-;route/theme/viewport
R27-light-1024,R27,/install,light,1024,768,1024x768,安装入口已初始化重定向,evidence/user-pages-matrix/R27-install-light-1024x768.png,evidence/user-pages-matrix/R27-install-light-1024x768.json,evidence/after-full-e2e-live-finaldb-20260915.log,PASS,当前构建默认渲染状态已逐项取证；交互/有效/加载/失败/弹层/保存状态仍在页面验收矩阵中单独跟踪。,C01 / 生成按钮B01,PASS,C01;B01;BUILD_ID=9sMLb0KxOZx3vl8L7_ez-;route/theme/viewport
R27-light-768,R27,/install,light,768,1024,768x1024,安装入口已初始化重定向,evidence/user-pages-matrix/R27-install-light-768x1024.png,evidence/user-pages-matrix/R27-install-light-768x1024.json,evidence/after-full-e2e-live-finaldb-20260915.log,PASS,当前构建默认渲染状态已逐项取证；交互/有效/加载/失败/弹层/保存状态仍在页面验收矩阵中单独跟踪。,C01 / 生成按钮B01,PASS,C01;B01;BUILD_ID=9sMLb0KxOZx3vl8L7_ez-;route/theme/viewport
R27-light-390,R27,/install,light,390,844,390x844,安装入口已初始化重定向,evidence/user-pages-matrix/R27-install-light-390x844.png,evidence/user-pages-matrix/R27-install-light-390x844.json,evidence/after-full-e2e-live-finaldb-20260915.log,PASS,当前构建默认渲染状态已逐项取证；交互/有效/加载/失败/弹层/保存状态仍在页面验收矩阵中单独跟踪。,C01 / 生成按钮B01,PASS,C01;B01;BUILD_ID=9sMLb0KxOZx3vl8L7_ez-;route/theme/viewport
R27-light-430,R27,/install,light,430,932,430x932,安装入口已初始化重定向,evidence/user-pages-matrix/R27-install-light-430x932.png,evidence/user-pages-matrix/R27-install-light-430x932.json,evidence/after-full-e2e-live-finaldb-20260915.log,PASS,当前构建默认渲染状态已逐项取证；交互/有效/加载/失败/弹层/保存状态仍在页面验收矩阵中单独跟踪。,C01 / 生成按钮B01,PASS,C01;B01;BUILD_ID=9sMLb0KxOZx3vl8L7_ez-;route/theme/viewport
R27-dark-1672,R27,/install,dark,1672,941,1672x941,安装入口已初始化重定向,evidence/user-pages-matrix/R27-install-dark-1672x941.png,evidence/user-pages-matrix/R27-install-dark-1672x941.json,evidence/after-full-e2e-live-finaldb-20260915.log,PASS,当前构建默认渲染状态已逐项取证；交互/有效/加载/失败/弹层/保存状态仍在页面验收矩阵中单独跟踪。,C01 / 生成按钮B01,PASS,C01;B01;BUILD_ID=9sMLb0KxOZx3vl8L7_ez-;route/theme/viewport
R27-dark-1440,R27,/install,dark,1440,900,1440x900,安装入口已初始化重定向,evidence/user-pages-matrix/R27-install-dark-1440x900.png,evidence/user-pages-matrix/R27-install-dark-1440x900.json,evidence/after-full-e2e-live-finaldb-20260915.log,PASS,当前构建默认渲染状态已逐项取证；交互/有效/加载/失败/弹层/保存状态仍在页面验收矩阵中单独跟踪。,C01 / 生成按钮B01,PASS,C01;B01;BUILD_ID=9sMLb0KxOZx3vl8L7_ez-;route/theme/viewport
R27-dark-1366,R27,/install,dark,1366,768,1366x768,安装入口已初始化重定向,evidence/user-pages-matrix/R27-install-dark-1366x768.png,evidence/user-pages-matrix/R27-install-dark-1366x768.json,evidence/after-full-e2e-live-finaldb-20260915.log,PASS,当前构建默认渲染状态已逐项取证；交互/有效/加载/失败/弹层/保存状态仍在页面验收矩阵中单独跟踪。,C01 / 生成按钮B01,PASS,C01;B01;BUILD_ID=9sMLb0KxOZx3vl8L7_ez-;route/theme/viewport
R27-dark-1024,R27,/install,dark,1024,768,1024x768,安装入口已初始化重定向,evidence/user-pages-matrix/R27-install-dark-1024x768.png,evidence/user-pages-matrix/R27-install-dark-1024x768.json,evidence/after-full-e2e-live-finaldb-20260915.log,PASS,当前构建默认渲染状态已逐项取证；交互/有效/加载/失败/弹层/保存状态仍在页面验收矩阵中单独跟踪。,C01 / 生成按钮B01,PASS,C01;B01;BUILD_ID=9sMLb0KxOZx3vl8L7_ez-;route/theme/viewport
R27-dark-768,R27,/install,dark,768,1024,768x1024,安装入口已初始化重定向,evidence/user-pages-matrix/R27-install-dark-768x1024.png,evidence/user-pages-matrix/R27-install-dark-768x1024.json,evidence/after-full-e2e-live-finaldb-20260915.log,PASS,当前构建默认渲染状态已逐项取证；交互/有效/加载/失败/弹层/保存状态仍在页面验收矩阵中单独跟踪。,C01 / 生成按钮B01,PASS,C01;B01;BUILD_ID=9sMLb0KxOZx3vl8L7_ez-;route/theme/viewport
R27-dark-390,R27,/install,dark,390,844,390x844,安装入口已初始化重定向,evidence/user-pages-matrix/R27-install-dark-390x844.png,evidence/user-pages-matrix/R27-install-dark-390x844.json,evidence/after-full-e2e-live-finaldb-20260915.log,PASS,当前构建默认渲染状态已逐项取证；交互/有效/加载/失败/弹层/保存状态仍在页面验收矩阵中单独跟踪。,C01 / 生成按钮B01,PASS,C01;B01;BUILD_ID=9sMLb0KxOZx3vl8L7_ez-;route/theme/viewport
R27-dark-430,R27,/install,dark,430,932,430x932,安装入口已初始化重定向,evidence/user-pages-matrix/R27-install-dark-430x932.png,evidence/user-pages-matrix/R27-install-dark-430x932.json,evidence/after-full-e2e-live-finaldb-20260915.log,PASS,当前构建默认渲染状态已逐项取证；交互/有效/加载/失败/弹层/保存状态仍在页面验收矩阵中单独跟踪。,C01 / 生成按钮B01,PASS,C01;B01;BUILD_ID=9sMLb0KxOZx3vl8L7_ez-;route/theme/viewport
R28-light-1672,R28,/login,light,1672,941,1672x941,登录表单,evidence/user-pages-matrix/R28-login-light-1672x941.png,evidence/user-pages-matrix/R28-login-light-1672x941.json,evidence/after-full-e2e-live-finaldb-20260915.log,PASS,当前构建默认渲染状态已逐项取证；交互/有效/加载/失败/弹层/保存状态仍在页面验收矩阵中单独跟踪。,C01 / 生成按钮B01,PASS,C01;B01;BUILD_ID=9sMLb0KxOZx3vl8L7_ez-;route/theme/viewport
R28-light-1440,R28,/login,light,1440,900,1440x900,登录表单,evidence/user-pages-matrix/R28-login-light-1440x900.png,evidence/user-pages-matrix/R28-login-light-1440x900.json,evidence/after-full-e2e-live-finaldb-20260915.log,PASS,当前构建默认渲染状态已逐项取证；交互/有效/加载/失败/弹层/保存状态仍在页面验收矩阵中单独跟踪。,C01 / 生成按钮B01,PASS,C01;B01;BUILD_ID=9sMLb0KxOZx3vl8L7_ez-;route/theme/viewport
R28-light-1366,R28,/login,light,1366,768,1366x768,登录表单,evidence/user-pages-matrix/R28-login-light-1366x768.png,evidence/user-pages-matrix/R28-login-light-1366x768.json,evidence/after-full-e2e-live-finaldb-20260915.log,PASS,当前构建默认渲染状态已逐项取证；交互/有效/加载/失败/弹层/保存状态仍在页面验收矩阵中单独跟踪。,C01 / 生成按钮B01,PASS,C01;B01;BUILD_ID=9sMLb0KxOZx3vl8L7_ez-;route/theme/viewport
R28-light-1024,R28,/login,light,1024,768,1024x768,登录表单,evidence/user-pages-matrix/R28-login-light-1024x768.png,evidence/user-pages-matrix/R28-login-light-1024x768.json,evidence/after-full-e2e-live-finaldb-20260915.log,PASS,当前构建默认渲染状态已逐项取证；交互/有效/加载/失败/弹层/保存状态仍在页面验收矩阵中单独跟踪。,C01 / 生成按钮B01,PASS,C01;B01;BUILD_ID=9sMLb0KxOZx3vl8L7_ez-;route/theme/viewport
R28-light-768,R28,/login,light,768,1024,768x1024,登录表单,evidence/user-pages-matrix/R28-login-light-768x1024.png,evidence/user-pages-matrix/R28-login-light-768x1024.json,evidence/after-full-e2e-live-finaldb-20260915.log,PASS,当前构建默认渲染状态已逐项取证；交互/有效/加载/失败/弹层/保存状态仍在页面验收矩阵中单独跟踪。,C01 / 生成按钮B01,PASS,C01;B01;BUILD_ID=9sMLb0KxOZx3vl8L7_ez-;route/theme/viewport
R28-light-390,R28,/login,light,390,844,390x844,登录表单,evidence/user-pages-matrix/R28-login-light-390x844.png,evidence/user-pages-matrix/R28-login-light-390x844.json,evidence/after-full-e2e-live-finaldb-20260915.log,PASS,当前构建默认渲染状态已逐项取证；交互/有效/加载/失败/弹层/保存状态仍在页面验收矩阵中单独跟踪。,C01 / 生成按钮B01,PASS,C01;B01;BUILD_ID=9sMLb0KxOZx3vl8L7_ez-;route/theme/viewport
R28-light-430,R28,/login,light,430,932,430x932,登录表单,evidence/user-pages-matrix/R28-login-light-430x932.png,evidence/user-pages-matrix/R28-login-light-430x932.json,evidence/after-full-e2e-live-finaldb-20260915.log,PASS,当前构建默认渲染状态已逐项取证；交互/有效/加载/失败/弹层/保存状态仍在页面验收矩阵中单独跟踪。,C01 / 生成按钮B01,PASS,C01;B01;BUILD_ID=9sMLb0KxOZx3vl8L7_ez-;route/theme/viewport
R28-dark-1672,R28,/login,dark,1672,941,1672x941,登录表单,evidence/user-pages-matrix/R28-login-dark-1672x941.png,evidence/user-pages-matrix/R28-login-dark-1672x941.json,evidence/after-full-e2e-live-finaldb-20260915.log,PASS,当前构建默认渲染状态已逐项取证；交互/有效/加载/失败/弹层/保存状态仍在页面验收矩阵中单独跟踪。,C01 / 生成按钮B01,PASS,C01;B01;BUILD_ID=9sMLb0KxOZx3vl8L7_ez-;route/theme/viewport
R28-dark-1440,R28,/login,dark,1440,900,1440x900,登录表单,evidence/user-pages-matrix/R28-login-dark-1440x900.png,evidence/user-pages-matrix/R28-login-dark-1440x900.json,evidence/after-full-e2e-live-finaldb-20260915.log,PASS,当前构建默认渲染状态已逐项取证；交互/有效/加载/失败/弹层/保存状态仍在页面验收矩阵中单独跟踪。,C01 / 生成按钮B01,PASS,C01;B01;BUILD_ID=9sMLb0KxOZx3vl8L7_ez-;route/theme/viewport
R28-dark-1366,R28,/login,dark,1366,768,1366x768,登录表单,evidence/user-pages-matrix/R28-login-dark-1366x768.png,evidence/user-pages-matrix/R28-login-dark-1366x768.json,evidence/after-full-e2e-live-finaldb-20260915.log,PASS,当前构建默认渲染状态已逐项取证；交互/有效/加载/失败/弹层/保存状态仍在页面验收矩阵中单独跟踪。,C01 / 生成按钮B01,PASS,C01;B01;BUILD_ID=9sMLb0KxOZx3vl8L7_ez-;route/theme/viewport
R28-dark-1024,R28,/login,dark,1024,768,1024x768,登录表单,evidence/user-pages-matrix/R28-login-dark-1024x768.png,evidence/user-pages-matrix/R28-login-dark-1024x768.json,evidence/after-full-e2e-live-finaldb-20260915.log,PASS,当前构建默认渲染状态已逐项取证；交互/有效/加载/失败/弹层/保存状态仍在页面验收矩阵中单独跟踪。,C01 / 生成按钮B01,PASS,C01;B01;BUILD_ID=9sMLb0KxOZx3vl8L7_ez-;route/theme/viewport
R28-dark-768,R28,/login,dark,768,1024,768x1024,登录表单,evidence/user-pages-matrix/R28-login-dark-768x1024.png,evidence/user-pages-matrix/R28-login-dark-768x1024.json,evidence/after-full-e2e-live-finaldb-20260915.log,PASS,当前构建默认渲染状态已逐项取证；交互/有效/加载/失败/弹层/保存状态仍在页面验收矩阵中单独跟踪。,C01 / 生成按钮B01,PASS,C01;B01;BUILD_ID=9sMLb0KxOZx3vl8L7_ez-;route/theme/viewport
R28-dark-390,R28,/login,dark,390,844,390x844,登录表单,evidence/user-pages-matrix/R28-login-dark-390x844.png,evidence/user-pages-matrix/R28-login-dark-390x844.json,evidence/after-full-e2e-live-finaldb-20260915.log,PASS,当前构建默认渲染状态已逐项取证；交互/有效/加载/失败/弹层/保存状态仍在页面验收矩阵中单独跟踪。,C01 / 生成按钮B01,PASS,C01;B01;BUILD_ID=9sMLb0KxOZx3vl8L7_ez-;route/theme/viewport
R28-dark-430,R28,/login,dark,430,932,430x932,登录表单,evidence/user-pages-matrix/R28-login-dark-430x932.png,evidence/user-pages-matrix/R28-login-dark-430x932.json,evidence/after-full-e2e-live-finaldb-20260915.log,PASS,当前构建默认渲染状态已逐项取证；交互/有效/加载/失败/弹层/保存状态仍在页面验收矩阵中单独跟踪。,C01 / 生成按钮B01,PASS,C01;B01;BUILD_ID=9sMLb0KxOZx3vl8L7_ez-;route/theme/viewport
R29-light-1672,R29,/,light,1672,941,1672x941,匿名首页,evidence/user-pages-matrix/R29-home-light-1672x941.png,evidence/user-pages-matrix/R29-home-light-1672x941.json,evidence/after-full-e2e-live-finaldb-20260915.log,PASS,当前构建默认渲染状态已逐项取证；交互/有效/加载/失败/弹层/保存状态仍在页面验收矩阵中单独跟踪。,C01 / 生成按钮B01,PASS,C01;B01;BUILD_ID=9sMLb0KxOZx3vl8L7_ez-;route/theme/viewport
R29-light-1440,R29,/,light,1440,900,1440x900,匿名首页,evidence/user-pages-matrix/R29-home-light-1440x900.png,evidence/user-pages-matrix/R29-home-light-1440x900.json,evidence/after-full-e2e-live-finaldb-20260915.log,PASS,当前构建默认渲染状态已逐项取证；交互/有效/加载/失败/弹层/保存状态仍在页面验收矩阵中单独跟踪。,C01 / 生成按钮B01,PASS,C01;B01;BUILD_ID=9sMLb0KxOZx3vl8L7_ez-;route/theme/viewport
R29-light-1366,R29,/,light,1366,768,1366x768,匿名首页,evidence/user-pages-matrix/R29-home-light-1366x768.png,evidence/user-pages-matrix/R29-home-light-1366x768.json,evidence/after-full-e2e-live-finaldb-20260915.log,PASS,当前构建默认渲染状态已逐项取证；交互/有效/加载/失败/弹层/保存状态仍在页面验收矩阵中单独跟踪。,C01 / 生成按钮B01,PASS,C01;B01;BUILD_ID=9sMLb0KxOZx3vl8L7_ez-;route/theme/viewport
R29-light-1024,R29,/,light,1024,768,1024x768,匿名首页,evidence/user-pages-matrix/R29-home-light-1024x768.png,evidence/user-pages-matrix/R29-home-light-1024x768.json,evidence/after-full-e2e-live-finaldb-20260915.log,PASS,当前构建默认渲染状态已逐项取证；交互/有效/加载/失败/弹层/保存状态仍在页面验收矩阵中单独跟踪。,C01 / 生成按钮B01,PASS,C01;B01;BUILD_ID=9sMLb0KxOZx3vl8L7_ez-;route/theme/viewport
R29-light-768,R29,/,light,768,1024,768x1024,匿名首页,evidence/user-pages-matrix/R29-home-light-768x1024.png,evidence/user-pages-matrix/R29-home-light-768x1024.json,evidence/after-full-e2e-live-finaldb-20260915.log,PASS,当前构建默认渲染状态已逐项取证；交互/有效/加载/失败/弹层/保存状态仍在页面验收矩阵中单独跟踪。,C01 / 生成按钮B01,PASS,C01;B01;BUILD_ID=9sMLb0KxOZx3vl8L7_ez-;route/theme/viewport
R29-light-390,R29,/,light,390,844,390x844,匿名首页,evidence/user-pages-matrix/R29-home-light-390x844.png,evidence/user-pages-matrix/R29-home-light-390x844.json,evidence/after-full-e2e-live-finaldb-20260915.log,PASS,当前构建默认渲染状态已逐项取证；交互/有效/加载/失败/弹层/保存状态仍在页面验收矩阵中单独跟踪。,C01 / 生成按钮B01,PASS,C01;B01;BUILD_ID=9sMLb0KxOZx3vl8L7_ez-;route/theme/viewport
R29-light-430,R29,/,light,430,932,430x932,匿名首页,evidence/user-pages-matrix/R29-home-light-430x932.png,evidence/user-pages-matrix/R29-home-light-430x932.json,evidence/after-full-e2e-live-finaldb-20260915.log,PASS,当前构建默认渲染状态已逐项取证；交互/有效/加载/失败/弹层/保存状态仍在页面验收矩阵中单独跟踪。,C01 / 生成按钮B01,PASS,C01;B01;BUILD_ID=9sMLb0KxOZx3vl8L7_ez-;route/theme/viewport
R29-dark-1672,R29,/,dark,1672,941,1672x941,匿名首页,evidence/user-pages-matrix/R29-home-dark-1672x941.png,evidence/user-pages-matrix/R29-home-dark-1672x941.json,evidence/after-full-e2e-live-finaldb-20260915.log,PASS,当前构建默认渲染状态已逐项取证；交互/有效/加载/失败/弹层/保存状态仍在页面验收矩阵中单独跟踪。,C01 / 生成按钮B01,PASS,C01;B01;BUILD_ID=9sMLb0KxOZx3vl8L7_ez-;route/theme/viewport
R29-dark-1440,R29,/,dark,1440,900,1440x900,匿名首页,evidence/user-pages-matrix/R29-home-dark-1440x900.png,evidence/user-pages-matrix/R29-home-dark-1440x900.json,evidence/after-full-e2e-live-finaldb-20260915.log,PASS,当前构建默认渲染状态已逐项取证；交互/有效/加载/失败/弹层/保存状态仍在页面验收矩阵中单独跟踪。,C01 / 生成按钮B01,PASS,C01;B01;BUILD_ID=9sMLb0KxOZx3vl8L7_ez-;route/theme/viewport
R29-dark-1366,R29,/,dark,1366,768,1366x768,匿名首页,evidence/user-pages-matrix/R29-home-dark-1366x768.png,evidence/user-pages-matrix/R29-home-dark-1366x768.json,evidence/after-full-e2e-live-finaldb-20260915.log,PASS,当前构建默认渲染状态已逐项取证；交互/有效/加载/失败/弹层/保存状态仍在页面验收矩阵中单独跟踪。,C01 / 生成按钮B01,PASS,C01;B01;BUILD_ID=9sMLb0KxOZx3vl8L7_ez-;route/theme/viewport
R29-dark-1024,R29,/,dark,1024,768,1024x768,匿名首页,evidence/user-pages-matrix/R29-home-dark-1024x768.png,evidence/user-pages-matrix/R29-home-dark-1024x768.json,evidence/after-full-e2e-live-finaldb-20260915.log,PASS,当前构建默认渲染状态已逐项取证；交互/有效/加载/失败/弹层/保存状态仍在页面验收矩阵中单独跟踪。,C01 / 生成按钮B01,PASS,C01;B01;BUILD_ID=9sMLb0KxOZx3vl8L7_ez-;route/theme/viewport
R29-dark-768,R29,/,dark,768,1024,768x1024,匿名首页,evidence/user-pages-matrix/R29-home-dark-768x1024.png,evidence/user-pages-matrix/R29-home-dark-768x1024.json,evidence/after-full-e2e-live-finaldb-20260915.log,PASS,当前构建默认渲染状态已逐项取证；交互/有效/加载/失败/弹层/保存状态仍在页面验收矩阵中单独跟踪。,C01 / 生成按钮B01,PASS,C01;B01;BUILD_ID=9sMLb0KxOZx3vl8L7_ez-;route/theme/viewport
R29-dark-390,R29,/,dark,390,844,390x844,匿名首页,evidence/user-pages-matrix/R29-home-dark-390x844.png,evidence/user-pages-matrix/R29-home-dark-390x844.json,evidence/after-full-e2e-live-finaldb-20260915.log,PASS,当前构建默认渲染状态已逐项取证；交互/有效/加载/失败/弹层/保存状态仍在页面验收矩阵中单独跟踪。,C01 / 生成按钮B01,PASS,C01;B01;BUILD_ID=9sMLb0KxOZx3vl8L7_ez-;route/theme/viewport
R29-dark-430,R29,/,dark,430,932,430x932,匿名首页,evidence/user-pages-matrix/R29-home-dark-430x932.png,evidence/user-pages-matrix/R29-home-dark-430x932.json,evidence/after-full-e2e-live-finaldb-20260915.log,PASS,当前构建默认渲染状态已逐项取证；交互/有效/加载/失败/弹层/保存状态仍在页面验收矩阵中单独跟踪。,C01 / 生成按钮B01,PASS,C01;B01;BUILD_ID=9sMLb0KxOZx3vl8L7_ez-;route/theme/viewport
R30-light-1672,R30,/privacy,light,1672,941,1672x941,隐私政策,evidence/user-pages-matrix/R30-privacy-light-1672x941.png,evidence/user-pages-matrix/R30-privacy-light-1672x941.json,evidence/after-full-e2e-live-finaldb-20260915.log,PASS,当前构建默认渲染状态已逐项取证；交互/有效/加载/失败/弹层/保存状态仍在页面验收矩阵中单独跟踪。,C01 / 生成按钮B01,PASS,C01;B01;BUILD_ID=9sMLb0KxOZx3vl8L7_ez-;route/theme/viewport
R30-light-1440,R30,/privacy,light,1440,900,1440x900,隐私政策,evidence/user-pages-matrix/R30-privacy-light-1440x900.png,evidence/user-pages-matrix/R30-privacy-light-1440x900.json,evidence/after-full-e2e-live-finaldb-20260915.log,PASS,当前构建默认渲染状态已逐项取证；交互/有效/加载/失败/弹层/保存状态仍在页面验收矩阵中单独跟踪。,C01 / 生成按钮B01,PASS,C01;B01;BUILD_ID=9sMLb0KxOZx3vl8L7_ez-;route/theme/viewport
R30-light-1366,R30,/privacy,light,1366,768,1366x768,隐私政策,evidence/user-pages-matrix/R30-privacy-light-1366x768.png,evidence/user-pages-matrix/R30-privacy-light-1366x768.json,evidence/after-full-e2e-live-finaldb-20260915.log,PASS,当前构建默认渲染状态已逐项取证；交互/有效/加载/失败/弹层/保存状态仍在页面验收矩阵中单独跟踪。,C01 / 生成按钮B01,PASS,C01;B01;BUILD_ID=9sMLb0KxOZx3vl8L7_ez-;route/theme/viewport
R30-light-1024,R30,/privacy,light,1024,768,1024x768,隐私政策,evidence/user-pages-matrix/R30-privacy-light-1024x768.png,evidence/user-pages-matrix/R30-privacy-light-1024x768.json,evidence/after-full-e2e-live-finaldb-20260915.log,PASS,当前构建默认渲染状态已逐项取证；交互/有效/加载/失败/弹层/保存状态仍在页面验收矩阵中单独跟踪。,C01 / 生成按钮B01,PASS,C01;B01;BUILD_ID=9sMLb0KxOZx3vl8L7_ez-;route/theme/viewport
R30-light-768,R30,/privacy,light,768,1024,768x1024,隐私政策,evidence/user-pages-matrix/R30-privacy-light-768x1024.png,evidence/user-pages-matrix/R30-privacy-light-768x1024.json,evidence/after-full-e2e-live-finaldb-20260915.log,PASS,当前构建默认渲染状态已逐项取证；交互/有效/加载/失败/弹层/保存状态仍在页面验收矩阵中单独跟踪。,C01 / 生成按钮B01,PASS,C01;B01;BUILD_ID=9sMLb0KxOZx3vl8L7_ez-;route/theme/viewport
R30-light-390,R30,/privacy,light,390,844,390x844,隐私政策,evidence/user-pages-matrix/R30-privacy-light-390x844.png,evidence/user-pages-matrix/R30-privacy-light-390x844.json,evidence/after-full-e2e-live-finaldb-20260915.log,PASS,当前构建默认渲染状态已逐项取证；交互/有效/加载/失败/弹层/保存状态仍在页面验收矩阵中单独跟踪。,C01 / 生成按钮B01,PASS,C01;B01;BUILD_ID=9sMLb0KxOZx3vl8L7_ez-;route/theme/viewport
R30-light-430,R30,/privacy,light,430,932,430x932,隐私政策,evidence/user-pages-matrix/R30-privacy-light-430x932.png,evidence/user-pages-matrix/R30-privacy-light-430x932.json,evidence/after-full-e2e-live-finaldb-20260915.log,PASS,当前构建默认渲染状态已逐项取证；交互/有效/加载/失败/弹层/保存状态仍在页面验收矩阵中单独跟踪。,C01 / 生成按钮B01,PASS,C01;B01;BUILD_ID=9sMLb0KxOZx3vl8L7_ez-;route/theme/viewport
R30-dark-1672,R30,/privacy,dark,1672,941,1672x941,隐私政策,evidence/user-pages-matrix/R30-privacy-dark-1672x941.png,evidence/user-pages-matrix/R30-privacy-dark-1672x941.json,evidence/after-full-e2e-live-finaldb-20260915.log,PASS,当前构建默认渲染状态已逐项取证；交互/有效/加载/失败/弹层/保存状态仍在页面验收矩阵中单独跟踪。,C01 / 生成按钮B01,PASS,C01;B01;BUILD_ID=9sMLb0KxOZx3vl8L7_ez-;route/theme/viewport
R30-dark-1440,R30,/privacy,dark,1440,900,1440x900,隐私政策,evidence/user-pages-matrix/R30-privacy-dark-1440x900.png,evidence/user-pages-matrix/R30-privacy-dark-1440x900.json,evidence/after-full-e2e-live-finaldb-20260915.log,PASS,当前构建默认渲染状态已逐项取证；交互/有效/加载/失败/弹层/保存状态仍在页面验收矩阵中单独跟踪。,C01 / 生成按钮B01,PASS,C01;B01;BUILD_ID=9sMLb0KxOZx3vl8L7_ez-;route/theme/viewport
R30-dark-1366,R30,/privacy,dark,1366,768,1366x768,隐私政策,evidence/user-pages-matrix/R30-privacy-dark-1366x768.png,evidence/user-pages-matrix/R30-privacy-dark-1366x768.json,evidence/after-full-e2e-live-finaldb-20260915.log,PASS,当前构建默认渲染状态已逐项取证；交互/有效/加载/失败/弹层/保存状态仍在页面验收矩阵中单独跟踪。,C01 / 生成按钮B01,PASS,C01;B01;BUILD_ID=9sMLb0KxOZx3vl8L7_ez-;route/theme/viewport
R30-dark-1024,R30,/privacy,dark,1024,768,1024x768,隐私政策,evidence/user-pages-matrix/R30-privacy-dark-1024x768.png,evidence/user-pages-matrix/R30-privacy-dark-1024x768.json,evidence/after-full-e2e-live-finaldb-20260915.log,PASS,当前构建默认渲染状态已逐项取证；交互/有效/加载/失败/弹层/保存状态仍在页面验收矩阵中单独跟踪。,C01 / 生成按钮B01,PASS,C01;B01;BUILD_ID=9sMLb0KxOZx3vl8L7_ez-;route/theme/viewport
R30-dark-768,R30,/privacy,dark,768,1024,768x1024,隐私政策,evidence/user-pages-matrix/R30-privacy-dark-768x1024.png,evidence/user-pages-matrix/R30-privacy-dark-768x1024.json,evidence/after-full-e2e-live-finaldb-20260915.log,PASS,当前构建默认渲染状态已逐项取证；交互/有效/加载/失败/弹层/保存状态仍在页面验收矩阵中单独跟踪。,C01 / 生成按钮B01,PASS,C01;B01;BUILD_ID=9sMLb0KxOZx3vl8L7_ez-;route/theme/viewport
R30-dark-390,R30,/privacy,dark,390,844,390x844,隐私政策,evidence/user-pages-matrix/R30-privacy-dark-390x844.png,evidence/user-pages-matrix/R30-privacy-dark-390x844.json,evidence/after-full-e2e-live-finaldb-20260915.log,PASS,当前构建默认渲染状态已逐项取证；交互/有效/加载/失败/弹层/保存状态仍在页面验收矩阵中单独跟踪。,C01 / 生成按钮B01,PASS,C01;B01;BUILD_ID=9sMLb0KxOZx3vl8L7_ez-;route/theme/viewport
R30-dark-430,R30,/privacy,dark,430,932,430x932,隐私政策,evidence/user-pages-matrix/R30-privacy-dark-430x932.png,evidence/user-pages-matrix/R30-privacy-dark-430x932.json,evidence/after-full-e2e-live-finaldb-20260915.log,PASS,当前构建默认渲染状态已逐项取证；交互/有效/加载/失败/弹层/保存状态仍在页面验收矩阵中单独跟踪。,C01 / 生成按钮B01,PASS,C01;B01;BUILD_ID=9sMLb0KxOZx3vl8L7_ez-;route/theme/viewport
R31-light-1672,R31,/register,light,1672,941,1672x941,注册表单,evidence/user-pages-matrix/R31-register-light-1672x941.png,evidence/user-pages-matrix/R31-register-light-1672x941.json,evidence/after-full-e2e-live-finaldb-20260915.log,PASS,当前构建默认渲染状态已逐项取证；交互/有效/加载/失败/弹层/保存状态仍在页面验收矩阵中单独跟踪。,C01 / 生成按钮B01,PASS,C01;B01;BUILD_ID=9sMLb0KxOZx3vl8L7_ez-;route/theme/viewport
R31-light-1440,R31,/register,light,1440,900,1440x900,注册表单,evidence/user-pages-matrix/R31-register-light-1440x900.png,evidence/user-pages-matrix/R31-register-light-1440x900.json,evidence/after-full-e2e-live-finaldb-20260915.log,PASS,当前构建默认渲染状态已逐项取证；交互/有效/加载/失败/弹层/保存状态仍在页面验收矩阵中单独跟踪。,C01 / 生成按钮B01,PASS,C01;B01;BUILD_ID=9sMLb0KxOZx3vl8L7_ez-;route/theme/viewport
R31-light-1366,R31,/register,light,1366,768,1366x768,注册表单,evidence/user-pages-matrix/R31-register-light-1366x768.png,evidence/user-pages-matrix/R31-register-light-1366x768.json,evidence/after-full-e2e-live-finaldb-20260915.log,PASS,当前构建默认渲染状态已逐项取证；交互/有效/加载/失败/弹层/保存状态仍在页面验收矩阵中单独跟踪。,C01 / 生成按钮B01,PASS,C01;B01;BUILD_ID=9sMLb0KxOZx3vl8L7_ez-;route/theme/viewport
R31-light-1024,R31,/register,light,1024,768,1024x768,注册表单,evidence/user-pages-matrix/R31-register-light-1024x768.png,evidence/user-pages-matrix/R31-register-light-1024x768.json,evidence/after-full-e2e-live-finaldb-20260915.log,PASS,当前构建默认渲染状态已逐项取证；交互/有效/加载/失败/弹层/保存状态仍在页面验收矩阵中单独跟踪。,C01 / 生成按钮B01,PASS,C01;B01;BUILD_ID=9sMLb0KxOZx3vl8L7_ez-;route/theme/viewport
R31-light-768,R31,/register,light,768,1024,768x1024,注册表单,evidence/user-pages-matrix/R31-register-light-768x1024.png,evidence/user-pages-matrix/R31-register-light-768x1024.json,evidence/after-full-e2e-live-finaldb-20260915.log,PASS,当前构建默认渲染状态已逐项取证；交互/有效/加载/失败/弹层/保存状态仍在页面验收矩阵中单独跟踪。,C01 / 生成按钮B01,PASS,C01;B01;BUILD_ID=9sMLb0KxOZx3vl8L7_ez-;route/theme/viewport
R31-light-390,R31,/register,light,390,844,390x844,注册表单,evidence/user-pages-matrix/R31-register-light-390x844.png,evidence/user-pages-matrix/R31-register-light-390x844.json,evidence/after-full-e2e-live-finaldb-20260915.log,PASS,当前构建默认渲染状态已逐项取证；交互/有效/加载/失败/弹层/保存状态仍在页面验收矩阵中单独跟踪。,C01 / 生成按钮B01,PASS,C01;B01;BUILD_ID=9sMLb0KxOZx3vl8L7_ez-;route/theme/viewport
R31-light-430,R31,/register,light,430,932,430x932,注册表单,evidence/user-pages-matrix/R31-register-light-430x932.png,evidence/user-pages-matrix/R31-register-light-430x932.json,evidence/after-full-e2e-live-finaldb-20260915.log,PASS,当前构建默认渲染状态已逐项取证；交互/有效/加载/失败/弹层/保存状态仍在页面验收矩阵中单独跟踪。,C01 / 生成按钮B01,PASS,C01;B01;BUILD_ID=9sMLb0KxOZx3vl8L7_ez-;route/theme/viewport
R31-dark-1672,R31,/register,dark,1672,941,1672x941,注册表单,evidence/user-pages-matrix/R31-register-dark-1672x941.png,evidence/user-pages-matrix/R31-register-dark-1672x941.json,evidence/after-full-e2e-live-finaldb-20260915.log,PASS,当前构建默认渲染状态已逐项取证；交互/有效/加载/失败/弹层/保存状态仍在页面验收矩阵中单独跟踪。,C01 / 生成按钮B01,PASS,C01;B01;BUILD_ID=9sMLb0KxOZx3vl8L7_ez-;route/theme/viewport
R31-dark-1440,R31,/register,dark,1440,900,1440x900,注册表单,evidence/user-pages-matrix/R31-register-dark-1440x900.png,evidence/user-pages-matrix/R31-register-dark-1440x900.json,evidence/after-full-e2e-live-finaldb-20260915.log,PASS,当前构建默认渲染状态已逐项取证；交互/有效/加载/失败/弹层/保存状态仍在页面验收矩阵中单独跟踪。,C01 / 生成按钮B01,PASS,C01;B01;BUILD_ID=9sMLb0KxOZx3vl8L7_ez-;route/theme/viewport
R31-dark-1366,R31,/register,dark,1366,768,1366x768,注册表单,evidence/user-pages-matrix/R31-register-dark-1366x768.png,evidence/user-pages-matrix/R31-register-dark-1366x768.json,evidence/after-full-e2e-live-finaldb-20260915.log,PASS,当前构建默认渲染状态已逐项取证；交互/有效/加载/失败/弹层/保存状态仍在页面验收矩阵中单独跟踪。,C01 / 生成按钮B01,PASS,C01;B01;BUILD_ID=9sMLb0KxOZx3vl8L7_ez-;route/theme/viewport
R31-dark-1024,R31,/register,dark,1024,768,1024x768,注册表单,evidence/user-pages-matrix/R31-register-dark-1024x768.png,evidence/user-pages-matrix/R31-register-dark-1024x768.json,evidence/after-full-e2e-live-finaldb-20260915.log,PASS,当前构建默认渲染状态已逐项取证；交互/有效/加载/失败/弹层/保存状态仍在页面验收矩阵中单独跟踪。,C01 / 生成按钮B01,PASS,C01;B01;BUILD_ID=9sMLb0KxOZx3vl8L7_ez-;route/theme/viewport
R31-dark-768,R31,/register,dark,768,1024,768x1024,注册表单,evidence/user-pages-matrix/R31-register-dark-768x1024.png,evidence/user-pages-matrix/R31-register-dark-768x1024.json,evidence/after-full-e2e-live-finaldb-20260915.log,PASS,当前构建默认渲染状态已逐项取证；交互/有效/加载/失败/弹层/保存状态仍在页面验收矩阵中单独跟踪。,C01 / 生成按钮B01,PASS,C01;B01;BUILD_ID=9sMLb0KxOZx3vl8L7_ez-;route/theme/viewport
R31-dark-390,R31,/register,dark,390,844,390x844,注册表单,evidence/user-pages-matrix/R31-register-dark-390x844.png,evidence/user-pages-matrix/R31-register-dark-390x844.json,evidence/after-full-e2e-live-finaldb-20260915.log,PASS,当前构建默认渲染状态已逐项取证；交互/有效/加载/失败/弹层/保存状态仍在页面验收矩阵中单独跟踪。,C01 / 生成按钮B01,PASS,C01;B01;BUILD_ID=9sMLb0KxOZx3vl8L7_ez-;route/theme/viewport
R31-dark-430,R31,/register,dark,430,932,430x932,注册表单,evidence/user-pages-matrix/R31-register-dark-430x932.png,evidence/user-pages-matrix/R31-register-dark-430x932.json,evidence/after-full-e2e-live-finaldb-20260915.log,PASS,当前构建默认渲染状态已逐项取证；交互/有效/加载/失败/弹层/保存状态仍在页面验收矩阵中单独跟踪。,C01 / 生成按钮B01,PASS,C01;B01;BUILD_ID=9sMLb0KxOZx3vl8L7_ez-;route/theme/viewport
R32-light-1672,R32,/share/[slug],light,1672,941,1672x941,真实公开分享,evidence/user-pages-matrix/R32-share-light-1672x941.png,evidence/user-pages-matrix/R32-share-light-1672x941.json,evidence/after-full-e2e-live-finaldb-20260915.log,PASS,当前构建默认渲染状态已逐项取证；交互/有效/加载/失败/弹层/保存状态仍在页面验收矩阵中单独跟踪。,C01 / 生成按钮B01,PASS,C01;B01;BUILD_ID=9sMLb0KxOZx3vl8L7_ez-;route/theme/viewport
R32-light-1440,R32,/share/[slug],light,1440,900,1440x900,真实公开分享,evidence/user-pages-matrix/R32-share-light-1440x900.png,evidence/user-pages-matrix/R32-share-light-1440x900.json,evidence/after-full-e2e-live-finaldb-20260915.log,PASS,当前构建默认渲染状态已逐项取证；交互/有效/加载/失败/弹层/保存状态仍在页面验收矩阵中单独跟踪。,C01 / 生成按钮B01,PASS,C01;B01;BUILD_ID=9sMLb0KxOZx3vl8L7_ez-;route/theme/viewport
R32-light-1366,R32,/share/[slug],light,1366,768,1366x768,真实公开分享,evidence/user-pages-matrix/R32-share-light-1366x768.png,evidence/user-pages-matrix/R32-share-light-1366x768.json,evidence/after-full-e2e-live-finaldb-20260915.log,PASS,当前构建默认渲染状态已逐项取证；交互/有效/加载/失败/弹层/保存状态仍在页面验收矩阵中单独跟踪。,C01 / 生成按钮B01,PASS,C01;B01;BUILD_ID=9sMLb0KxOZx3vl8L7_ez-;route/theme/viewport
R32-light-1024,R32,/share/[slug],light,1024,768,1024x768,真实公开分享,evidence/user-pages-matrix/R32-share-light-1024x768.png,evidence/user-pages-matrix/R32-share-light-1024x768.json,evidence/after-full-e2e-live-finaldb-20260915.log,PASS,当前构建默认渲染状态已逐项取证；交互/有效/加载/失败/弹层/保存状态仍在页面验收矩阵中单独跟踪。,C01 / 生成按钮B01,PASS,C01;B01;BUILD_ID=9sMLb0KxOZx3vl8L7_ez-;route/theme/viewport
R32-light-768,R32,/share/[slug],light,768,1024,768x1024,真实公开分享,evidence/user-pages-matrix/R32-share-light-768x1024.png,evidence/user-pages-matrix/R32-share-light-768x1024.json,evidence/after-full-e2e-live-finaldb-20260915.log,PASS,当前构建默认渲染状态已逐项取证；交互/有效/加载/失败/弹层/保存状态仍在页面验收矩阵中单独跟踪。,C01 / 生成按钮B01,PASS,C01;B01;BUILD_ID=9sMLb0KxOZx3vl8L7_ez-;route/theme/viewport
R32-light-390,R32,/share/[slug],light,390,844,390x844,真实公开分享,evidence/user-pages-matrix/R32-share-light-390x844.png,evidence/user-pages-matrix/R32-share-light-390x844.json,evidence/after-full-e2e-live-finaldb-20260915.log,PASS,当前构建默认渲染状态已逐项取证；交互/有效/加载/失败/弹层/保存状态仍在页面验收矩阵中单独跟踪。,C01 / 生成按钮B01,PASS,C01;B01;BUILD_ID=9sMLb0KxOZx3vl8L7_ez-;route/theme/viewport
R32-light-430,R32,/share/[slug],light,430,932,430x932,真实公开分享,evidence/user-pages-matrix/R32-share-light-430x932.png,evidence/user-pages-matrix/R32-share-light-430x932.json,evidence/after-full-e2e-live-finaldb-20260915.log,PASS,当前构建默认渲染状态已逐项取证；交互/有效/加载/失败/弹层/保存状态仍在页面验收矩阵中单独跟踪。,C01 / 生成按钮B01,PASS,C01;B01;BUILD_ID=9sMLb0KxOZx3vl8L7_ez-;route/theme/viewport
R32-dark-1672,R32,/share/[slug],dark,1672,941,1672x941,真实公开分享,evidence/user-pages-matrix/R32-share-dark-1672x941.png,evidence/user-pages-matrix/R32-share-dark-1672x941.json,evidence/after-full-e2e-live-finaldb-20260915.log,PASS,当前构建默认渲染状态已逐项取证；交互/有效/加载/失败/弹层/保存状态仍在页面验收矩阵中单独跟踪。,C01 / 生成按钮B01,PASS,C01;B01;BUILD_ID=9sMLb0KxOZx3vl8L7_ez-;route/theme/viewport
R32-dark-1440,R32,/share/[slug],dark,1440,900,1440x900,真实公开分享,evidence/user-pages-matrix/R32-share-dark-1440x900.png,evidence/user-pages-matrix/R32-share-dark-1440x900.json,evidence/after-full-e2e-live-finaldb-20260915.log,PASS,当前构建默认渲染状态已逐项取证；交互/有效/加载/失败/弹层/保存状态仍在页面验收矩阵中单独跟踪。,C01 / 生成按钮B01,PASS,C01;B01;BUILD_ID=9sMLb0KxOZx3vl8L7_ez-;route/theme/viewport
R32-dark-1366,R32,/share/[slug],dark,1366,768,1366x768,真实公开分享,evidence/user-pages-matrix/R32-share-dark-1366x768.png,evidence/user-pages-matrix/R32-share-dark-1366x768.json,evidence/after-full-e2e-live-finaldb-20260915.log,PASS,当前构建默认渲染状态已逐项取证；交互/有效/加载/失败/弹层/保存状态仍在页面验收矩阵中单独跟踪。,C01 / 生成按钮B01,PASS,C01;B01;BUILD_ID=9sMLb0KxOZx3vl8L7_ez-;route/theme/viewport
R32-dark-1024,R32,/share/[slug],dark,1024,768,1024x768,真实公开分享,evidence/user-pages-matrix/R32-share-dark-1024x768.png,evidence/user-pages-matrix/R32-share-dark-1024x768.json,evidence/after-full-e2e-live-finaldb-20260915.log,PASS,当前构建默认渲染状态已逐项取证；交互/有效/加载/失败/弹层/保存状态仍在页面验收矩阵中单独跟踪。,C01 / 生成按钮B01,PASS,C01;B01;BUILD_ID=9sMLb0KxOZx3vl8L7_ez-;route/theme/viewport
R32-dark-768,R32,/share/[slug],dark,768,1024,768x1024,真实公开分享,evidence/user-pages-matrix/R32-share-dark-768x1024.png,evidence/user-pages-matrix/R32-share-dark-768x1024.json,evidence/after-full-e2e-live-finaldb-20260915.log,PASS,当前构建默认渲染状态已逐项取证；交互/有效/加载/失败/弹层/保存状态仍在页面验收矩阵中单独跟踪。,C01 / 生成按钮B01,PASS,C01;B01;BUILD_ID=9sMLb0KxOZx3vl8L7_ez-;route/theme/viewport
R32-dark-390,R32,/share/[slug],dark,390,844,390x844,真实公开分享,evidence/user-pages-matrix/R32-share-dark-390x844.png,evidence/user-pages-matrix/R32-share-dark-390x844.json,evidence/after-full-e2e-live-finaldb-20260915.log,PASS,当前构建默认渲染状态已逐项取证；交互/有效/加载/失败/弹层/保存状态仍在页面验收矩阵中单独跟踪。,C01 / 生成按钮B01,PASS,C01;B01;BUILD_ID=9sMLb0KxOZx3vl8L7_ez-;route/theme/viewport
R32-dark-430,R32,/share/[slug],dark,430,932,430x932,真实公开分享,evidence/user-pages-matrix/R32-share-dark-430x932.png,evidence/user-pages-matrix/R32-share-dark-430x932.json,evidence/after-full-e2e-live-finaldb-20260915.log,PASS,当前构建默认渲染状态已逐项取证；交互/有效/加载/失败/弹层/保存状态仍在页面验收矩阵中单独跟踪。,C01 / 生成按钮B01,PASS,C01;B01;BUILD_ID=9sMLb0KxOZx3vl8L7_ez-;route/theme/viewport
R33-light-1672,R33,/terms,light,1672,941,1672x941,服务条款,evidence/user-pages-matrix/R33-terms-light-1672x941.png,evidence/user-pages-matrix/R33-terms-light-1672x941.json,evidence/after-full-e2e-live-finaldb-20260915.log,PASS,当前构建默认渲染状态已逐项取证；交互/有效/加载/失败/弹层/保存状态仍在页面验收矩阵中单独跟踪。,C01 / 生成按钮B01,PASS,C01;B01;BUILD_ID=9sMLb0KxOZx3vl8L7_ez-;route/theme/viewport
R33-light-1440,R33,/terms,light,1440,900,1440x900,服务条款,evidence/user-pages-matrix/R33-terms-light-1440x900.png,evidence/user-pages-matrix/R33-terms-light-1440x900.json,evidence/after-full-e2e-live-finaldb-20260915.log,PASS,当前构建默认渲染状态已逐项取证；交互/有效/加载/失败/弹层/保存状态仍在页面验收矩阵中单独跟踪。,C01 / 生成按钮B01,PASS,C01;B01;BUILD_ID=9sMLb0KxOZx3vl8L7_ez-;route/theme/viewport
R33-light-1366,R33,/terms,light,1366,768,1366x768,服务条款,evidence/user-pages-matrix/R33-terms-light-1366x768.png,evidence/user-pages-matrix/R33-terms-light-1366x768.json,evidence/after-full-e2e-live-finaldb-20260915.log,PASS,当前构建默认渲染状态已逐项取证；交互/有效/加载/失败/弹层/保存状态仍在页面验收矩阵中单独跟踪。,C01 / 生成按钮B01,PASS,C01;B01;BUILD_ID=9sMLb0KxOZx3vl8L7_ez-;route/theme/viewport
R33-light-1024,R33,/terms,light,1024,768,1024x768,服务条款,evidence/user-pages-matrix/R33-terms-light-1024x768.png,evidence/user-pages-matrix/R33-terms-light-1024x768.json,evidence/after-full-e2e-live-finaldb-20260915.log,PASS,当前构建默认渲染状态已逐项取证；交互/有效/加载/失败/弹层/保存状态仍在页面验收矩阵中单独跟踪。,C01 / 生成按钮B01,PASS,C01;B01;BUILD_ID=9sMLb0KxOZx3vl8L7_ez-;route/theme/viewport
R33-light-768,R33,/terms,light,768,1024,768x1024,服务条款,evidence/user-pages-matrix/R33-terms-light-768x1024.png,evidence/user-pages-matrix/R33-terms-light-768x1024.json,evidence/after-full-e2e-live-finaldb-20260915.log,PASS,当前构建默认渲染状态已逐项取证；交互/有效/加载/失败/弹层/保存状态仍在页面验收矩阵中单独跟踪。,C01 / 生成按钮B01,PASS,C01;B01;BUILD_ID=9sMLb0KxOZx3vl8L7_ez-;route/theme/viewport
R33-light-390,R33,/terms,light,390,844,390x844,服务条款,evidence/user-pages-matrix/R33-terms-light-390x844.png,evidence/user-pages-matrix/R33-terms-light-390x844.json,evidence/after-full-e2e-live-finaldb-20260915.log,PASS,当前构建默认渲染状态已逐项取证；交互/有效/加载/失败/弹层/保存状态仍在页面验收矩阵中单独跟踪。,C01 / 生成按钮B01,PASS,C01;B01;BUILD_ID=9sMLb0KxOZx3vl8L7_ez-;route/theme/viewport
R33-light-430,R33,/terms,light,430,932,430x932,服务条款,evidence/user-pages-matrix/R33-terms-light-430x932.png,evidence/user-pages-matrix/R33-terms-light-430x932.json,evidence/after-full-e2e-live-finaldb-20260915.log,PASS,当前构建默认渲染状态已逐项取证；交互/有效/加载/失败/弹层/保存状态仍在页面验收矩阵中单独跟踪。,C01 / 生成按钮B01,PASS,C01;B01;BUILD_ID=9sMLb0KxOZx3vl8L7_ez-;route/theme/viewport
R33-dark-1672,R33,/terms,dark,1672,941,1672x941,服务条款,evidence/user-pages-matrix/R33-terms-dark-1672x941.png,evidence/user-pages-matrix/R33-terms-dark-1672x941.json,evidence/after-full-e2e-live-finaldb-20260915.log,PASS,当前构建默认渲染状态已逐项取证；交互/有效/加载/失败/弹层/保存状态仍在页面验收矩阵中单独跟踪。,C01 / 生成按钮B01,PASS,C01;B01;BUILD_ID=9sMLb0KxOZx3vl8L7_ez-;route/theme/viewport
R33-dark-1440,R33,/terms,dark,1440,900,1440x900,服务条款,evidence/user-pages-matrix/R33-terms-dark-1440x900.png,evidence/user-pages-matrix/R33-terms-dark-1440x900.json,evidence/after-full-e2e-live-finaldb-20260915.log,PASS,当前构建默认渲染状态已逐项取证；交互/有效/加载/失败/弹层/保存状态仍在页面验收矩阵中单独跟踪。,C01 / 生成按钮B01,PASS,C01;B01;BUILD_ID=9sMLb0KxOZx3vl8L7_ez-;route/theme/viewport
R33-dark-1366,R33,/terms,dark,1366,768,1366x768,服务条款,evidence/user-pages-matrix/R33-terms-dark-1366x768.png,evidence/user-pages-matrix/R33-terms-dark-1366x768.json,evidence/after-full-e2e-live-finaldb-20260915.log,PASS,当前构建默认渲染状态已逐项取证；交互/有效/加载/失败/弹层/保存状态仍在页面验收矩阵中单独跟踪。,C01 / 生成按钮B01,PASS,C01;B01;BUILD_ID=9sMLb0KxOZx3vl8L7_ez-;route/theme/viewport
R33-dark-1024,R33,/terms,dark,1024,768,1024x768,服务条款,evidence/user-pages-matrix/R33-terms-dark-1024x768.png,evidence/user-pages-matrix/R33-terms-dark-1024x768.json,evidence/after-full-e2e-live-finaldb-20260915.log,PASS,当前构建默认渲染状态已逐项取证；交互/有效/加载/失败/弹层/保存状态仍在页面验收矩阵中单独跟踪。,C01 / 生成按钮B01,PASS,C01;B01;BUILD_ID=9sMLb0KxOZx3vl8L7_ez-;route/theme/viewport
R33-dark-768,R33,/terms,dark,768,1024,768x1024,服务条款,evidence/user-pages-matrix/R33-terms-dark-768x1024.png,evidence/user-pages-matrix/R33-terms-dark-768x1024.json,evidence/after-full-e2e-live-finaldb-20260915.log,PASS,当前构建默认渲染状态已逐项取证；交互/有效/加载/失败/弹层/保存状态仍在页面验收矩阵中单独跟踪。,C01 / 生成按钮B01,PASS,C01;B01;BUILD_ID=9sMLb0KxOZx3vl8L7_ez-;route/theme/viewport
R33-dark-390,R33,/terms,dark,390,844,390x844,服务条款,evidence/user-pages-matrix/R33-terms-dark-390x844.png,evidence/user-pages-matrix/R33-terms-dark-390x844.json,evidence/after-full-e2e-live-finaldb-20260915.log,PASS,当前构建默认渲染状态已逐项取证；交互/有效/加载/失败/弹层/保存状态仍在页面验收矩阵中单独跟踪。,C01 / 生成按钮B01,PASS,C01;B01;BUILD_ID=9sMLb0KxOZx3vl8L7_ez-;route/theme/viewport
R33-dark-430,R33,/terms,dark,430,932,430x932,服务条款,evidence/user-pages-matrix/R33-terms-dark-430x932.png,evidence/user-pages-matrix/R33-terms-dark-430x932.json,evidence/after-full-e2e-live-finaldb-20260915.log,PASS,当前构建默认渲染状态已逐项取证；交互/有效/加载/失败/弹层/保存状态仍在页面验收矩阵中单独跟踪。,C01 / 生成按钮B01,PASS,C01;B01;BUILD_ID=9sMLb0KxOZx3vl8L7_ez-;route/theme/viewport
R34-light-1672,R34,/u/[username],light,1672,941,1672x941,公开主页真实不可用状态,evidence/user-pages-matrix/R34-profile-public-light-1672x941.png,evidence/user-pages-matrix/R34-profile-public-light-1672x941.json,evidence/after-full-e2e-live-finaldb-20260915.log,PASS,当前构建默认渲染状态已逐项取证；交互/有效/加载/失败/弹层/保存状态仍在页面验收矩阵中单独跟踪。,C01 / 生成按钮B01,PASS,C01;B01;BUILD_ID=9sMLb0KxOZx3vl8L7_ez-;route/theme/viewport
R34-light-1440,R34,/u/[username],light,1440,900,1440x900,公开主页真实不可用状态,evidence/user-pages-matrix/R34-profile-public-light-1440x900.png,evidence/user-pages-matrix/R34-profile-public-light-1440x900.json,evidence/after-full-e2e-live-finaldb-20260915.log,PASS,当前构建默认渲染状态已逐项取证；交互/有效/加载/失败/弹层/保存状态仍在页面验收矩阵中单独跟踪。,C01 / 生成按钮B01,PASS,C01;B01;BUILD_ID=9sMLb0KxOZx3vl8L7_ez-;route/theme/viewport
R34-light-1366,R34,/u/[username],light,1366,768,1366x768,公开主页真实不可用状态,evidence/user-pages-matrix/R34-profile-public-light-1366x768.png,evidence/user-pages-matrix/R34-profile-public-light-1366x768.json,evidence/after-full-e2e-live-finaldb-20260915.log,PASS,当前构建默认渲染状态已逐项取证；交互/有效/加载/失败/弹层/保存状态仍在页面验收矩阵中单独跟踪。,C01 / 生成按钮B01,PASS,C01;B01;BUILD_ID=9sMLb0KxOZx3vl8L7_ez-;route/theme/viewport
R34-light-1024,R34,/u/[username],light,1024,768,1024x768,公开主页真实不可用状态,evidence/user-pages-matrix/R34-profile-public-light-1024x768.png,evidence/user-pages-matrix/R34-profile-public-light-1024x768.json,evidence/after-full-e2e-live-finaldb-20260915.log,PASS,当前构建默认渲染状态已逐项取证；交互/有效/加载/失败/弹层/保存状态仍在页面验收矩阵中单独跟踪。,C01 / 生成按钮B01,PASS,C01;B01;BUILD_ID=9sMLb0KxOZx3vl8L7_ez-;route/theme/viewport
R34-light-768,R34,/u/[username],light,768,1024,768x1024,公开主页真实不可用状态,evidence/user-pages-matrix/R34-profile-public-light-768x1024.png,evidence/user-pages-matrix/R34-profile-public-light-768x1024.json,evidence/after-full-e2e-live-finaldb-20260915.log,PASS,当前构建默认渲染状态已逐项取证；交互/有效/加载/失败/弹层/保存状态仍在页面验收矩阵中单独跟踪。,C01 / 生成按钮B01,PASS,C01;B01;BUILD_ID=9sMLb0KxOZx3vl8L7_ez-;route/theme/viewport
R34-light-390,R34,/u/[username],light,390,844,390x844,公开主页真实不可用状态,evidence/user-pages-matrix/R34-profile-public-light-390x844.png,evidence/user-pages-matrix/R34-profile-public-light-390x844.json,evidence/after-full-e2e-live-finaldb-20260915.log,PASS,当前构建默认渲染状态已逐项取证；交互/有效/加载/失败/弹层/保存状态仍在页面验收矩阵中单独跟踪。,C01 / 生成按钮B01,PASS,C01;B01;BUILD_ID=9sMLb0KxOZx3vl8L7_ez-;route/theme/viewport
R34-light-430,R34,/u/[username],light,430,932,430x932,公开主页真实不可用状态,evidence/user-pages-matrix/R34-profile-public-light-430x932.png,evidence/user-pages-matrix/R34-profile-public-light-430x932.json,evidence/after-full-e2e-live-finaldb-20260915.log,PASS,当前构建默认渲染状态已逐项取证；交互/有效/加载/失败/弹层/保存状态仍在页面验收矩阵中单独跟踪。,C01 / 生成按钮B01,PASS,C01;B01;BUILD_ID=9sMLb0KxOZx3vl8L7_ez-;route/theme/viewport
R34-dark-1672,R34,/u/[username],dark,1672,941,1672x941,公开主页真实不可用状态,evidence/user-pages-matrix/R34-profile-public-dark-1672x941.png,evidence/user-pages-matrix/R34-profile-public-dark-1672x941.json,evidence/after-full-e2e-live-finaldb-20260915.log,PASS,当前构建默认渲染状态已逐项取证；交互/有效/加载/失败/弹层/保存状态仍在页面验收矩阵中单独跟踪。,C01 / 生成按钮B01,PASS,C01;B01;BUILD_ID=9sMLb0KxOZx3vl8L7_ez-;route/theme/viewport
R34-dark-1440,R34,/u/[username],dark,1440,900,1440x900,公开主页真实不可用状态,evidence/user-pages-matrix/R34-profile-public-dark-1440x900.png,evidence/user-pages-matrix/R34-profile-public-dark-1440x900.json,evidence/after-full-e2e-live-finaldb-20260915.log,PASS,当前构建默认渲染状态已逐项取证；交互/有效/加载/失败/弹层/保存状态仍在页面验收矩阵中单独跟踪。,C01 / 生成按钮B01,PASS,C01;B01;BUILD_ID=9sMLb0KxOZx3vl8L7_ez-;route/theme/viewport
R34-dark-1366,R34,/u/[username],dark,1366,768,1366x768,公开主页真实不可用状态,evidence/user-pages-matrix/R34-profile-public-dark-1366x768.png,evidence/user-pages-matrix/R34-profile-public-dark-1366x768.json,evidence/after-full-e2e-live-finaldb-20260915.log,PASS,当前构建默认渲染状态已逐项取证；交互/有效/加载/失败/弹层/保存状态仍在页面验收矩阵中单独跟踪。,C01 / 生成按钮B01,PASS,C01;B01;BUILD_ID=9sMLb0KxOZx3vl8L7_ez-;route/theme/viewport
R34-dark-1024,R34,/u/[username],dark,1024,768,1024x768,公开主页真实不可用状态,evidence/user-pages-matrix/R34-profile-public-dark-1024x768.png,evidence/user-pages-matrix/R34-profile-public-dark-1024x768.json,evidence/after-full-e2e-live-finaldb-20260915.log,PASS,当前构建默认渲染状态已逐项取证；交互/有效/加载/失败/弹层/保存状态仍在页面验收矩阵中单独跟踪。,C01 / 生成按钮B01,PASS,C01;B01;BUILD_ID=9sMLb0KxOZx3vl8L7_ez-;route/theme/viewport
R34-dark-768,R34,/u/[username],dark,768,1024,768x1024,公开主页真实不可用状态,evidence/user-pages-matrix/R34-profile-public-dark-768x1024.png,evidence/user-pages-matrix/R34-profile-public-dark-768x1024.json,evidence/after-full-e2e-live-finaldb-20260915.log,PASS,当前构建默认渲染状态已逐项取证；交互/有效/加载/失败/弹层/保存状态仍在页面验收矩阵中单独跟踪。,C01 / 生成按钮B01,PASS,C01;B01;BUILD_ID=9sMLb0KxOZx3vl8L7_ez-;route/theme/viewport
R34-dark-390,R34,/u/[username],dark,390,844,390x844,公开主页真实不可用状态,evidence/user-pages-matrix/R34-profile-public-dark-390x844.png,evidence/user-pages-matrix/R34-profile-public-dark-390x844.json,evidence/after-full-e2e-live-finaldb-20260915.log,PASS,当前构建默认渲染状态已逐项取证；交互/有效/加载/失败/弹层/保存状态仍在页面验收矩阵中单独跟踪。,C01 / 生成按钮B01,PASS,C01;B01;BUILD_ID=9sMLb0KxOZx3vl8L7_ez-;route/theme/viewport
R34-dark-430,R34,/u/[username],dark,430,932,430x932,公开主页真实不可用状态,evidence/user-pages-matrix/R34-profile-public-dark-430x932.png,evidence/user-pages-matrix/R34-profile-public-dark-430x932.json,evidence/after-full-e2e-live-finaldb-20260915.log,PASS,当前构建默认渲染状态已逐项取证；交互/有效/加载/失败/弹层/保存状态仍在页面验收矩阵中单独跟踪。,C01 / 生成按钮B01,PASS,C01;B01;BUILD_ID=9sMLb0KxOZx3vl8L7_ez-;route/theme/viewport
A01-light-1672,A01,/admin?section=overview,light,1672,941,1672x941,后台默认分区,evidence/admin-sections-matrix/overview-light-1672x941.png,evidence/admin-sections-matrix/overview-light-1672x941.json,evidence/after-full-e2e-live-finaldb-20260915.log,PASS,当前构建默认渲染状态已逐项取证；交互/有效/加载/失败/弹层/保存状态仍在页面验收矩阵中单独跟踪。,C01 / 生成按钮B01,PASS,C01;B01;BUILD_ID=9sMLb0KxOZx3vl8L7_ez-;route/theme/viewport
A01-light-1440,A01,/admin?section=overview,light,1440,900,1440x900,后台默认分区,evidence/admin-sections-matrix/overview-light-1440x900.png,evidence/admin-sections-matrix/overview-light-1440x900.json,evidence/after-full-e2e-live-finaldb-20260915.log,PASS,当前构建默认渲染状态已逐项取证；交互/有效/加载/失败/弹层/保存状态仍在页面验收矩阵中单独跟踪。,C01 / 生成按钮B01,PASS,C01;B01;BUILD_ID=9sMLb0KxOZx3vl8L7_ez-;route/theme/viewport
A01-light-1366,A01,/admin?section=overview,light,1366,768,1366x768,后台默认分区,evidence/admin-sections-matrix/overview-light-1366x768.png,evidence/admin-sections-matrix/overview-light-1366x768.json,evidence/after-full-e2e-live-finaldb-20260915.log,PASS,当前构建默认渲染状态已逐项取证；交互/有效/加载/失败/弹层/保存状态仍在页面验收矩阵中单独跟踪。,C01 / 生成按钮B01,PASS,C01;B01;BUILD_ID=9sMLb0KxOZx3vl8L7_ez-;route/theme/viewport
A01-light-1024,A01,/admin?section=overview,light,1024,768,1024x768,后台默认分区,evidence/admin-sections-matrix/overview-light-1024x768.png,evidence/admin-sections-matrix/overview-light-1024x768.json,evidence/after-full-e2e-live-finaldb-20260915.log,PASS,当前构建默认渲染状态已逐项取证；交互/有效/加载/失败/弹层/保存状态仍在页面验收矩阵中单独跟踪。,C01 / 生成按钮B01,PASS,C01;B01;BUILD_ID=9sMLb0KxOZx3vl8L7_ez-;route/theme/viewport
A01-light-768,A01,/admin?section=overview,light,768,1024,768x1024,后台默认分区,evidence/admin-sections-matrix/overview-light-768x1024.png,evidence/admin-sections-matrix/overview-light-768x1024.json,evidence/after-full-e2e-live-finaldb-20260915.log,PASS,当前构建默认渲染状态已逐项取证；交互/有效/加载/失败/弹层/保存状态仍在页面验收矩阵中单独跟踪。,C01 / 生成按钮B01,PASS,C01;B01;BUILD_ID=9sMLb0KxOZx3vl8L7_ez-;route/theme/viewport
A01-light-390,A01,/admin?section=overview,light,390,844,390x844,后台默认分区,evidence/admin-sections-matrix/overview-light-390x844.png,evidence/admin-sections-matrix/overview-light-390x844.json,evidence/after-full-e2e-live-finaldb-20260915.log,PASS,当前构建默认渲染状态已逐项取证；交互/有效/加载/失败/弹层/保存状态仍在页面验收矩阵中单独跟踪。,C01 / 生成按钮B01,PASS,C01;B01;BUILD_ID=9sMLb0KxOZx3vl8L7_ez-;route/theme/viewport
A01-light-430,A01,/admin?section=overview,light,430,932,430x932,后台默认分区,evidence/admin-sections-matrix/overview-light-430x932.png,evidence/admin-sections-matrix/overview-light-430x932.json,evidence/after-full-e2e-live-finaldb-20260915.log,PASS,当前构建默认渲染状态已逐项取证；交互/有效/加载/失败/弹层/保存状态仍在页面验收矩阵中单独跟踪。,C01 / 生成按钮B01,PASS,C01;B01;BUILD_ID=9sMLb0KxOZx3vl8L7_ez-;route/theme/viewport
A01-dark-1672,A01,/admin?section=overview,dark,1672,941,1672x941,后台默认分区,evidence/admin-sections-matrix/overview-dark-1672x941.png,evidence/admin-sections-matrix/overview-dark-1672x941.json,evidence/after-full-e2e-live-finaldb-20260915.log,PASS,当前构建默认渲染状态已逐项取证；交互/有效/加载/失败/弹层/保存状态仍在页面验收矩阵中单独跟踪。,C01 / 生成按钮B01,PASS,C01;B01;BUILD_ID=9sMLb0KxOZx3vl8L7_ez-;route/theme/viewport
A01-dark-1440,A01,/admin?section=overview,dark,1440,900,1440x900,后台默认分区,evidence/admin-sections-matrix/overview-dark-1440x900.png,evidence/admin-sections-matrix/overview-dark-1440x900.json,evidence/after-full-e2e-live-finaldb-20260915.log,PASS,当前构建默认渲染状态已逐项取证；交互/有效/加载/失败/弹层/保存状态仍在页面验收矩阵中单独跟踪。,C01 / 生成按钮B01,PASS,C01;B01;BUILD_ID=9sMLb0KxOZx3vl8L7_ez-;route/theme/viewport
A01-dark-1366,A01,/admin?section=overview,dark,1366,768,1366x768,后台默认分区,evidence/admin-sections-matrix/overview-dark-1366x768.png,evidence/admin-sections-matrix/overview-dark-1366x768.json,evidence/after-full-e2e-live-finaldb-20260915.log,PASS,当前构建默认渲染状态已逐项取证；交互/有效/加载/失败/弹层/保存状态仍在页面验收矩阵中单独跟踪。,C01 / 生成按钮B01,PASS,C01;B01;BUILD_ID=9sMLb0KxOZx3vl8L7_ez-;route/theme/viewport
A01-dark-1024,A01,/admin?section=overview,dark,1024,768,1024x768,后台默认分区,evidence/admin-sections-matrix/overview-dark-1024x768.png,evidence/admin-sections-matrix/overview-dark-1024x768.json,evidence/after-full-e2e-live-finaldb-20260915.log,PASS,当前构建默认渲染状态已逐项取证；交互/有效/加载/失败/弹层/保存状态仍在页面验收矩阵中单独跟踪。,C01 / 生成按钮B01,PASS,C01;B01;BUILD_ID=9sMLb0KxOZx3vl8L7_ez-;route/theme/viewport
A01-dark-768,A01,/admin?section=overview,dark,768,1024,768x1024,后台默认分区,evidence/admin-sections-matrix/overview-dark-768x1024.png,evidence/admin-sections-matrix/overview-dark-768x1024.json,evidence/after-full-e2e-live-finaldb-20260915.log,PASS,当前构建默认渲染状态已逐项取证；交互/有效/加载/失败/弹层/保存状态仍在页面验收矩阵中单独跟踪。,C01 / 生成按钮B01,PASS,C01;B01;BUILD_ID=9sMLb0KxOZx3vl8L7_ez-;route/theme/viewport
A01-dark-390,A01,/admin?section=overview,dark,390,844,390x844,后台默认分区,evidence/admin-sections-matrix/overview-dark-390x844.png,evidence/admin-sections-matrix/overview-dark-390x844.json,evidence/after-full-e2e-live-finaldb-20260915.log,PASS,当前构建默认渲染状态已逐项取证；交互/有效/加载/失败/弹层/保存状态仍在页面验收矩阵中单独跟踪。,C01 / 生成按钮B01,PASS,C01;B01;BUILD_ID=9sMLb0KxOZx3vl8L7_ez-;route/theme/viewport
A01-dark-430,A01,/admin?section=overview,dark,430,932,430x932,后台默认分区,evidence/admin-sections-matrix/overview-dark-430x932.png,evidence/admin-sections-matrix/overview-dark-430x932.json,evidence/after-full-e2e-live-finaldb-20260915.log,PASS,当前构建默认渲染状态已逐项取证；交互/有效/加载/失败/弹层/保存状态仍在页面验收矩阵中单独跟踪。,C01 / 生成按钮B01,PASS,C01;B01;BUILD_ID=9sMLb0KxOZx3vl8L7_ez-;route/theme/viewport
A02-light-1672,A02,/admin?section=users,light,1672,941,1672x941,后台默认分区,evidence/admin-sections-matrix/site-light-1672x941.png,evidence/admin-sections-matrix/site-light-1672x941.json,evidence/after-full-e2e-live-finaldb-20260915.log,PASS,当前构建默认渲染状态已逐项取证；交互/有效/加载/失败/弹层/保存状态仍在页面验收矩阵中单独跟踪。,C01 / 生成按钮B01,PASS,C01;B01;BUILD_ID=9sMLb0KxOZx3vl8L7_ez-;route/theme/viewport
A02-light-1440,A02,/admin?section=users,light,1440,900,1440x900,后台默认分区,evidence/admin-sections-matrix/site-light-1440x900.png,evidence/admin-sections-matrix/site-light-1440x900.json,evidence/after-full-e2e-live-finaldb-20260915.log,PASS,当前构建默认渲染状态已逐项取证；交互/有效/加载/失败/弹层/保存状态仍在页面验收矩阵中单独跟踪。,C01 / 生成按钮B01,PASS,C01;B01;BUILD_ID=9sMLb0KxOZx3vl8L7_ez-;route/theme/viewport
A02-light-1366,A02,/admin?section=users,light,1366,768,1366x768,后台默认分区,evidence/admin-sections-matrix/site-light-1366x768.png,evidence/admin-sections-matrix/site-light-1366x768.json,evidence/after-full-e2e-live-finaldb-20260915.log,PASS,当前构建默认渲染状态已逐项取证；交互/有效/加载/失败/弹层/保存状态仍在页面验收矩阵中单独跟踪。,C01 / 生成按钮B01,PASS,C01;B01;BUILD_ID=9sMLb0KxOZx3vl8L7_ez-;route/theme/viewport
A02-light-1024,A02,/admin?section=users,light,1024,768,1024x768,后台默认分区,evidence/admin-sections-matrix/site-light-1024x768.png,evidence/admin-sections-matrix/site-light-1024x768.json,evidence/after-full-e2e-live-finaldb-20260915.log,PASS,当前构建默认渲染状态已逐项取证；交互/有效/加载/失败/弹层/保存状态仍在页面验收矩阵中单独跟踪。,C01 / 生成按钮B01,PASS,C01;B01;BUILD_ID=9sMLb0KxOZx3vl8L7_ez-;route/theme/viewport
A02-light-768,A02,/admin?section=users,light,768,1024,768x1024,后台默认分区,evidence/admin-sections-matrix/site-light-768x1024.png,evidence/admin-sections-matrix/site-light-768x1024.json,evidence/after-full-e2e-live-finaldb-20260915.log,PASS,当前构建默认渲染状态已逐项取证；交互/有效/加载/失败/弹层/保存状态仍在页面验收矩阵中单独跟踪。,C01 / 生成按钮B01,PASS,C01;B01;BUILD_ID=9sMLb0KxOZx3vl8L7_ez-;route/theme/viewport
A02-light-390,A02,/admin?section=users,light,390,844,390x844,后台默认分区,evidence/admin-sections-matrix/site-light-390x844.png,evidence/admin-sections-matrix/site-light-390x844.json,evidence/after-full-e2e-live-finaldb-20260915.log,PASS,当前构建默认渲染状态已逐项取证；交互/有效/加载/失败/弹层/保存状态仍在页面验收矩阵中单独跟踪。,C01 / 生成按钮B01,PASS,C01;B01;BUILD_ID=9sMLb0KxOZx3vl8L7_ez-;route/theme/viewport
A02-light-430,A02,/admin?section=users,light,430,932,430x932,后台默认分区,evidence/admin-sections-matrix/site-light-430x932.png,evidence/admin-sections-matrix/site-light-430x932.json,evidence/after-full-e2e-live-finaldb-20260915.log,PASS,当前构建默认渲染状态已逐项取证；交互/有效/加载/失败/弹层/保存状态仍在页面验收矩阵中单独跟踪。,C01 / 生成按钮B01,PASS,C01;B01;BUILD_ID=9sMLb0KxOZx3vl8L7_ez-;route/theme/viewport
A02-dark-1672,A02,/admin?section=users,dark,1672,941,1672x941,后台默认分区,evidence/admin-sections-matrix/site-dark-1672x941.png,evidence/admin-sections-matrix/site-dark-1672x941.json,evidence/after-full-e2e-live-finaldb-20260915.log,PASS,当前构建默认渲染状态已逐项取证；交互/有效/加载/失败/弹层/保存状态仍在页面验收矩阵中单独跟踪。,C01 / 生成按钮B01,PASS,C01;B01;BUILD_ID=9sMLb0KxOZx3vl8L7_ez-;route/theme/viewport
A02-dark-1440,A02,/admin?section=users,dark,1440,900,1440x900,后台默认分区,evidence/admin-sections-matrix/site-dark-1440x900.png,evidence/admin-sections-matrix/site-dark-1440x900.json,evidence/after-full-e2e-live-finaldb-20260915.log,PASS,当前构建默认渲染状态已逐项取证；交互/有效/加载/失败/弹层/保存状态仍在页面验收矩阵中单独跟踪。,C01 / 生成按钮B01,PASS,C01;B01;BUILD_ID=9sMLb0KxOZx3vl8L7_ez-;route/theme/viewport
A02-dark-1366,A02,/admin?section=users,dark,1366,768,1366x768,后台默认分区,evidence/admin-sections-matrix/site-dark-1366x768.png,evidence/admin-sections-matrix/site-dark-1366x768.json,evidence/after-full-e2e-live-finaldb-20260915.log,PASS,当前构建默认渲染状态已逐项取证；交互/有效/加载/失败/弹层/保存状态仍在页面验收矩阵中单独跟踪。,C01 / 生成按钮B01,PASS,C01;B01;BUILD_ID=9sMLb0KxOZx3vl8L7_ez-;route/theme/viewport
A02-dark-1024,A02,/admin?section=users,dark,1024,768,1024x768,后台默认分区,evidence/admin-sections-matrix/site-dark-1024x768.png,evidence/admin-sections-matrix/site-dark-1024x768.json,evidence/after-full-e2e-live-finaldb-20260915.log,PASS,当前构建默认渲染状态已逐项取证；交互/有效/加载/失败/弹层/保存状态仍在页面验收矩阵中单独跟踪。,C01 / 生成按钮B01,PASS,C01;B01;BUILD_ID=9sMLb0KxOZx3vl8L7_ez-;route/theme/viewport
A02-dark-768,A02,/admin?section=users,dark,768,1024,768x1024,后台默认分区,evidence/admin-sections-matrix/site-dark-768x1024.png,evidence/admin-sections-matrix/site-dark-768x1024.json,evidence/after-full-e2e-live-finaldb-20260915.log,PASS,当前构建默认渲染状态已逐项取证；交互/有效/加载/失败/弹层/保存状态仍在页面验收矩阵中单独跟踪。,C01 / 生成按钮B01,PASS,C01;B01;BUILD_ID=9sMLb0KxOZx3vl8L7_ez-;route/theme/viewport
A02-dark-390,A02,/admin?section=users,dark,390,844,390x844,后台默认分区,evidence/admin-sections-matrix/site-dark-390x844.png,evidence/admin-sections-matrix/site-dark-390x844.json,evidence/after-full-e2e-live-finaldb-20260915.log,PASS,当前构建默认渲染状态已逐项取证；交互/有效/加载/失败/弹层/保存状态仍在页面验收矩阵中单独跟踪。,C01 / 生成按钮B01,PASS,C01;B01;BUILD_ID=9sMLb0KxOZx3vl8L7_ez-;route/theme/viewport
A02-dark-430,A02,/admin?section=users,dark,430,932,430x932,后台默认分区,evidence/admin-sections-matrix/site-dark-430x932.png,evidence/admin-sections-matrix/site-dark-430x932.json,evidence/after-full-e2e-live-finaldb-20260915.log,PASS,当前构建默认渲染状态已逐项取证；交互/有效/加载/失败/弹层/保存状态仍在页面验收矩阵中单独跟踪。,C01 / 生成按钮B01,PASS,C01;B01;BUILD_ID=9sMLb0KxOZx3vl8L7_ez-;route/theme/viewport
A03-light-1672,A03,/admin?section=logs,light,1672,941,1672x941,后台默认分区,evidence/admin-sections-matrix/channels-light-1672x941.png,evidence/admin-sections-matrix/channels-light-1672x941.json,evidence/after-full-e2e-live-finaldb-20260915.log,PASS,当前构建默认渲染状态已逐项取证；交互/有效/加载/失败/弹层/保存状态仍在页面验收矩阵中单独跟踪。,C01 / 生成按钮B01,PASS,C01;B01;BUILD_ID=9sMLb0KxOZx3vl8L7_ez-;route/theme/viewport
A03-light-1440,A03,/admin?section=logs,light,1440,900,1440x900,后台默认分区,evidence/admin-sections-matrix/channels-light-1440x900.png,evidence/admin-sections-matrix/channels-light-1440x900.json,evidence/after-full-e2e-live-finaldb-20260915.log,PASS,当前构建默认渲染状态已逐项取证；交互/有效/加载/失败/弹层/保存状态仍在页面验收矩阵中单独跟踪。,C01 / 生成按钮B01,PASS,C01;B01;BUILD_ID=9sMLb0KxOZx3vl8L7_ez-;route/theme/viewport
A03-light-1366,A03,/admin?section=logs,light,1366,768,1366x768,后台默认分区,evidence/admin-sections-matrix/channels-light-1366x768.png,evidence/admin-sections-matrix/channels-light-1366x768.json,evidence/after-full-e2e-live-finaldb-20260915.log,PASS,当前构建默认渲染状态已逐项取证；交互/有效/加载/失败/弹层/保存状态仍在页面验收矩阵中单独跟踪。,C01 / 生成按钮B01,PASS,C01;B01;BUILD_ID=9sMLb0KxOZx3vl8L7_ez-;route/theme/viewport
A03-light-1024,A03,/admin?section=logs,light,1024,768,1024x768,后台默认分区,evidence/admin-sections-matrix/channels-light-1024x768.png,evidence/admin-sections-matrix/channels-light-1024x768.json,evidence/after-full-e2e-live-finaldb-20260915.log,PASS,当前构建默认渲染状态已逐项取证；交互/有效/加载/失败/弹层/保存状态仍在页面验收矩阵中单独跟踪。,C01 / 生成按钮B01,PASS,C01;B01;BUILD_ID=9sMLb0KxOZx3vl8L7_ez-;route/theme/viewport
A03-light-768,A03,/admin?section=logs,light,768,1024,768x1024,后台默认分区,evidence/admin-sections-matrix/channels-light-768x1024.png,evidence/admin-sections-matrix/channels-light-768x1024.json,evidence/after-full-e2e-live-finaldb-20260915.log,PASS,当前构建默认渲染状态已逐项取证；交互/有效/加载/失败/弹层/保存状态仍在页面验收矩阵中单独跟踪。,C01 / 生成按钮B01,PASS,C01;B01;BUILD_ID=9sMLb0KxOZx3vl8L7_ez-;route/theme/viewport
A03-light-390,A03,/admin?section=logs,light,390,844,390x844,后台默认分区,evidence/admin-sections-matrix/channels-light-390x844.png,evidence/admin-sections-matrix/channels-light-390x844.json,evidence/after-full-e2e-live-finaldb-20260915.log,PASS,当前构建默认渲染状态已逐项取证；交互/有效/加载/失败/弹层/保存状态仍在页面验收矩阵中单独跟踪。,C01 / 生成按钮B01,PASS,C01;B01;BUILD_ID=9sMLb0KxOZx3vl8L7_ez-;route/theme/viewport
A03-light-430,A03,/admin?section=logs,light,430,932,430x932,后台默认分区,evidence/admin-sections-matrix/channels-light-430x932.png,evidence/admin-sections-matrix/channels-light-430x932.json,evidence/after-full-e2e-live-finaldb-20260915.log,PASS,当前构建默认渲染状态已逐项取证；交互/有效/加载/失败/弹层/保存状态仍在页面验收矩阵中单独跟踪。,C01 / 生成按钮B01,PASS,C01;B01;BUILD_ID=9sMLb0KxOZx3vl8L7_ez-;route/theme/viewport
A03-dark-1672,A03,/admin?section=logs,dark,1672,941,1672x941,后台默认分区,evidence/admin-sections-matrix/channels-dark-1672x941.png,evidence/admin-sections-matrix/channels-dark-1672x941.json,evidence/after-full-e2e-live-finaldb-20260915.log,PASS,当前构建默认渲染状态已逐项取证；交互/有效/加载/失败/弹层/保存状态仍在页面验收矩阵中单独跟踪。,C01 / 生成按钮B01,PASS,C01;B01;BUILD_ID=9sMLb0KxOZx3vl8L7_ez-;route/theme/viewport
A03-dark-1440,A03,/admin?section=logs,dark,1440,900,1440x900,后台默认分区,evidence/admin-sections-matrix/channels-dark-1440x900.png,evidence/admin-sections-matrix/channels-dark-1440x900.json,evidence/after-full-e2e-live-finaldb-20260915.log,PASS,当前构建默认渲染状态已逐项取证；交互/有效/加载/失败/弹层/保存状态仍在页面验收矩阵中单独跟踪。,C01 / 生成按钮B01,PASS,C01;B01;BUILD_ID=9sMLb0KxOZx3vl8L7_ez-;route/theme/viewport
A03-dark-1366,A03,/admin?section=logs,dark,1366,768,1366x768,后台默认分区,evidence/admin-sections-matrix/channels-dark-1366x768.png,evidence/admin-sections-matrix/channels-dark-1366x768.json,evidence/after-full-e2e-live-finaldb-20260915.log,PASS,当前构建默认渲染状态已逐项取证；交互/有效/加载/失败/弹层/保存状态仍在页面验收矩阵中单独跟踪。,C01 / 生成按钮B01,PASS,C01;B01;BUILD_ID=9sMLb0KxOZx3vl8L7_ez-;route/theme/viewport
A03-dark-1024,A03,/admin?section=logs,dark,1024,768,1024x768,后台默认分区,evidence/admin-sections-matrix/channels-dark-1024x768.png,evidence/admin-sections-matrix/channels-dark-1024x768.json,evidence/after-full-e2e-live-finaldb-20260915.log,PASS,当前构建默认渲染状态已逐项取证；交互/有效/加载/失败/弹层/保存状态仍在页面验收矩阵中单独跟踪。,C01 / 生成按钮B01,PASS,C01;B01;BUILD_ID=9sMLb0KxOZx3vl8L7_ez-;route/theme/viewport
A03-dark-768,A03,/admin?section=logs,dark,768,1024,768x1024,后台默认分区,evidence/admin-sections-matrix/channels-dark-768x1024.png,evidence/admin-sections-matrix/channels-dark-768x1024.json,evidence/after-full-e2e-live-finaldb-20260915.log,PASS,当前构建默认渲染状态已逐项取证；交互/有效/加载/失败/弹层/保存状态仍在页面验收矩阵中单独跟踪。,C01 / 生成按钮B01,PASS,C01;B01;BUILD_ID=9sMLb0KxOZx3vl8L7_ez-;route/theme/viewport
A03-dark-390,A03,/admin?section=logs,dark,390,844,390x844,后台默认分区,evidence/admin-sections-matrix/channels-dark-390x844.png,evidence/admin-sections-matrix/channels-dark-390x844.json,evidence/after-full-e2e-live-finaldb-20260915.log,PASS,当前构建默认渲染状态已逐项取证；交互/有效/加载/失败/弹层/保存状态仍在页面验收矩阵中单独跟踪。,C01 / 生成按钮B01,PASS,C01;B01;BUILD_ID=9sMLb0KxOZx3vl8L7_ez-;route/theme/viewport
A03-dark-430,A03,/admin?section=logs,dark,430,932,430x932,后台默认分区,evidence/admin-sections-matrix/channels-dark-430x932.png,evidence/admin-sections-matrix/channels-dark-430x932.json,evidence/after-full-e2e-live-finaldb-20260915.log,PASS,当前构建默认渲染状态已逐项取证；交互/有效/加载/失败/弹层/保存状态仍在页面验收矩阵中单独跟踪。,C01 / 生成按钮B01,PASS,C01;B01;BUILD_ID=9sMLb0KxOZx3vl8L7_ez-;route/theme/viewport
A04-light-1672,A04,/admin?section=generationOperations,light,1672,941,1672x941,后台默认分区,evidence/admin-sections-matrix/magicProxy-light-1672x941.png,evidence/admin-sections-matrix/magicProxy-light-1672x941.json,evidence/after-full-e2e-live-finaldb-20260915.log,PASS,当前构建默认渲染状态已逐项取证；交互/有效/加载/失败/弹层/保存状态仍在页面验收矩阵中单独跟踪。,C01 / 生成按钮B01,PASS,C01;B01;BUILD_ID=9sMLb0KxOZx3vl8L7_ez-;route/theme/viewport
A04-light-1440,A04,/admin?section=generationOperations,light,1440,900,1440x900,后台默认分区,evidence/admin-sections-matrix/magicProxy-light-1440x900.png,evidence/admin-sections-matrix/magicProxy-light-1440x900.json,evidence/after-full-e2e-live-finaldb-20260915.log,PASS,当前构建默认渲染状态已逐项取证；交互/有效/加载/失败/弹层/保存状态仍在页面验收矩阵中单独跟踪。,C01 / 生成按钮B01,PASS,C01;B01;BUILD_ID=9sMLb0KxOZx3vl8L7_ez-;route/theme/viewport
A04-light-1366,A04,/admin?section=generationOperations,light,1366,768,1366x768,后台默认分区,evidence/admin-sections-matrix/magicProxy-light-1366x768.png,evidence/admin-sections-matrix/magicProxy-light-1366x768.json,evidence/after-full-e2e-live-finaldb-20260915.log,PASS,当前构建默认渲染状态已逐项取证；交互/有效/加载/失败/弹层/保存状态仍在页面验收矩阵中单独跟踪。,C01 / 生成按钮B01,PASS,C01;B01;BUILD_ID=9sMLb0KxOZx3vl8L7_ez-;route/theme/viewport
A04-light-1024,A04,/admin?section=generationOperations,light,1024,768,1024x768,后台默认分区,evidence/admin-sections-matrix/magicProxy-light-1024x768.png,evidence/admin-sections-matrix/magicProxy-light-1024x768.json,evidence/after-full-e2e-live-finaldb-20260915.log,PASS,当前构建默认渲染状态已逐项取证；交互/有效/加载/失败/弹层/保存状态仍在页面验收矩阵中单独跟踪。,C01 / 生成按钮B01,PASS,C01;B01;BUILD_ID=9sMLb0KxOZx3vl8L7_ez-;route/theme/viewport
A04-light-768,A04,/admin?section=generationOperations,light,768,1024,768x1024,后台默认分区,evidence/admin-sections-matrix/magicProxy-light-768x1024.png,evidence/admin-sections-matrix/magicProxy-light-768x1024.json,evidence/after-full-e2e-live-finaldb-20260915.log,PASS,当前构建默认渲染状态已逐项取证；交互/有效/加载/失败/弹层/保存状态仍在页面验收矩阵中单独跟踪。,C01 / 生成按钮B01,PASS,C01;B01;BUILD_ID=9sMLb0KxOZx3vl8L7_ez-;route/theme/viewport
A04-light-390,A04,/admin?section=generationOperations,light,390,844,390x844,后台默认分区,evidence/admin-sections-matrix/magicProxy-light-390x844.png,evidence/admin-sections-matrix/magicProxy-light-390x844.json,evidence/after-full-e2e-live-finaldb-20260915.log,PASS,当前构建默认渲染状态已逐项取证；交互/有效/加载/失败/弹层/保存状态仍在页面验收矩阵中单独跟踪。,C01 / 生成按钮B01,PASS,C01;B01;BUILD_ID=9sMLb0KxOZx3vl8L7_ez-;route/theme/viewport
A04-light-430,A04,/admin?section=generationOperations,light,430,932,430x932,后台默认分区,evidence/admin-sections-matrix/magicProxy-light-430x932.png,evidence/admin-sections-matrix/magicProxy-light-430x932.json,evidence/after-full-e2e-live-finaldb-20260915.log,PASS,当前构建默认渲染状态已逐项取证；交互/有效/加载/失败/弹层/保存状态仍在页面验收矩阵中单独跟踪。,C01 / 生成按钮B01,PASS,C01;B01;BUILD_ID=9sMLb0KxOZx3vl8L7_ez-;route/theme/viewport
A04-dark-1672,A04,/admin?section=generationOperations,dark,1672,941,1672x941,后台默认分区,evidence/admin-sections-matrix/magicProxy-dark-1672x941.png,evidence/admin-sections-matrix/magicProxy-dark-1672x941.json,evidence/after-full-e2e-live-finaldb-20260915.log,PASS,当前构建默认渲染状态已逐项取证；交互/有效/加载/失败/弹层/保存状态仍在页面验收矩阵中单独跟踪。,C01 / 生成按钮B01,PASS,C01;B01;BUILD_ID=9sMLb0KxOZx3vl8L7_ez-;route/theme/viewport
A04-dark-1440,A04,/admin?section=generationOperations,dark,1440,900,1440x900,后台默认分区,evidence/admin-sections-matrix/magicProxy-dark-1440x900.png,evidence/admin-sections-matrix/magicProxy-dark-1440x900.json,evidence/after-full-e2e-live-finaldb-20260915.log,PASS,当前构建默认渲染状态已逐项取证；交互/有效/加载/失败/弹层/保存状态仍在页面验收矩阵中单独跟踪。,C01 / 生成按钮B01,PASS,C01;B01;BUILD_ID=9sMLb0KxOZx3vl8L7_ez-;route/theme/viewport
A04-dark-1366,A04,/admin?section=generationOperations,dark,1366,768,1366x768,后台默认分区,evidence/admin-sections-matrix/magicProxy-dark-1366x768.png,evidence/admin-sections-matrix/magicProxy-dark-1366x768.json,evidence/after-full-e2e-live-finaldb-20260915.log,PASS,当前构建默认渲染状态已逐项取证；交互/有效/加载/失败/弹层/保存状态仍在页面验收矩阵中单独跟踪。,C01 / 生成按钮B01,PASS,C01;B01;BUILD_ID=9sMLb0KxOZx3vl8L7_ez-;route/theme/viewport
A04-dark-1024,A04,/admin?section=generationOperations,dark,1024,768,1024x768,后台默认分区,evidence/admin-sections-matrix/magicProxy-dark-1024x768.png,evidence/admin-sections-matrix/magicProxy-dark-1024x768.json,evidence/after-full-e2e-live-finaldb-20260915.log,PASS,当前构建默认渲染状态已逐项取证；交互/有效/加载/失败/弹层/保存状态仍在页面验收矩阵中单独跟踪。,C01 / 生成按钮B01,PASS,C01;B01;BUILD_ID=9sMLb0KxOZx3vl8L7_ez-;route/theme/viewport
A04-dark-768,A04,/admin?section=generationOperations,dark,768,1024,768x1024,后台默认分区,evidence/admin-sections-matrix/magicProxy-dark-768x1024.png,evidence/admin-sections-matrix/magicProxy-dark-768x1024.json,evidence/after-full-e2e-live-finaldb-20260915.log,PASS,当前构建默认渲染状态已逐项取证；交互/有效/加载/失败/弹层/保存状态仍在页面验收矩阵中单独跟踪。,C01 / 生成按钮B01,PASS,C01;B01;BUILD_ID=9sMLb0KxOZx3vl8L7_ez-;route/theme/viewport
A04-dark-390,A04,/admin?section=generationOperations,dark,390,844,390x844,后台默认分区,evidence/admin-sections-matrix/magicProxy-dark-390x844.png,evidence/admin-sections-matrix/magicProxy-dark-390x844.json,evidence/after-full-e2e-live-finaldb-20260915.log,PASS,当前构建默认渲染状态已逐项取证；交互/有效/加载/失败/弹层/保存状态仍在页面验收矩阵中单独跟踪。,C01 / 生成按钮B01,PASS,C01;B01;BUILD_ID=9sMLb0KxOZx3vl8L7_ez-;route/theme/viewport
A04-dark-430,A04,/admin?section=generationOperations,dark,430,932,430x932,后台默认分区,evidence/admin-sections-matrix/magicProxy-dark-430x932.png,evidence/admin-sections-matrix/magicProxy-dark-430x932.json,evidence/after-full-e2e-live-finaldb-20260915.log,PASS,当前构建默认渲染状态已逐项取证；交互/有效/加载/失败/弹层/保存状态仍在页面验收矩阵中单独跟踪。,C01 / 生成按钮B01,PASS,C01;B01;BUILD_ID=9sMLb0KxOZx3vl8L7_ez-;route/theme/viewport
A05-light-1672,A05,/admin?section=products,light,1672,941,1672x941,后台默认分区,evidence/admin-sections-matrix/genericProxy-light-1672x941.png,evidence/admin-sections-matrix/genericProxy-light-1672x941.json,evidence/after-full-e2e-live-finaldb-20260915.log,PASS,当前构建默认渲染状态已逐项取证；交互/有效/加载/失败/弹层/保存状态仍在页面验收矩阵中单独跟踪。,C01 / 生成按钮B01,PASS,C01;B01;BUILD_ID=9sMLb0KxOZx3vl8L7_ez-;route/theme/viewport
A05-light-1440,A05,/admin?section=products,light,1440,900,1440x900,后台默认分区,evidence/admin-sections-matrix/genericProxy-light-1440x900.png,evidence/admin-sections-matrix/genericProxy-light-1440x900.json,evidence/after-full-e2e-live-finaldb-20260915.log,PASS,当前构建默认渲染状态已逐项取证；交互/有效/加载/失败/弹层/保存状态仍在页面验收矩阵中单独跟踪。,C01 / 生成按钮B01,PASS,C01;B01;BUILD_ID=9sMLb0KxOZx3vl8L7_ez-;route/theme/viewport
A05-light-1366,A05,/admin?section=products,light,1366,768,1366x768,后台默认分区,evidence/admin-sections-matrix/genericProxy-light-1366x768.png,evidence/admin-sections-matrix/genericProxy-light-1366x768.json,evidence/after-full-e2e-live-finaldb-20260915.log,PASS,当前构建默认渲染状态已逐项取证；交互/有效/加载/失败/弹层/保存状态仍在页面验收矩阵中单独跟踪。,C01 / 生成按钮B01,PASS,C01;B01;BUILD_ID=9sMLb0KxOZx3vl8L7_ez-;route/theme/viewport
A05-light-1024,A05,/admin?section=products,light,1024,768,1024x768,后台默认分区,evidence/admin-sections-matrix/genericProxy-light-1024x768.png,evidence/admin-sections-matrix/genericProxy-light-1024x768.json,evidence/after-full-e2e-live-finaldb-20260915.log,PASS,当前构建默认渲染状态已逐项取证；交互/有效/加载/失败/弹层/保存状态仍在页面验收矩阵中单独跟踪。,C01 / 生成按钮B01,PASS,C01;B01;BUILD_ID=9sMLb0KxOZx3vl8L7_ez-;route/theme/viewport
A05-light-768,A05,/admin?section=products,light,768,1024,768x1024,后台默认分区,evidence/admin-sections-matrix/genericProxy-light-768x1024.png,evidence/admin-sections-matrix/genericProxy-light-768x1024.json,evidence/after-full-e2e-live-finaldb-20260915.log,PASS,当前构建默认渲染状态已逐项取证；交互/有效/加载/失败/弹层/保存状态仍在页面验收矩阵中单独跟踪。,C01 / 生成按钮B01,PASS,C01;B01;BUILD_ID=9sMLb0KxOZx3vl8L7_ez-;route/theme/viewport
A05-light-390,A05,/admin?section=products,light,390,844,390x844,后台默认分区,evidence/admin-sections-matrix/genericProxy-light-390x844.png,evidence/admin-sections-matrix/genericProxy-light-390x844.json,evidence/after-full-e2e-live-finaldb-20260915.log,PASS,当前构建默认渲染状态已逐项取证；交互/有效/加载/失败/弹层/保存状态仍在页面验收矩阵中单独跟踪。,C01 / 生成按钮B01,PASS,C01;B01;BUILD_ID=9sMLb0KxOZx3vl8L7_ez-;route/theme/viewport
A05-light-430,A05,/admin?section=products,light,430,932,430x932,后台默认分区,evidence/admin-sections-matrix/genericProxy-light-430x932.png,evidence/admin-sections-matrix/genericProxy-light-430x932.json,evidence/after-full-e2e-live-finaldb-20260915.log,PASS,当前构建默认渲染状态已逐项取证；交互/有效/加载/失败/弹层/保存状态仍在页面验收矩阵中单独跟踪。,C01 / 生成按钮B01,PASS,C01;B01;BUILD_ID=9sMLb0KxOZx3vl8L7_ez-;route/theme/viewport
A05-dark-1672,A05,/admin?section=products,dark,1672,941,1672x941,后台默认分区,evidence/admin-sections-matrix/genericProxy-dark-1672x941.png,evidence/admin-sections-matrix/genericProxy-dark-1672x941.json,evidence/after-full-e2e-live-finaldb-20260915.log,PASS,当前构建默认渲染状态已逐项取证；交互/有效/加载/失败/弹层/保存状态仍在页面验收矩阵中单独跟踪。,C01 / 生成按钮B01,PASS,C01;B01;BUILD_ID=9sMLb0KxOZx3vl8L7_ez-;route/theme/viewport
A05-dark-1440,A05,/admin?section=products,dark,1440,900,1440x900,后台默认分区,evidence/admin-sections-matrix/genericProxy-dark-1440x900.png,evidence/admin-sections-matrix/genericProxy-dark-1440x900.json,evidence/after-full-e2e-live-finaldb-20260915.log,PASS,当前构建默认渲染状态已逐项取证；交互/有效/加载/失败/弹层/保存状态仍在页面验收矩阵中单独跟踪。,C01 / 生成按钮B01,PASS,C01;B01;BUILD_ID=9sMLb0KxOZx3vl8L7_ez-;route/theme/viewport
A05-dark-1366,A05,/admin?section=products,dark,1366,768,1366x768,后台默认分区,evidence/admin-sections-matrix/genericProxy-dark-1366x768.png,evidence/admin-sections-matrix/genericProxy-dark-1366x768.json,evidence/after-full-e2e-live-finaldb-20260915.log,PASS,当前构建默认渲染状态已逐项取证；交互/有效/加载/失败/弹层/保存状态仍在页面验收矩阵中单独跟踪。,C01 / 生成按钮B01,PASS,C01;B01;BUILD_ID=9sMLb0KxOZx3vl8L7_ez-;route/theme/viewport
A05-dark-1024,A05,/admin?section=products,dark,1024,768,1024x768,后台默认分区,evidence/admin-sections-matrix/genericProxy-dark-1024x768.png,evidence/admin-sections-matrix/genericProxy-dark-1024x768.json,evidence/after-full-e2e-live-finaldb-20260915.log,PASS,当前构建默认渲染状态已逐项取证；交互/有效/加载/失败/弹层/保存状态仍在页面验收矩阵中单独跟踪。,C01 / 生成按钮B01,PASS,C01;B01;BUILD_ID=9sMLb0KxOZx3vl8L7_ez-;route/theme/viewport
A05-dark-768,A05,/admin?section=products,dark,768,1024,768x1024,后台默认分区,evidence/admin-sections-matrix/genericProxy-dark-768x1024.png,evidence/admin-sections-matrix/genericProxy-dark-768x1024.json,evidence/after-full-e2e-live-finaldb-20260915.log,PASS,当前构建默认渲染状态已逐项取证；交互/有效/加载/失败/弹层/保存状态仍在页面验收矩阵中单独跟踪。,C01 / 生成按钮B01,PASS,C01;B01;BUILD_ID=9sMLb0KxOZx3vl8L7_ez-;route/theme/viewport
A05-dark-390,A05,/admin?section=products,dark,390,844,390x844,后台默认分区,evidence/admin-sections-matrix/genericProxy-dark-390x844.png,evidence/admin-sections-matrix/genericProxy-dark-390x844.json,evidence/after-full-e2e-live-finaldb-20260915.log,PASS,当前构建默认渲染状态已逐项取证；交互/有效/加载/失败/弹层/保存状态仍在页面验收矩阵中单独跟踪。,C01 / 生成按钮B01,PASS,C01;B01;BUILD_ID=9sMLb0KxOZx3vl8L7_ez-;route/theme/viewport
A05-dark-430,A05,/admin?section=products,dark,430,932,430x932,后台默认分区,evidence/admin-sections-matrix/genericProxy-dark-430x932.png,evidence/admin-sections-matrix/genericProxy-dark-430x932.json,evidence/after-full-e2e-live-finaldb-20260915.log,PASS,当前构建默认渲染状态已逐项取证；交互/有效/加载/失败/弹层/保存状态仍在页面验收矩阵中单独跟踪。,C01 / 生成按钮B01,PASS,C01;B01;BUILD_ID=9sMLb0KxOZx3vl8L7_ez-;route/theme/viewport
A06-light-1672,A06,/admin?section=promotions,light,1672,941,1672x941,后台默认分区,evidence/admin-sections-matrix/runninghub-light-1672x941.png,evidence/admin-sections-matrix/runninghub-light-1672x941.json,evidence/after-full-e2e-live-finaldb-20260915.log,PASS,当前构建默认渲染状态已逐项取证；交互/有效/加载/失败/弹层/保存状态仍在页面验收矩阵中单独跟踪。,C01 / 生成按钮B01,PASS,C01;B01;BUILD_ID=9sMLb0KxOZx3vl8L7_ez-;route/theme/viewport
A06-light-1440,A06,/admin?section=promotions,light,1440,900,1440x900,后台默认分区,evidence/admin-sections-matrix/runninghub-light-1440x900.png,evidence/admin-sections-matrix/runninghub-light-1440x900.json,evidence/after-full-e2e-live-finaldb-20260915.log,PASS,当前构建默认渲染状态已逐项取证；交互/有效/加载/失败/弹层/保存状态仍在页面验收矩阵中单独跟踪。,C01 / 生成按钮B01,PASS,C01;B01;BUILD_ID=9sMLb0KxOZx3vl8L7_ez-;route/theme/viewport
A06-light-1366,A06,/admin?section=promotions,light,1366,768,1366x768,后台默认分区,evidence/admin-sections-matrix/runninghub-light-1366x768.png,evidence/admin-sections-matrix/runninghub-light-1366x768.json,evidence/after-full-e2e-live-finaldb-20260915.log,PASS,当前构建默认渲染状态已逐项取证；交互/有效/加载/失败/弹层/保存状态仍在页面验收矩阵中单独跟踪。,C01 / 生成按钮B01,PASS,C01;B01;BUILD_ID=9sMLb0KxOZx3vl8L7_ez-;route/theme/viewport
A06-light-1024,A06,/admin?section=promotions,light,1024,768,1024x768,后台默认分区,evidence/admin-sections-matrix/runninghub-light-1024x768.png,evidence/admin-sections-matrix/runninghub-light-1024x768.json,evidence/after-full-e2e-live-finaldb-20260915.log,PASS,当前构建默认渲染状态已逐项取证；交互/有效/加载/失败/弹层/保存状态仍在页面验收矩阵中单独跟踪。,C01 / 生成按钮B01,PASS,C01;B01;BUILD_ID=9sMLb0KxOZx3vl8L7_ez-;route/theme/viewport
A06-light-768,A06,/admin?section=promotions,light,768,1024,768x1024,后台默认分区,evidence/admin-sections-matrix/runninghub-light-768x1024.png,evidence/admin-sections-matrix/runninghub-light-768x1024.json,evidence/after-full-e2e-live-finaldb-20260915.log,PASS,当前构建默认渲染状态已逐项取证；交互/有效/加载/失败/弹层/保存状态仍在页面验收矩阵中单独跟踪。,C01 / 生成按钮B01,PASS,C01;B01;BUILD_ID=9sMLb0KxOZx3vl8L7_ez-;route/theme/viewport
A06-light-390,A06,/admin?section=promotions,light,390,844,390x844,后台默认分区,evidence/admin-sections-matrix/runninghub-light-390x844.png,evidence/admin-sections-matrix/runninghub-light-390x844.json,evidence/after-full-e2e-live-finaldb-20260915.log,PASS,当前构建默认渲染状态已逐项取证；交互/有效/加载/失败/弹层/保存状态仍在页面验收矩阵中单独跟踪。,C01 / 生成按钮B01,PASS,C01;B01;BUILD_ID=9sMLb0KxOZx3vl8L7_ez-;route/theme/viewport
A06-light-430,A06,/admin?section=promotions,light,430,932,430x932,后台默认分区,evidence/admin-sections-matrix/runninghub-light-430x932.png,evidence/admin-sections-matrix/runninghub-light-430x932.json,evidence/after-full-e2e-live-finaldb-20260915.log,PASS,当前构建默认渲染状态已逐项取证；交互/有效/加载/失败/弹层/保存状态仍在页面验收矩阵中单独跟踪。,C01 / 生成按钮B01,PASS,C01;B01;BUILD_ID=9sMLb0KxOZx3vl8L7_ez-;route/theme/viewport
A06-dark-1672,A06,/admin?section=promotions,dark,1672,941,1672x941,后台默认分区,evidence/admin-sections-matrix/runninghub-dark-1672x941.png,evidence/admin-sections-matrix/runninghub-dark-1672x941.json,evidence/after-full-e2e-live-finaldb-20260915.log,PASS,当前构建默认渲染状态已逐项取证；交互/有效/加载/失败/弹层/保存状态仍在页面验收矩阵中单独跟踪。,C01 / 生成按钮B01,PASS,C01;B01;BUILD_ID=9sMLb0KxOZx3vl8L7_ez-;route/theme/viewport
A06-dark-1440,A06,/admin?section=promotions,dark,1440,900,1440x900,后台默认分区,evidence/admin-sections-matrix/runninghub-dark-1440x900.png,evidence/admin-sections-matrix/runninghub-dark-1440x900.json,evidence/after-full-e2e-live-finaldb-20260915.log,PASS,当前构建默认渲染状态已逐项取证；交互/有效/加载/失败/弹层/保存状态仍在页面验收矩阵中单独跟踪。,C01 / 生成按钮B01,PASS,C01;B01;BUILD_ID=9sMLb0KxOZx3vl8L7_ez-;route/theme/viewport
A06-dark-1366,A06,/admin?section=promotions,dark,1366,768,1366x768,后台默认分区,evidence/admin-sections-matrix/runninghub-dark-1366x768.png,evidence/admin-sections-matrix/runninghub-dark-1366x768.json,evidence/after-full-e2e-live-finaldb-20260915.log,PASS,当前构建默认渲染状态已逐项取证；交互/有效/加载/失败/弹层/保存状态仍在页面验收矩阵中单独跟踪。,C01 / 生成按钮B01,PASS,C01;B01;BUILD_ID=9sMLb0KxOZx3vl8L7_ez-;route/theme/viewport
A06-dark-1024,A06,/admin?section=promotions,dark,1024,768,1024x768,后台默认分区,evidence/admin-sections-matrix/runninghub-dark-1024x768.png,evidence/admin-sections-matrix/runninghub-dark-1024x768.json,evidence/after-full-e2e-live-finaldb-20260915.log,PASS,当前构建默认渲染状态已逐项取证；交互/有效/加载/失败/弹层/保存状态仍在页面验收矩阵中单独跟踪。,C01 / 生成按钮B01,PASS,C01;B01;BUILD_ID=9sMLb0KxOZx3vl8L7_ez-;route/theme/viewport
A06-dark-768,A06,/admin?section=promotions,dark,768,1024,768x1024,后台默认分区,evidence/admin-sections-matrix/runninghub-dark-768x1024.png,evidence/admin-sections-matrix/runninghub-dark-768x1024.json,evidence/after-full-e2e-live-finaldb-20260915.log,PASS,当前构建默认渲染状态已逐项取证；交互/有效/加载/失败/弹层/保存状态仍在页面验收矩阵中单独跟踪。,C01 / 生成按钮B01,PASS,C01;B01;BUILD_ID=9sMLb0KxOZx3vl8L7_ez-;route/theme/viewport
A06-dark-390,A06,/admin?section=promotions,dark,390,844,390x844,后台默认分区,evidence/admin-sections-matrix/runninghub-dark-390x844.png,evidence/admin-sections-matrix/runninghub-dark-390x844.json,evidence/after-full-e2e-live-finaldb-20260915.log,PASS,当前构建默认渲染状态已逐项取证；交互/有效/加载/失败/弹层/保存状态仍在页面验收矩阵中单独跟踪。,C01 / 生成按钮B01,PASS,C01;B01;BUILD_ID=9sMLb0KxOZx3vl8L7_ez-;route/theme/viewport
A06-dark-430,A06,/admin?section=promotions,dark,430,932,430x932,后台默认分区,evidence/admin-sections-matrix/runninghub-dark-430x932.png,evidence/admin-sections-matrix/runninghub-dark-430x932.json,evidence/after-full-e2e-live-finaldb-20260915.log,PASS,当前构建默认渲染状态已逐项取证；交互/有效/加载/失败/弹层/保存状态仍在页面验收矩阵中单独跟踪。,C01 / 生成按钮B01,PASS,C01;B01;BUILD_ID=9sMLb0KxOZx3vl8L7_ez-;route/theme/viewport
A07-light-1672,A07,/admin?section=coupons,light,1672,941,1672x941,后台默认分区,evidence/admin-sections-matrix/geminiai-light-1672x941.png,evidence/admin-sections-matrix/geminiai-light-1672x941.json,evidence/after-full-e2e-live-finaldb-20260915.log,PASS,当前构建默认渲染状态已逐项取证；交互/有效/加载/失败/弹层/保存状态仍在页面验收矩阵中单独跟踪。,C01 / 生成按钮B01,PASS,C01;B01;BUILD_ID=9sMLb0KxOZx3vl8L7_ez-;route/theme/viewport
A07-light-1440,A07,/admin?section=coupons,light,1440,900,1440x900,后台默认分区,evidence/admin-sections-matrix/geminiai-light-1440x900.png,evidence/admin-sections-matrix/geminiai-light-1440x900.json,evidence/after-full-e2e-live-finaldb-20260915.log,PASS,当前构建默认渲染状态已逐项取证；交互/有效/加载/失败/弹层/保存状态仍在页面验收矩阵中单独跟踪。,C01 / 生成按钮B01,PASS,C01;B01;BUILD_ID=9sMLb0KxOZx3vl8L7_ez-;route/theme/viewport
A07-light-1366,A07,/admin?section=coupons,light,1366,768,1366x768,后台默认分区,evidence/admin-sections-matrix/geminiai-light-1366x768.png,evidence/admin-sections-matrix/geminiai-light-1366x768.json,evidence/after-full-e2e-live-finaldb-20260915.log,PASS,当前构建默认渲染状态已逐项取证；交互/有效/加载/失败/弹层/保存状态仍在页面验收矩阵中单独跟踪。,C01 / 生成按钮B01,PASS,C01;B01;BUILD_ID=9sMLb0KxOZx3vl8L7_ez-;route/theme/viewport
A07-light-1024,A07,/admin?section=coupons,light,1024,768,1024x768,后台默认分区,evidence/admin-sections-matrix/geminiai-light-1024x768.png,evidence/admin-sections-matrix/geminiai-light-1024x768.json,evidence/after-full-e2e-live-finaldb-20260915.log,PASS,当前构建默认渲染状态已逐项取证；交互/有效/加载/失败/弹层/保存状态仍在页面验收矩阵中单独跟踪。,C01 / 生成按钮B01,PASS,C01;B01;BUILD_ID=9sMLb0KxOZx3vl8L7_ez-;route/theme/viewport
A07-light-768,A07,/admin?section=coupons,light,768,1024,768x1024,后台默认分区,evidence/admin-sections-matrix/geminiai-light-768x1024.png,evidence/admin-sections-matrix/geminiai-light-768x1024.json,evidence/after-full-e2e-live-finaldb-20260915.log,PASS,当前构建默认渲染状态已逐项取证；交互/有效/加载/失败/弹层/保存状态仍在页面验收矩阵中单独跟踪。,C01 / 生成按钮B01,PASS,C01;B01;BUILD_ID=9sMLb0KxOZx3vl8L7_ez-;route/theme/viewport
A07-light-390,A07,/admin?section=coupons,light,390,844,390x844,后台默认分区,evidence/admin-sections-matrix/geminiai-light-390x844.png,evidence/admin-sections-matrix/geminiai-light-390x844.json,evidence/after-full-e2e-live-finaldb-20260915.log,PASS,当前构建默认渲染状态已逐项取证；交互/有效/加载/失败/弹层/保存状态仍在页面验收矩阵中单独跟踪。,C01 / 生成按钮B01,PASS,C01;B01;BUILD_ID=9sMLb0KxOZx3vl8L7_ez-;route/theme/viewport
A07-light-430,A07,/admin?section=coupons,light,430,932,430x932,后台默认分区,evidence/admin-sections-matrix/geminiai-light-430x932.png,evidence/admin-sections-matrix/geminiai-light-430x932.json,evidence/after-full-e2e-live-finaldb-20260915.log,PASS,当前构建默认渲染状态已逐项取证；交互/有效/加载/失败/弹层/保存状态仍在页面验收矩阵中单独跟踪。,C01 / 生成按钮B01,PASS,C01;B01;BUILD_ID=9sMLb0KxOZx3vl8L7_ez-;route/theme/viewport
A07-dark-1672,A07,/admin?section=coupons,dark,1672,941,1672x941,后台默认分区,evidence/admin-sections-matrix/geminiai-dark-1672x941.png,evidence/admin-sections-matrix/geminiai-dark-1672x941.json,evidence/after-full-e2e-live-finaldb-20260915.log,PASS,当前构建默认渲染状态已逐项取证；交互/有效/加载/失败/弹层/保存状态仍在页面验收矩阵中单独跟踪。,C01 / 生成按钮B01,PASS,C01;B01;BUILD_ID=9sMLb0KxOZx3vl8L7_ez-;route/theme/viewport
A07-dark-1440,A07,/admin?section=coupons,dark,1440,900,1440x900,后台默认分区,evidence/admin-sections-matrix/geminiai-dark-1440x900.png,evidence/admin-sections-matrix/geminiai-dark-1440x900.json,evidence/after-full-e2e-live-finaldb-20260915.log,PASS,当前构建默认渲染状态已逐项取证；交互/有效/加载/失败/弹层/保存状态仍在页面验收矩阵中单独跟踪。,C01 / 生成按钮B01,PASS,C01;B01;BUILD_ID=9sMLb0KxOZx3vl8L7_ez-;route/theme/viewport
A07-dark-1366,A07,/admin?section=coupons,dark,1366,768,1366x768,后台默认分区,evidence/admin-sections-matrix/geminiai-dark-1366x768.png,evidence/admin-sections-matrix/geminiai-dark-1366x768.json,evidence/after-full-e2e-live-finaldb-20260915.log,PASS,当前构建默认渲染状态已逐项取证；交互/有效/加载/失败/弹层/保存状态仍在页面验收矩阵中单独跟踪。,C01 / 生成按钮B01,PASS,C01;B01;BUILD_ID=9sMLb0KxOZx3vl8L7_ez-;route/theme/viewport
A07-dark-1024,A07,/admin?section=coupons,dark,1024,768,1024x768,后台默认分区,evidence/admin-sections-matrix/geminiai-dark-1024x768.png,evidence/admin-sections-matrix/geminiai-dark-1024x768.json,evidence/after-full-e2e-live-finaldb-20260915.log,PASS,当前构建默认渲染状态已逐项取证；交互/有效/加载/失败/弹层/保存状态仍在页面验收矩阵中单独跟踪。,C01 / 生成按钮B01,PASS,C01;B01;BUILD_ID=9sMLb0KxOZx3vl8L7_ez-;route/theme/viewport
A07-dark-768,A07,/admin?section=coupons,dark,768,1024,768x1024,后台默认分区,evidence/admin-sections-matrix/geminiai-dark-768x1024.png,evidence/admin-sections-matrix/geminiai-dark-768x1024.json,evidence/after-full-e2e-live-finaldb-20260915.log,PASS,当前构建默认渲染状态已逐项取证；交互/有效/加载/失败/弹层/保存状态仍在页面验收矩阵中单独跟踪。,C01 / 生成按钮B01,PASS,C01;B01;BUILD_ID=9sMLb0KxOZx3vl8L7_ez-;route/theme/viewport
A07-dark-390,A07,/admin?section=coupons,dark,390,844,390x844,后台默认分区,evidence/admin-sections-matrix/geminiai-dark-390x844.png,evidence/admin-sections-matrix/geminiai-dark-390x844.json,evidence/after-full-e2e-live-finaldb-20260915.log,PASS,当前构建默认渲染状态已逐项取证；交互/有效/加载/失败/弹层/保存状态仍在页面验收矩阵中单独跟踪。,C01 / 生成按钮B01,PASS,C01;B01;BUILD_ID=9sMLb0KxOZx3vl8L7_ez-;route/theme/viewport
A07-dark-430,A07,/admin?section=coupons,dark,430,932,430x932,后台默认分区,evidence/admin-sections-matrix/geminiai-dark-430x932.png,evidence/admin-sections-matrix/geminiai-dark-430x932.json,evidence/after-full-e2e-live-finaldb-20260915.log,PASS,当前构建默认渲染状态已逐项取证；交互/有效/加载/失败/弹层/保存状态仍在页面验收矩阵中单独跟踪。,C01 / 生成按钮B01,PASS,C01;B01;BUILD_ID=9sMLb0KxOZx3vl8L7_ez-;route/theme/viewport
A08-light-1672,A08,/admin?section=referrals,light,1672,941,1672x941,后台默认分区,evidence/admin-sections-matrix/geminiTools-light-1672x941.png,evidence/admin-sections-matrix/geminiTools-light-1672x941.json,evidence/after-full-e2e-live-finaldb-20260915.log,PASS,当前构建默认渲染状态已逐项取证；交互/有效/加载/失败/弹层/保存状态仍在页面验收矩阵中单独跟踪。,C01 / 生成按钮B01,PASS,C01;B01;BUILD_ID=9sMLb0KxOZx3vl8L7_ez-;route/theme/viewport
A08-light-1440,A08,/admin?section=referrals,light,1440,900,1440x900,后台默认分区,evidence/admin-sections-matrix/geminiTools-light-1440x900.png,evidence/admin-sections-matrix/geminiTools-light-1440x900.json,evidence/after-full-e2e-live-finaldb-20260915.log,PASS,当前构建默认渲染状态已逐项取证；交互/有效/加载/失败/弹层/保存状态仍在页面验收矩阵中单独跟踪。,C01 / 生成按钮B01,PASS,C01;B01;BUILD_ID=9sMLb0KxOZx3vl8L7_ez-;route/theme/viewport
A08-light-1366,A08,/admin?section=referrals,light,1366,768,1366x768,后台默认分区,evidence/admin-sections-matrix/geminiTools-light-1366x768.png,evidence/admin-sections-matrix/geminiTools-light-1366x768.json,evidence/after-full-e2e-live-finaldb-20260915.log,PASS,当前构建默认渲染状态已逐项取证；交互/有效/加载/失败/弹层/保存状态仍在页面验收矩阵中单独跟踪。,C01 / 生成按钮B01,PASS,C01;B01;BUILD_ID=9sMLb0KxOZx3vl8L7_ez-;route/theme/viewport
A08-light-1024,A08,/admin?section=referrals,light,1024,768,1024x768,后台默认分区,evidence/admin-sections-matrix/geminiTools-light-1024x768.png,evidence/admin-sections-matrix/geminiTools-light-1024x768.json,evidence/after-full-e2e-live-finaldb-20260915.log,PASS,当前构建默认渲染状态已逐项取证；交互/有效/加载/失败/弹层/保存状态仍在页面验收矩阵中单独跟踪。,C01 / 生成按钮B01,PASS,C01;B01;BUILD_ID=9sMLb0KxOZx3vl8L7_ez-;route/theme/viewport
A08-light-768,A08,/admin?section=referrals,light,768,1024,768x1024,后台默认分区,evidence/admin-sections-matrix/geminiTools-light-768x1024.png,evidence/admin-sections-matrix/geminiTools-light-768x1024.json,evidence/after-full-e2e-live-finaldb-20260915.log,PASS,当前构建默认渲染状态已逐项取证；交互/有效/加载/失败/弹层/保存状态仍在页面验收矩阵中单独跟踪。,C01 / 生成按钮B01,PASS,C01;B01;BUILD_ID=9sMLb0KxOZx3vl8L7_ez-;route/theme/viewport
A08-light-390,A08,/admin?section=referrals,light,390,844,390x844,后台默认分区,evidence/admin-sections-matrix/geminiTools-light-390x844.png,evidence/admin-sections-matrix/geminiTools-light-390x844.json,evidence/after-full-e2e-live-finaldb-20260915.log,PASS,当前构建默认渲染状态已逐项取证；交互/有效/加载/失败/弹层/保存状态仍在页面验收矩阵中单独跟踪。,C01 / 生成按钮B01,PASS,C01;B01;BUILD_ID=9sMLb0KxOZx3vl8L7_ez-;route/theme/viewport
A08-light-430,A08,/admin?section=referrals,light,430,932,430x932,后台默认分区,evidence/admin-sections-matrix/geminiTools-light-430x932.png,evidence/admin-sections-matrix/geminiTools-light-430x932.json,evidence/after-full-e2e-live-finaldb-20260915.log,PASS,当前构建默认渲染状态已逐项取证；交互/有效/加载/失败/弹层/保存状态仍在页面验收矩阵中单独跟踪。,C01 / 生成按钮B01,PASS,C01;B01;BUILD_ID=9sMLb0KxOZx3vl8L7_ez-;route/theme/viewport
A08-dark-1672,A08,/admin?section=referrals,dark,1672,941,1672x941,后台默认分区,evidence/admin-sections-matrix/geminiTools-dark-1672x941.png,evidence/admin-sections-matrix/geminiTools-dark-1672x941.json,evidence/after-full-e2e-live-finaldb-20260915.log,PASS,当前构建默认渲染状态已逐项取证；交互/有效/加载/失败/弹层/保存状态仍在页面验收矩阵中单独跟踪。,C01 / 生成按钮B01,PASS,C01;B01;BUILD_ID=9sMLb0KxOZx3vl8L7_ez-;route/theme/viewport
A08-dark-1440,A08,/admin?section=referrals,dark,1440,900,1440x900,后台默认分区,evidence/admin-sections-matrix/geminiTools-dark-1440x900.png,evidence/admin-sections-matrix/geminiTools-dark-1440x900.json,evidence/after-full-e2e-live-finaldb-20260915.log,PASS,当前构建默认渲染状态已逐项取证；交互/有效/加载/失败/弹层/保存状态仍在页面验收矩阵中单独跟踪。,C01 / 生成按钮B01,PASS,C01;B01;BUILD_ID=9sMLb0KxOZx3vl8L7_ez-;route/theme/viewport
A08-dark-1366,A08,/admin?section=referrals,dark,1366,768,1366x768,后台默认分区,evidence/admin-sections-matrix/geminiTools-dark-1366x768.png,evidence/admin-sections-matrix/geminiTools-dark-1366x768.json,evidence/after-full-e2e-live-finaldb-20260915.log,PASS,当前构建默认渲染状态已逐项取证；交互/有效/加载/失败/弹层/保存状态仍在页面验收矩阵中单独跟踪。,C01 / 生成按钮B01,PASS,C01;B01;BUILD_ID=9sMLb0KxOZx3vl8L7_ez-;route/theme/viewport
A08-dark-1024,A08,/admin?section=referrals,dark,1024,768,1024x768,后台默认分区,evidence/admin-sections-matrix/geminiTools-dark-1024x768.png,evidence/admin-sections-matrix/geminiTools-dark-1024x768.json,evidence/after-full-e2e-live-finaldb-20260915.log,PASS,当前构建默认渲染状态已逐项取证；交互/有效/加载/失败/弹层/保存状态仍在页面验收矩阵中单独跟踪。,C01 / 生成按钮B01,PASS,C01;B01;BUILD_ID=9sMLb0KxOZx3vl8L7_ez-;route/theme/viewport
A08-dark-768,A08,/admin?section=referrals,dark,768,1024,768x1024,后台默认分区,evidence/admin-sections-matrix/geminiTools-dark-768x1024.png,evidence/admin-sections-matrix/geminiTools-dark-768x1024.json,evidence/after-full-e2e-live-finaldb-20260915.log,PASS,当前构建默认渲染状态已逐项取证；交互/有效/加载/失败/弹层/保存状态仍在页面验收矩阵中单独跟踪。,C01 / 生成按钮B01,PASS,C01;B01;BUILD_ID=9sMLb0KxOZx3vl8L7_ez-;route/theme/viewport
A08-dark-390,A08,/admin?section=referrals,dark,390,844,390x844,后台默认分区,evidence/admin-sections-matrix/geminiTools-dark-390x844.png,evidence/admin-sections-matrix/geminiTools-dark-390x844.json,evidence/after-full-e2e-live-finaldb-20260915.log,PASS,当前构建默认渲染状态已逐项取证；交互/有效/加载/失败/弹层/保存状态仍在页面验收矩阵中单独跟踪。,C01 / 生成按钮B01,PASS,C01;B01;BUILD_ID=9sMLb0KxOZx3vl8L7_ez-;route/theme/viewport
A08-dark-430,A08,/admin?section=referrals,dark,430,932,430x932,后台默认分区,evidence/admin-sections-matrix/geminiTools-dark-430x932.png,evidence/admin-sections-matrix/geminiTools-dark-430x932.json,evidence/after-full-e2e-live-finaldb-20260915.log,PASS,当前构建默认渲染状态已逐项取证；交互/有效/加载/失败/弹层/保存状态仍在页面验收矩阵中单独跟踪。,C01 / 生成按钮B01,PASS,C01;B01;BUILD_ID=9sMLb0KxOZx3vl8L7_ez-;route/theme/viewport
A09-light-1672,A09,/admin?section=orders,light,1672,941,1672x941,后台默认分区,evidence/admin-sections-matrix/chatgptApi-light-1672x941.png,evidence/admin-sections-matrix/chatgptApi-light-1672x941.json,evidence/after-full-e2e-live-finaldb-20260915.log,PASS,当前构建默认渲染状态已逐项取证；交互/有效/加载/失败/弹层/保存状态仍在页面验收矩阵中单独跟踪。,C01 / 生成按钮B01,PASS,C01;B01;BUILD_ID=9sMLb0KxOZx3vl8L7_ez-;route/theme/viewport
A09-light-1440,A09,/admin?section=orders,light,1440,900,1440x900,后台默认分区,evidence/admin-sections-matrix/chatgptApi-light-1440x900.png,evidence/admin-sections-matrix/chatgptApi-light-1440x900.json,evidence/after-full-e2e-live-finaldb-20260915.log,PASS,当前构建默认渲染状态已逐项取证；交互/有效/加载/失败/弹层/保存状态仍在页面验收矩阵中单独跟踪。,C01 / 生成按钮B01,PASS,C01;B01;BUILD_ID=9sMLb0KxOZx3vl8L7_ez-;route/theme/viewport
A09-light-1366,A09,/admin?section=orders,light,1366,768,1366x768,后台默认分区,evidence/admin-sections-matrix/chatgptApi-light-1366x768.png,evidence/admin-sections-matrix/chatgptApi-light-1366x768.json,evidence/after-full-e2e-live-finaldb-20260915.log,PASS,当前构建默认渲染状态已逐项取证；交互/有效/加载/失败/弹层/保存状态仍在页面验收矩阵中单独跟踪。,C01 / 生成按钮B01,PASS,C01;B01;BUILD_ID=9sMLb0KxOZx3vl8L7_ez-;route/theme/viewport
A09-light-1024,A09,/admin?section=orders,light,1024,768,1024x768,后台默认分区,evidence/admin-sections-matrix/chatgptApi-light-1024x768.png,evidence/admin-sections-matrix/chatgptApi-light-1024x768.json,evidence/after-full-e2e-live-finaldb-20260915.log,PASS,当前构建默认渲染状态已逐项取证；交互/有效/加载/失败/弹层/保存状态仍在页面验收矩阵中单独跟踪。,C01 / 生成按钮B01,PASS,C01;B01;BUILD_ID=9sMLb0KxOZx3vl8L7_ez-;route/theme/viewport
A09-light-768,A09,/admin?section=orders,light,768,1024,768x1024,后台默认分区,evidence/admin-sections-matrix/chatgptApi-light-768x1024.png,evidence/admin-sections-matrix/chatgptApi-light-768x1024.json,evidence/after-full-e2e-live-finaldb-20260915.log,PASS,当前构建默认渲染状态已逐项取证；交互/有效/加载/失败/弹层/保存状态仍在页面验收矩阵中单独跟踪。,C01 / 生成按钮B01,PASS,C01;B01;BUILD_ID=9sMLb0KxOZx3vl8L7_ez-;route/theme/viewport
A09-light-390,A09,/admin?section=orders,light,390,844,390x844,后台默认分区,evidence/admin-sections-matrix/chatgptApi-light-390x844.png,evidence/admin-sections-matrix/chatgptApi-light-390x844.json,evidence/after-full-e2e-live-finaldb-20260915.log,PASS,当前构建默认渲染状态已逐项取证；交互/有效/加载/失败/弹层/保存状态仍在页面验收矩阵中单独跟踪。,C01 / 生成按钮B01,PASS,C01;B01;BUILD_ID=9sMLb0KxOZx3vl8L7_ez-;route/theme/viewport
A09-light-430,A09,/admin?section=orders,light,430,932,430x932,后台默认分区,evidence/admin-sections-matrix/chatgptApi-light-430x932.png,evidence/admin-sections-matrix/chatgptApi-light-430x932.json,evidence/after-full-e2e-live-finaldb-20260915.log,PASS,当前构建默认渲染状态已逐项取证；交互/有效/加载/失败/弹层/保存状态仍在页面验收矩阵中单独跟踪。,C01 / 生成按钮B01,PASS,C01;B01;BUILD_ID=9sMLb0KxOZx3vl8L7_ez-;route/theme/viewport
A09-dark-1672,A09,/admin?section=orders,dark,1672,941,1672x941,后台默认分区,evidence/admin-sections-matrix/chatgptApi-dark-1672x941.png,evidence/admin-sections-matrix/chatgptApi-dark-1672x941.json,evidence/after-full-e2e-live-finaldb-20260915.log,PASS,当前构建默认渲染状态已逐项取证；交互/有效/加载/失败/弹层/保存状态仍在页面验收矩阵中单独跟踪。,C01 / 生成按钮B01,PASS,C01;B01;BUILD_ID=9sMLb0KxOZx3vl8L7_ez-;route/theme/viewport
A09-dark-1440,A09,/admin?section=orders,dark,1440,900,1440x900,后台默认分区,evidence/admin-sections-matrix/chatgptApi-dark-1440x900.png,evidence/admin-sections-matrix/chatgptApi-dark-1440x900.json,evidence/after-full-e2e-live-finaldb-20260915.log,PASS,当前构建默认渲染状态已逐项取证；交互/有效/加载/失败/弹层/保存状态仍在页面验收矩阵中单独跟踪。,C01 / 生成按钮B01,PASS,C01;B01;BUILD_ID=9sMLb0KxOZx3vl8L7_ez-;route/theme/viewport
A09-dark-1366,A09,/admin?section=orders,dark,1366,768,1366x768,后台默认分区,evidence/admin-sections-matrix/chatgptApi-dark-1366x768.png,evidence/admin-sections-matrix/chatgptApi-dark-1366x768.json,evidence/after-full-e2e-live-finaldb-20260915.log,PASS,当前构建默认渲染状态已逐项取证；交互/有效/加载/失败/弹层/保存状态仍在页面验收矩阵中单独跟踪。,C01 / 生成按钮B01,PASS,C01;B01;BUILD_ID=9sMLb0KxOZx3vl8L7_ez-;route/theme/viewport
A09-dark-1024,A09,/admin?section=orders,dark,1024,768,1024x768,后台默认分区,evidence/admin-sections-matrix/chatgptApi-dark-1024x768.png,evidence/admin-sections-matrix/chatgptApi-dark-1024x768.json,evidence/after-full-e2e-live-finaldb-20260915.log,PASS,当前构建默认渲染状态已逐项取证；交互/有效/加载/失败/弹层/保存状态仍在页面验收矩阵中单独跟踪。,C01 / 生成按钮B01,PASS,C01;B01;BUILD_ID=9sMLb0KxOZx3vl8L7_ez-;route/theme/viewport
A09-dark-768,A09,/admin?section=orders,dark,768,1024,768x1024,后台默认分区,evidence/admin-sections-matrix/chatgptApi-dark-768x1024.png,evidence/admin-sections-matrix/chatgptApi-dark-768x1024.json,evidence/after-full-e2e-live-finaldb-20260915.log,PASS,当前构建默认渲染状态已逐项取证；交互/有效/加载/失败/弹层/保存状态仍在页面验收矩阵中单独跟踪。,C01 / 生成按钮B01,PASS,C01;B01;BUILD_ID=9sMLb0KxOZx3vl8L7_ez-;route/theme/viewport
A09-dark-390,A09,/admin?section=orders,dark,390,844,390x844,后台默认分区,evidence/admin-sections-matrix/chatgptApi-dark-390x844.png,evidence/admin-sections-matrix/chatgptApi-dark-390x844.json,evidence/after-full-e2e-live-finaldb-20260915.log,PASS,当前构建默认渲染状态已逐项取证；交互/有效/加载/失败/弹层/保存状态仍在页面验收矩阵中单独跟踪。,C01 / 生成按钮B01,PASS,C01;B01;BUILD_ID=9sMLb0KxOZx3vl8L7_ez-;route/theme/viewport
A09-dark-430,A09,/admin?section=orders,dark,430,932,430x932,后台默认分区,evidence/admin-sections-matrix/chatgptApi-dark-430x932.png,evidence/admin-sections-matrix/chatgptApi-dark-430x932.json,evidence/after-full-e2e-live-finaldb-20260915.log,PASS,当前构建默认渲染状态已逐项取证；交互/有效/加载/失败/弹层/保存状态仍在页面验收矩阵中单独跟踪。,C01 / 生成按钮B01,PASS,C01;B01;BUILD_ID=9sMLb0KxOZx3vl8L7_ez-;route/theme/viewport
A10-light-1672,A10,/admin?section=points,light,1672,941,1672x941,后台默认分区,evidence/admin-sections-matrix/minimax-light-1672x941.png,evidence/admin-sections-matrix/minimax-light-1672x941.json,evidence/after-full-e2e-live-finaldb-20260915.log,PASS,当前构建默认渲染状态已逐项取证；交互/有效/加载/失败/弹层/保存状态仍在页面验收矩阵中单独跟踪。,C01 / 生成按钮B01,PASS,C01;B01;BUILD_ID=9sMLb0KxOZx3vl8L7_ez-;route/theme/viewport
A10-light-1440,A10,/admin?section=points,light,1440,900,1440x900,后台默认分区,evidence/admin-sections-matrix/minimax-light-1440x900.png,evidence/admin-sections-matrix/minimax-light-1440x900.json,evidence/after-full-e2e-live-finaldb-20260915.log,PASS,当前构建默认渲染状态已逐项取证；交互/有效/加载/失败/弹层/保存状态仍在页面验收矩阵中单独跟踪。,C01 / 生成按钮B01,PASS,C01;B01;BUILD_ID=9sMLb0KxOZx3vl8L7_ez-;route/theme/viewport
A10-light-1366,A10,/admin?section=points,light,1366,768,1366x768,后台默认分区,evidence/admin-sections-matrix/minimax-light-1366x768.png,evidence/admin-sections-matrix/minimax-light-1366x768.json,evidence/after-full-e2e-live-finaldb-20260915.log,PASS,当前构建默认渲染状态已逐项取证；交互/有效/加载/失败/弹层/保存状态仍在页面验收矩阵中单独跟踪。,C01 / 生成按钮B01,PASS,C01;B01;BUILD_ID=9sMLb0KxOZx3vl8L7_ez-;route/theme/viewport
A10-light-1024,A10,/admin?section=points,light,1024,768,1024x768,后台默认分区,evidence/admin-sections-matrix/minimax-light-1024x768.png,evidence/admin-sections-matrix/minimax-light-1024x768.json,evidence/after-full-e2e-live-finaldb-20260915.log,PASS,当前构建默认渲染状态已逐项取证；交互/有效/加载/失败/弹层/保存状态仍在页面验收矩阵中单独跟踪。,C01 / 生成按钮B01,PASS,C01;B01;BUILD_ID=9sMLb0KxOZx3vl8L7_ez-;route/theme/viewport
A10-light-768,A10,/admin?section=points,light,768,1024,768x1024,后台默认分区,evidence/admin-sections-matrix/minimax-light-768x1024.png,evidence/admin-sections-matrix/minimax-light-768x1024.json,evidence/after-full-e2e-live-finaldb-20260915.log,PASS,当前构建默认渲染状态已逐项取证；交互/有效/加载/失败/弹层/保存状态仍在页面验收矩阵中单独跟踪。,C01 / 生成按钮B01,PASS,C01;B01;BUILD_ID=9sMLb0KxOZx3vl8L7_ez-;route/theme/viewport
A10-light-390,A10,/admin?section=points,light,390,844,390x844,后台默认分区,evidence/admin-sections-matrix/minimax-light-390x844.png,evidence/admin-sections-matrix/minimax-light-390x844.json,evidence/after-full-e2e-live-finaldb-20260915.log,PASS,当前构建默认渲染状态已逐项取证；交互/有效/加载/失败/弹层/保存状态仍在页面验收矩阵中单独跟踪。,C01 / 生成按钮B01,PASS,C01;B01;BUILD_ID=9sMLb0KxOZx3vl8L7_ez-;route/theme/viewport
A10-light-430,A10,/admin?section=points,light,430,932,430x932,后台默认分区,evidence/admin-sections-matrix/minimax-light-430x932.png,evidence/admin-sections-matrix/minimax-light-430x932.json,evidence/after-full-e2e-live-finaldb-20260915.log,PASS,当前构建默认渲染状态已逐项取证；交互/有效/加载/失败/弹层/保存状态仍在页面验收矩阵中单独跟踪。,C01 / 生成按钮B01,PASS,C01;B01;BUILD_ID=9sMLb0KxOZx3vl8L7_ez-;route/theme/viewport
A10-dark-1672,A10,/admin?section=points,dark,1672,941,1672x941,后台默认分区,evidence/admin-sections-matrix/minimax-dark-1672x941.png,evidence/admin-sections-matrix/minimax-dark-1672x941.json,evidence/after-full-e2e-live-finaldb-20260915.log,PASS,当前构建默认渲染状态已逐项取证；交互/有效/加载/失败/弹层/保存状态仍在页面验收矩阵中单独跟踪。,C01 / 生成按钮B01,PASS,C01;B01;BUILD_ID=9sMLb0KxOZx3vl8L7_ez-;route/theme/viewport
A10-dark-1440,A10,/admin?section=points,dark,1440,900,1440x900,后台默认分区,evidence/admin-sections-matrix/minimax-dark-1440x900.png,evidence/admin-sections-matrix/minimax-dark-1440x900.json,evidence/after-full-e2e-live-finaldb-20260915.log,PASS,当前构建默认渲染状态已逐项取证；交互/有效/加载/失败/弹层/保存状态仍在页面验收矩阵中单独跟踪。,C01 / 生成按钮B01,PASS,C01;B01;BUILD_ID=9sMLb0KxOZx3vl8L7_ez-;route/theme/viewport
A10-dark-1366,A10,/admin?section=points,dark,1366,768,1366x768,后台默认分区,evidence/admin-sections-matrix/minimax-dark-1366x768.png,evidence/admin-sections-matrix/minimax-dark-1366x768.json,evidence/after-full-e2e-live-finaldb-20260915.log,PASS,当前构建默认渲染状态已逐项取证；交互/有效/加载/失败/弹层/保存状态仍在页面验收矩阵中单独跟踪。,C01 / 生成按钮B01,PASS,C01;B01;BUILD_ID=9sMLb0KxOZx3vl8L7_ez-;route/theme/viewport
A10-dark-1024,A10,/admin?section=points,dark,1024,768,1024x768,后台默认分区,evidence/admin-sections-matrix/minimax-dark-1024x768.png,evidence/admin-sections-matrix/minimax-dark-1024x768.json,evidence/after-full-e2e-live-finaldb-20260915.log,PASS,当前构建默认渲染状态已逐项取证；交互/有效/加载/失败/弹层/保存状态仍在页面验收矩阵中单独跟踪。,C01 / 生成按钮B01,PASS,C01;B01;BUILD_ID=9sMLb0KxOZx3vl8L7_ez-;route/theme/viewport
A10-dark-768,A10,/admin?section=points,dark,768,1024,768x1024,后台默认分区,evidence/admin-sections-matrix/minimax-dark-768x1024.png,evidence/admin-sections-matrix/minimax-dark-768x1024.json,evidence/after-full-e2e-live-finaldb-20260915.log,PASS,当前构建默认渲染状态已逐项取证；交互/有效/加载/失败/弹层/保存状态仍在页面验收矩阵中单独跟踪。,C01 / 生成按钮B01,PASS,C01;B01;BUILD_ID=9sMLb0KxOZx3vl8L7_ez-;route/theme/viewport
A10-dark-390,A10,/admin?section=points,dark,390,844,390x844,后台默认分区,evidence/admin-sections-matrix/minimax-dark-390x844.png,evidence/admin-sections-matrix/minimax-dark-390x844.json,evidence/after-full-e2e-live-finaldb-20260915.log,PASS,当前构建默认渲染状态已逐项取证；交互/有效/加载/失败/弹层/保存状态仍在页面验收矩阵中单独跟踪。,C01 / 生成按钮B01,PASS,C01;B01;BUILD_ID=9sMLb0KxOZx3vl8L7_ez-;route/theme/viewport
A10-dark-430,A10,/admin?section=points,dark,430,932,430x932,后台默认分区,evidence/admin-sections-matrix/minimax-dark-430x932.png,evidence/admin-sections-matrix/minimax-dark-430x932.json,evidence/after-full-e2e-live-finaldb-20260915.log,PASS,当前构建默认渲染状态已逐项取证；交互/有效/加载/失败/弹层/保存状态仍在页面验收矩阵中单独跟踪。,C01 / 生成按钮B01,PASS,C01;B01;BUILD_ID=9sMLb0KxOZx3vl8L7_ez-;route/theme/viewport
A11-light-1672,A11,/admin?section=payments,light,1672,941,1672x941,后台默认分区,evidence/admin-sections-matrix/tencentMusic-light-1672x941.png,evidence/admin-sections-matrix/tencentMusic-light-1672x941.json,evidence/after-full-e2e-live-finaldb-20260915.log,PASS,当前构建默认渲染状态已逐项取证；交互/有效/加载/失败/弹层/保存状态仍在页面验收矩阵中单独跟踪。,C01 / 生成按钮B01,PASS,C01;B01;BUILD_ID=9sMLb0KxOZx3vl8L7_ez-;route/theme/viewport
A11-light-1440,A11,/admin?section=payments,light,1440,900,1440x900,后台默认分区,evidence/admin-sections-matrix/tencentMusic-light-1440x900.png,evidence/admin-sections-matrix/tencentMusic-light-1440x900.json,evidence/after-full-e2e-live-finaldb-20260915.log,PASS,当前构建默认渲染状态已逐项取证；交互/有效/加载/失败/弹层/保存状态仍在页面验收矩阵中单独跟踪。,C01 / 生成按钮B01,PASS,C01;B01;BUILD_ID=9sMLb0KxOZx3vl8L7_ez-;route/theme/viewport
A11-light-1366,A11,/admin?section=payments,light,1366,768,1366x768,后台默认分区,evidence/admin-sections-matrix/tencentMusic-light-1366x768.png,evidence/admin-sections-matrix/tencentMusic-light-1366x768.json,evidence/after-full-e2e-live-finaldb-20260915.log,PASS,当前构建默认渲染状态已逐项取证；交互/有效/加载/失败/弹层/保存状态仍在页面验收矩阵中单独跟踪。,C01 / 生成按钮B01,PASS,C01;B01;BUILD_ID=9sMLb0KxOZx3vl8L7_ez-;route/theme/viewport
A11-light-1024,A11,/admin?section=payments,light,1024,768,1024x768,后台默认分区,evidence/admin-sections-matrix/tencentMusic-light-1024x768.png,evidence/admin-sections-matrix/tencentMusic-light-1024x768.json,evidence/after-full-e2e-live-finaldb-20260915.log,PASS,当前构建默认渲染状态已逐项取证；交互/有效/加载/失败/弹层/保存状态仍在页面验收矩阵中单独跟踪。,C01 / 生成按钮B01,PASS,C01;B01;BUILD_ID=9sMLb0KxOZx3vl8L7_ez-;route/theme/viewport
A11-light-768,A11,/admin?section=payments,light,768,1024,768x1024,后台默认分区,evidence/admin-sections-matrix/tencentMusic-light-768x1024.png,evidence/admin-sections-matrix/tencentMusic-light-768x1024.json,evidence/after-full-e2e-live-finaldb-20260915.log,PASS,当前构建默认渲染状态已逐项取证；交互/有效/加载/失败/弹层/保存状态仍在页面验收矩阵中单独跟踪。,C01 / 生成按钮B01,PASS,C01;B01;BUILD_ID=9sMLb0KxOZx3vl8L7_ez-;route/theme/viewport
A11-light-390,A11,/admin?section=payments,light,390,844,390x844,后台默认分区,evidence/admin-sections-matrix/tencentMusic-light-390x844.png,evidence/admin-sections-matrix/tencentMusic-light-390x844.json,evidence/after-full-e2e-live-finaldb-20260915.log,PASS,当前构建默认渲染状态已逐项取证；交互/有效/加载/失败/弹层/保存状态仍在页面验收矩阵中单独跟踪。,C01 / 生成按钮B01,PASS,C01;B01;BUILD_ID=9sMLb0KxOZx3vl8L7_ez-;route/theme/viewport
A11-light-430,A11,/admin?section=payments,light,430,932,430x932,后台默认分区,evidence/admin-sections-matrix/tencentMusic-light-430x932.png,evidence/admin-sections-matrix/tencentMusic-light-430x932.json,evidence/after-full-e2e-live-finaldb-20260915.log,PASS,当前构建默认渲染状态已逐项取证；交互/有效/加载/失败/弹层/保存状态仍在页面验收矩阵中单独跟踪。,C01 / 生成按钮B01,PASS,C01;B01;BUILD_ID=9sMLb0KxOZx3vl8L7_ez-;route/theme/viewport
A11-dark-1672,A11,/admin?section=payments,dark,1672,941,1672x941,后台默认分区,evidence/admin-sections-matrix/tencentMusic-dark-1672x941.png,evidence/admin-sections-matrix/tencentMusic-dark-1672x941.json,evidence/after-full-e2e-live-finaldb-20260915.log,PASS,当前构建默认渲染状态已逐项取证；交互/有效/加载/失败/弹层/保存状态仍在页面验收矩阵中单独跟踪。,C01 / 生成按钮B01,PASS,C01;B01;BUILD_ID=9sMLb0KxOZx3vl8L7_ez-;route/theme/viewport
A11-dark-1440,A11,/admin?section=payments,dark,1440,900,1440x900,后台默认分区,evidence/admin-sections-matrix/tencentMusic-dark-1440x900.png,evidence/admin-sections-matrix/tencentMusic-dark-1440x900.json,evidence/after-full-e2e-live-finaldb-20260915.log,PASS,当前构建默认渲染状态已逐项取证；交互/有效/加载/失败/弹层/保存状态仍在页面验收矩阵中单独跟踪。,C01 / 生成按钮B01,PASS,C01;B01;BUILD_ID=9sMLb0KxOZx3vl8L7_ez-;route/theme/viewport
A11-dark-1366,A11,/admin?section=payments,dark,1366,768,1366x768,后台默认分区,evidence/admin-sections-matrix/tencentMusic-dark-1366x768.png,evidence/admin-sections-matrix/tencentMusic-dark-1366x768.json,evidence/after-full-e2e-live-finaldb-20260915.log,PASS,当前构建默认渲染状态已逐项取证；交互/有效/加载/失败/弹层/保存状态仍在页面验收矩阵中单独跟踪。,C01 / 生成按钮B01,PASS,C01;B01;BUILD_ID=9sMLb0KxOZx3vl8L7_ez-;route/theme/viewport
A11-dark-1024,A11,/admin?section=payments,dark,1024,768,1024x768,后台默认分区,evidence/admin-sections-matrix/tencentMusic-dark-1024x768.png,evidence/admin-sections-matrix/tencentMusic-dark-1024x768.json,evidence/after-full-e2e-live-finaldb-20260915.log,PASS,当前构建默认渲染状态已逐项取证；交互/有效/加载/失败/弹层/保存状态仍在页面验收矩阵中单独跟踪。,C01 / 生成按钮B01,PASS,C01;B01;BUILD_ID=9sMLb0KxOZx3vl8L7_ez-;route/theme/viewport
A11-dark-768,A11,/admin?section=payments,dark,768,1024,768x1024,后台默认分区,evidence/admin-sections-matrix/tencentMusic-dark-768x1024.png,evidence/admin-sections-matrix/tencentMusic-dark-768x1024.json,evidence/after-full-e2e-live-finaldb-20260915.log,PASS,当前构建默认渲染状态已逐项取证；交互/有效/加载/失败/弹层/保存状态仍在页面验收矩阵中单独跟踪。,C01 / 生成按钮B01,PASS,C01;B01;BUILD_ID=9sMLb0KxOZx3vl8L7_ez-;route/theme/viewport
A11-dark-390,A11,/admin?section=payments,dark,390,844,390x844,后台默认分区,evidence/admin-sections-matrix/tencentMusic-dark-390x844.png,evidence/admin-sections-matrix/tencentMusic-dark-390x844.json,evidence/after-full-e2e-live-finaldb-20260915.log,PASS,当前构建默认渲染状态已逐项取证；交互/有效/加载/失败/弹层/保存状态仍在页面验收矩阵中单独跟踪。,C01 / 生成按钮B01,PASS,C01;B01;BUILD_ID=9sMLb0KxOZx3vl8L7_ez-;route/theme/viewport
A11-dark-430,A11,/admin?section=payments,dark,430,932,430x932,后台默认分区,evidence/admin-sections-matrix/tencentMusic-dark-430x932.png,evidence/admin-sections-matrix/tencentMusic-dark-430x932.json,evidence/after-full-e2e-live-finaldb-20260915.log,PASS,当前构建默认渲染状态已逐项取证；交互/有效/加载/失败/弹层/保存状态仍在页面验收矩阵中单独跟踪。,C01 / 生成按钮B01,PASS,C01;B01;BUILD_ID=9sMLb0KxOZx3vl8L7_ez-;route/theme/viewport
A12-light-1672,A12,/admin?section=cdk,light,1672,941,1672x941,后台默认分区,evidence/admin-sections-matrix/qwenAudio-light-1672x941.png,evidence/admin-sections-matrix/qwenAudio-light-1672x941.json,evidence/after-full-e2e-live-finaldb-20260915.log,PASS,当前构建默认渲染状态已逐项取证；交互/有效/加载/失败/弹层/保存状态仍在页面验收矩阵中单独跟踪。,C01 / 生成按钮B01,PASS,C01;B01;BUILD_ID=9sMLb0KxOZx3vl8L7_ez-;route/theme/viewport
A12-light-1440,A12,/admin?section=cdk,light,1440,900,1440x900,后台默认分区,evidence/admin-sections-matrix/qwenAudio-light-1440x900.png,evidence/admin-sections-matrix/qwenAudio-light-1440x900.json,evidence/after-full-e2e-live-finaldb-20260915.log,PASS,当前构建默认渲染状态已逐项取证；交互/有效/加载/失败/弹层/保存状态仍在页面验收矩阵中单独跟踪。,C01 / 生成按钮B01,PASS,C01;B01;BUILD_ID=9sMLb0KxOZx3vl8L7_ez-;route/theme/viewport
A12-light-1366,A12,/admin?section=cdk,light,1366,768,1366x768,后台默认分区,evidence/admin-sections-matrix/qwenAudio-light-1366x768.png,evidence/admin-sections-matrix/qwenAudio-light-1366x768.json,evidence/after-full-e2e-live-finaldb-20260915.log,PASS,当前构建默认渲染状态已逐项取证；交互/有效/加载/失败/弹层/保存状态仍在页面验收矩阵中单独跟踪。,C01 / 生成按钮B01,PASS,C01;B01;BUILD_ID=9sMLb0KxOZx3vl8L7_ez-;route/theme/viewport
A12-light-1024,A12,/admin?section=cdk,light,1024,768,1024x768,后台默认分区,evidence/admin-sections-matrix/qwenAudio-light-1024x768.png,evidence/admin-sections-matrix/qwenAudio-light-1024x768.json,evidence/after-full-e2e-live-finaldb-20260915.log,PASS,当前构建默认渲染状态已逐项取证；交互/有效/加载/失败/弹层/保存状态仍在页面验收矩阵中单独跟踪。,C01 / 生成按钮B01,PASS,C01;B01;BUILD_ID=9sMLb0KxOZx3vl8L7_ez-;route/theme/viewport
A12-light-768,A12,/admin?section=cdk,light,768,1024,768x1024,后台默认分区,evidence/admin-sections-matrix/qwenAudio-light-768x1024.png,evidence/admin-sections-matrix/qwenAudio-light-768x1024.json,evidence/after-full-e2e-live-finaldb-20260915.log,PASS,当前构建默认渲染状态已逐项取证；交互/有效/加载/失败/弹层/保存状态仍在页面验收矩阵中单独跟踪。,C01 / 生成按钮B01,PASS,C01;B01;BUILD_ID=9sMLb0KxOZx3vl8L7_ez-;route/theme/viewport
A12-light-390,A12,/admin?section=cdk,light,390,844,390x844,后台默认分区,evidence/admin-sections-matrix/qwenAudio-light-390x844.png,evidence/admin-sections-matrix/qwenAudio-light-390x844.json,evidence/after-full-e2e-live-finaldb-20260915.log,PASS,当前构建默认渲染状态已逐项取证；交互/有效/加载/失败/弹层/保存状态仍在页面验收矩阵中单独跟踪。,C01 / 生成按钮B01,PASS,C01;B01;BUILD_ID=9sMLb0KxOZx3vl8L7_ez-;route/theme/viewport
A12-light-430,A12,/admin?section=cdk,light,430,932,430x932,后台默认分区,evidence/admin-sections-matrix/qwenAudio-light-430x932.png,evidence/admin-sections-matrix/qwenAudio-light-430x932.json,evidence/after-full-e2e-live-finaldb-20260915.log,PASS,当前构建默认渲染状态已逐项取证；交互/有效/加载/失败/弹层/保存状态仍在页面验收矩阵中单独跟踪。,C01 / 生成按钮B01,PASS,C01;B01;BUILD_ID=9sMLb0KxOZx3vl8L7_ez-;route/theme/viewport
A12-dark-1672,A12,/admin?section=cdk,dark,1672,941,1672x941,后台默认分区,evidence/admin-sections-matrix/qwenAudio-dark-1672x941.png,evidence/admin-sections-matrix/qwenAudio-dark-1672x941.json,evidence/after-full-e2e-live-finaldb-20260915.log,PASS,当前构建默认渲染状态已逐项取证；交互/有效/加载/失败/弹层/保存状态仍在页面验收矩阵中单独跟踪。,C01 / 生成按钮B01,PASS,C01;B01;BUILD_ID=9sMLb0KxOZx3vl8L7_ez-;route/theme/viewport
A12-dark-1440,A12,/admin?section=cdk,dark,1440,900,1440x900,后台默认分区,evidence/admin-sections-matrix/qwenAudio-dark-1440x900.png,evidence/admin-sections-matrix/qwenAudio-dark-1440x900.json,evidence/after-full-e2e-live-finaldb-20260915.log,PASS,当前构建默认渲染状态已逐项取证；交互/有效/加载/失败/弹层/保存状态仍在页面验收矩阵中单独跟踪。,C01 / 生成按钮B01,PASS,C01;B01;BUILD_ID=9sMLb0KxOZx3vl8L7_ez-;route/theme/viewport
A12-dark-1366,A12,/admin?section=cdk,dark,1366,768,1366x768,后台默认分区,evidence/admin-sections-matrix/qwenAudio-dark-1366x768.png,evidence/admin-sections-matrix/qwenAudio-dark-1366x768.json,evidence/after-full-e2e-live-finaldb-20260915.log,PASS,当前构建默认渲染状态已逐项取证；交互/有效/加载/失败/弹层/保存状态仍在页面验收矩阵中单独跟踪。,C01 / 生成按钮B01,PASS,C01;B01;BUILD_ID=9sMLb0KxOZx3vl8L7_ez-;route/theme/viewport
A12-dark-1024,A12,/admin?section=cdk,dark,1024,768,1024x768,后台默认分区,evidence/admin-sections-matrix/qwenAudio-dark-1024x768.png,evidence/admin-sections-matrix/qwenAudio-dark-1024x768.json,evidence/after-full-e2e-live-finaldb-20260915.log,PASS,当前构建默认渲染状态已逐项取证；交互/有效/加载/失败/弹层/保存状态仍在页面验收矩阵中单独跟踪。,C01 / 生成按钮B01,PASS,C01;B01;BUILD_ID=9sMLb0KxOZx3vl8L7_ez-;route/theme/viewport
A12-dark-768,A12,/admin?section=cdk,dark,768,1024,768x1024,后台默认分区,evidence/admin-sections-matrix/qwenAudio-dark-768x1024.png,evidence/admin-sections-matrix/qwenAudio-dark-768x1024.json,evidence/after-full-e2e-live-finaldb-20260915.log,PASS,当前构建默认渲染状态已逐项取证；交互/有效/加载/失败/弹层/保存状态仍在页面验收矩阵中单独跟踪。,C01 / 生成按钮B01,PASS,C01;B01;BUILD_ID=9sMLb0KxOZx3vl8L7_ez-;route/theme/viewport
A12-dark-390,A12,/admin?section=cdk,dark,390,844,390x844,后台默认分区,evidence/admin-sections-matrix/qwenAudio-dark-390x844.png,evidence/admin-sections-matrix/qwenAudio-dark-390x844.json,evidence/after-full-e2e-live-finaldb-20260915.log,PASS,当前构建默认渲染状态已逐项取证；交互/有效/加载/失败/弹层/保存状态仍在页面验收矩阵中单独跟踪。,C01 / 生成按钮B01,PASS,C01;B01;BUILD_ID=9sMLb0KxOZx3vl8L7_ez-;route/theme/viewport
A12-dark-430,A12,/admin?section=cdk,dark,430,932,430x932,后台默认分区,evidence/admin-sections-matrix/qwenAudio-dark-430x932.png,evidence/admin-sections-matrix/qwenAudio-dark-430x932.json,evidence/after-full-e2e-live-finaldb-20260915.log,PASS,当前构建默认渲染状态已逐项取证；交互/有效/加载/失败/弹层/保存状态仍在页面验收矩阵中单独跟踪。,C01 / 生成按钮B01,PASS,C01;B01;BUILD_ID=9sMLb0KxOZx3vl8L7_ez-;route/theme/viewport
A13-light-1672,A13,/admin?section=wallet,light,1672,941,1672x941,后台默认分区,evidence/admin-sections-matrix/dreamina-light-1672x941.png,evidence/admin-sections-matrix/dreamina-light-1672x941.json,evidence/after-full-e2e-live-finaldb-20260915.log,PASS,当前构建默认渲染状态已逐项取证；交互/有效/加载/失败/弹层/保存状态仍在页面验收矩阵中单独跟踪。,C01 / 生成按钮B01,PASS,C01;B01;BUILD_ID=9sMLb0KxOZx3vl8L7_ez-;route/theme/viewport
A13-light-1440,A13,/admin?section=wallet,light,1440,900,1440x900,后台默认分区,evidence/admin-sections-matrix/dreamina-light-1440x900.png,evidence/admin-sections-matrix/dreamina-light-1440x900.json,evidence/after-full-e2e-live-finaldb-20260915.log,PASS,当前构建默认渲染状态已逐项取证；交互/有效/加载/失败/弹层/保存状态仍在页面验收矩阵中单独跟踪。,C01 / 生成按钮B01,PASS,C01;B01;BUILD_ID=9sMLb0KxOZx3vl8L7_ez-;route/theme/viewport
A13-light-1366,A13,/admin?section=wallet,light,1366,768,1366x768,后台默认分区,evidence/admin-sections-matrix/dreamina-light-1366x768.png,evidence/admin-sections-matrix/dreamina-light-1366x768.json,evidence/after-full-e2e-live-finaldb-20260915.log,PASS,当前构建默认渲染状态已逐项取证；交互/有效/加载/失败/弹层/保存状态仍在页面验收矩阵中单独跟踪。,C01 / 生成按钮B01,PASS,C01;B01;BUILD_ID=9sMLb0KxOZx3vl8L7_ez-;route/theme/viewport
A13-light-1024,A13,/admin?section=wallet,light,1024,768,1024x768,后台默认分区,evidence/admin-sections-matrix/dreamina-light-1024x768.png,evidence/admin-sections-matrix/dreamina-light-1024x768.json,evidence/after-full-e2e-live-finaldb-20260915.log,PASS,当前构建默认渲染状态已逐项取证；交互/有效/加载/失败/弹层/保存状态仍在页面验收矩阵中单独跟踪。,C01 / 生成按钮B01,PASS,C01;B01;BUILD_ID=9sMLb0KxOZx3vl8L7_ez-;route/theme/viewport
A13-light-768,A13,/admin?section=wallet,light,768,1024,768x1024,后台默认分区,evidence/admin-sections-matrix/dreamina-light-768x1024.png,evidence/admin-sections-matrix/dreamina-light-768x1024.json,evidence/after-full-e2e-live-finaldb-20260915.log,PASS,当前构建默认渲染状态已逐项取证；交互/有效/加载/失败/弹层/保存状态仍在页面验收矩阵中单独跟踪。,C01 / 生成按钮B01,PASS,C01;B01;BUILD_ID=9sMLb0KxOZx3vl8L7_ez-;route/theme/viewport
A13-light-390,A13,/admin?section=wallet,light,390,844,390x844,后台默认分区,evidence/admin-sections-matrix/dreamina-light-390x844.png,evidence/admin-sections-matrix/dreamina-light-390x844.json,evidence/after-full-e2e-live-finaldb-20260915.log,PASS,当前构建默认渲染状态已逐项取证；交互/有效/加载/失败/弹层/保存状态仍在页面验收矩阵中单独跟踪。,C01 / 生成按钮B01,PASS,C01;B01;BUILD_ID=9sMLb0KxOZx3vl8L7_ez-;route/theme/viewport
A13-light-430,A13,/admin?section=wallet,light,430,932,430x932,后台默认分区,evidence/admin-sections-matrix/dreamina-light-430x932.png,evidence/admin-sections-matrix/dreamina-light-430x932.json,evidence/after-full-e2e-live-finaldb-20260915.log,PASS,当前构建默认渲染状态已逐项取证；交互/有效/加载/失败/弹层/保存状态仍在页面验收矩阵中单独跟踪。,C01 / 生成按钮B01,PASS,C01;B01;BUILD_ID=9sMLb0KxOZx3vl8L7_ez-;route/theme/viewport
A13-dark-1672,A13,/admin?section=wallet,dark,1672,941,1672x941,后台默认分区,evidence/admin-sections-matrix/dreamina-dark-1672x941.png,evidence/admin-sections-matrix/dreamina-dark-1672x941.json,evidence/after-full-e2e-live-finaldb-20260915.log,PASS,当前构建默认渲染状态已逐项取证；交互/有效/加载/失败/弹层/保存状态仍在页面验收矩阵中单独跟踪。,C01 / 生成按钮B01,PASS,C01;B01;BUILD_ID=9sMLb0KxOZx3vl8L7_ez-;route/theme/viewport
A13-dark-1440,A13,/admin?section=wallet,dark,1440,900,1440x900,后台默认分区,evidence/admin-sections-matrix/dreamina-dark-1440x900.png,evidence/admin-sections-matrix/dreamina-dark-1440x900.json,evidence/after-full-e2e-live-finaldb-20260915.log,PASS,当前构建默认渲染状态已逐项取证；交互/有效/加载/失败/弹层/保存状态仍在页面验收矩阵中单独跟踪。,C01 / 生成按钮B01,PASS,C01;B01;BUILD_ID=9sMLb0KxOZx3vl8L7_ez-;route/theme/viewport
A13-dark-1366,A13,/admin?section=wallet,dark,1366,768,1366x768,后台默认分区,evidence/admin-sections-matrix/dreamina-dark-1366x768.png,evidence/admin-sections-matrix/dreamina-dark-1366x768.json,evidence/after-full-e2e-live-finaldb-20260915.log,PASS,当前构建默认渲染状态已逐项取证；交互/有效/加载/失败/弹层/保存状态仍在页面验收矩阵中单独跟踪。,C01 / 生成按钮B01,PASS,C01;B01;BUILD_ID=9sMLb0KxOZx3vl8L7_ez-;route/theme/viewport
A13-dark-1024,A13,/admin?section=wallet,dark,1024,768,1024x768,后台默认分区,evidence/admin-sections-matrix/dreamina-dark-1024x768.png,evidence/admin-sections-matrix/dreamina-dark-1024x768.json,evidence/after-full-e2e-live-finaldb-20260915.log,PASS,当前构建默认渲染状态已逐项取证；交互/有效/加载/失败/弹层/保存状态仍在页面验收矩阵中单独跟踪。,C01 / 生成按钮B01,PASS,C01;B01;BUILD_ID=9sMLb0KxOZx3vl8L7_ez-;route/theme/viewport
A13-dark-768,A13,/admin?section=wallet,dark,768,1024,768x1024,后台默认分区,evidence/admin-sections-matrix/dreamina-dark-768x1024.png,evidence/admin-sections-matrix/dreamina-dark-768x1024.json,evidence/after-full-e2e-live-finaldb-20260915.log,PASS,当前构建默认渲染状态已逐项取证；交互/有效/加载/失败/弹层/保存状态仍在页面验收矩阵中单独跟踪。,C01 / 生成按钮B01,PASS,C01;B01;BUILD_ID=9sMLb0KxOZx3vl8L7_ez-;route/theme/viewport
A13-dark-390,A13,/admin?section=wallet,dark,390,844,390x844,后台默认分区,evidence/admin-sections-matrix/dreamina-dark-390x844.png,evidence/admin-sections-matrix/dreamina-dark-390x844.json,evidence/after-full-e2e-live-finaldb-20260915.log,PASS,当前构建默认渲染状态已逐项取证；交互/有效/加载/失败/弹层/保存状态仍在页面验收矩阵中单独跟踪。,C01 / 生成按钮B01,PASS,C01;B01;BUILD_ID=9sMLb0KxOZx3vl8L7_ez-;route/theme/viewport
A13-dark-430,A13,/admin?section=wallet,dark,430,932,430x932,后台默认分区,evidence/admin-sections-matrix/dreamina-dark-430x932.png,evidence/admin-sections-matrix/dreamina-dark-430x932.json,evidence/after-full-e2e-live-finaldb-20260915.log,PASS,当前构建默认渲染状态已逐项取证；交互/有效/加载/失败/弹层/保存状态仍在页面验收矩阵中单独跟踪。,C01 / 生成按钮B01,PASS,C01;B01;BUILD_ID=9sMLb0KxOZx3vl8L7_ez-;route/theme/viewport
A14-light-1672,A14,/admin?section=site,light,1672,941,1672x941,后台默认分区,evidence/admin-sections-matrix/skills-light-1672x941.png,evidence/admin-sections-matrix/skills-light-1672x941.json,evidence/after-full-e2e-live-finaldb-20260915.log,PASS,当前构建默认渲染状态已逐项取证；交互/有效/加载/失败/弹层/保存状态仍在页面验收矩阵中单独跟踪。,C01 / 生成按钮B01,PASS,C01;B01;BUILD_ID=9sMLb0KxOZx3vl8L7_ez-;route/theme/viewport
A14-light-1440,A14,/admin?section=site,light,1440,900,1440x900,后台默认分区,evidence/admin-sections-matrix/skills-light-1440x900.png,evidence/admin-sections-matrix/skills-light-1440x900.json,evidence/after-full-e2e-live-finaldb-20260915.log,PASS,当前构建默认渲染状态已逐项取证；交互/有效/加载/失败/弹层/保存状态仍在页面验收矩阵中单独跟踪。,C01 / 生成按钮B01,PASS,C01;B01;BUILD_ID=9sMLb0KxOZx3vl8L7_ez-;route/theme/viewport
A14-light-1366,A14,/admin?section=site,light,1366,768,1366x768,后台默认分区,evidence/admin-sections-matrix/skills-light-1366x768.png,evidence/admin-sections-matrix/skills-light-1366x768.json,evidence/after-full-e2e-live-finaldb-20260915.log,PASS,当前构建默认渲染状态已逐项取证；交互/有效/加载/失败/弹层/保存状态仍在页面验收矩阵中单独跟踪。,C01 / 生成按钮B01,PASS,C01;B01;BUILD_ID=9sMLb0KxOZx3vl8L7_ez-;route/theme/viewport
A14-light-1024,A14,/admin?section=site,light,1024,768,1024x768,后台默认分区,evidence/admin-sections-matrix/skills-light-1024x768.png,evidence/admin-sections-matrix/skills-light-1024x768.json,evidence/after-full-e2e-live-finaldb-20260915.log,PASS,当前构建默认渲染状态已逐项取证；交互/有效/加载/失败/弹层/保存状态仍在页面验收矩阵中单独跟踪。,C01 / 生成按钮B01,PASS,C01;B01;BUILD_ID=9sMLb0KxOZx3vl8L7_ez-;route/theme/viewport
A14-light-768,A14,/admin?section=site,light,768,1024,768x1024,后台默认分区,evidence/admin-sections-matrix/skills-light-768x1024.png,evidence/admin-sections-matrix/skills-light-768x1024.json,evidence/after-full-e2e-live-finaldb-20260915.log,PASS,当前构建默认渲染状态已逐项取证；交互/有效/加载/失败/弹层/保存状态仍在页面验收矩阵中单独跟踪。,C01 / 生成按钮B01,PASS,C01;B01;BUILD_ID=9sMLb0KxOZx3vl8L7_ez-;route/theme/viewport
A14-light-390,A14,/admin?section=site,light,390,844,390x844,后台默认分区,evidence/admin-sections-matrix/skills-light-390x844.png,evidence/admin-sections-matrix/skills-light-390x844.json,evidence/after-full-e2e-live-finaldb-20260915.log,PASS,当前构建默认渲染状态已逐项取证；交互/有效/加载/失败/弹层/保存状态仍在页面验收矩阵中单独跟踪。,C01 / 生成按钮B01,PASS,C01;B01;BUILD_ID=9sMLb0KxOZx3vl8L7_ez-;route/theme/viewport
A14-light-430,A14,/admin?section=site,light,430,932,430x932,后台默认分区,evidence/admin-sections-matrix/skills-light-430x932.png,evidence/admin-sections-matrix/skills-light-430x932.json,evidence/after-full-e2e-live-finaldb-20260915.log,PASS,当前构建默认渲染状态已逐项取证；交互/有效/加载/失败/弹层/保存状态仍在页面验收矩阵中单独跟踪。,C01 / 生成按钮B01,PASS,C01;B01;BUILD_ID=9sMLb0KxOZx3vl8L7_ez-;route/theme/viewport
A14-dark-1672,A14,/admin?section=site,dark,1672,941,1672x941,后台默认分区,evidence/admin-sections-matrix/skills-dark-1672x941.png,evidence/admin-sections-matrix/skills-dark-1672x941.json,evidence/after-full-e2e-live-finaldb-20260915.log,PASS,当前构建默认渲染状态已逐项取证；交互/有效/加载/失败/弹层/保存状态仍在页面验收矩阵中单独跟踪。,C01 / 生成按钮B01,PASS,C01;B01;BUILD_ID=9sMLb0KxOZx3vl8L7_ez-;route/theme/viewport
A14-dark-1440,A14,/admin?section=site,dark,1440,900,1440x900,后台默认分区,evidence/admin-sections-matrix/skills-dark-1440x900.png,evidence/admin-sections-matrix/skills-dark-1440x900.json,evidence/after-full-e2e-live-finaldb-20260915.log,PASS,当前构建默认渲染状态已逐项取证；交互/有效/加载/失败/弹层/保存状态仍在页面验收矩阵中单独跟踪。,C01 / 生成按钮B01,PASS,C01;B01;BUILD_ID=9sMLb0KxOZx3vl8L7_ez-;route/theme/viewport
A14-dark-1366,A14,/admin?section=site,dark,1366,768,1366x768,后台默认分区,evidence/admin-sections-matrix/skills-dark-1366x768.png,evidence/admin-sections-matrix/skills-dark-1366x768.json,evidence/after-full-e2e-live-finaldb-20260915.log,PASS,当前构建默认渲染状态已逐项取证；交互/有效/加载/失败/弹层/保存状态仍在页面验收矩阵中单独跟踪。,C01 / 生成按钮B01,PASS,C01;B01;BUILD_ID=9sMLb0KxOZx3vl8L7_ez-;route/theme/viewport
A14-dark-1024,A14,/admin?section=site,dark,1024,768,1024x768,后台默认分区,evidence/admin-sections-matrix/skills-dark-1024x768.png,evidence/admin-sections-matrix/skills-dark-1024x768.json,evidence/after-full-e2e-live-finaldb-20260915.log,PASS,当前构建默认渲染状态已逐项取证；交互/有效/加载/失败/弹层/保存状态仍在页面验收矩阵中单独跟踪。,C01 / 生成按钮B01,PASS,C01;B01;BUILD_ID=9sMLb0KxOZx3vl8L7_ez-;route/theme/viewport
A14-dark-768,A14,/admin?section=site,dark,768,1024,768x1024,后台默认分区,evidence/admin-sections-matrix/skills-dark-768x1024.png,evidence/admin-sections-matrix/skills-dark-768x1024.json,evidence/after-full-e2e-live-finaldb-20260915.log,PASS,当前构建默认渲染状态已逐项取证；交互/有效/加载/失败/弹层/保存状态仍在页面验收矩阵中单独跟踪。,C01 / 生成按钮B01,PASS,C01;B01;BUILD_ID=9sMLb0KxOZx3vl8L7_ez-;route/theme/viewport
A14-dark-390,A14,/admin?section=site,dark,390,844,390x844,后台默认分区,evidence/admin-sections-matrix/skills-dark-390x844.png,evidence/admin-sections-matrix/skills-dark-390x844.json,evidence/after-full-e2e-live-finaldb-20260915.log,PASS,当前构建默认渲染状态已逐项取证；交互/有效/加载/失败/弹层/保存状态仍在页面验收矩阵中单独跟踪。,C01 / 生成按钮B01,PASS,C01;B01;BUILD_ID=9sMLb0KxOZx3vl8L7_ez-;route/theme/viewport
A14-dark-430,A14,/admin?section=site,dark,430,932,430x932,后台默认分区,evidence/admin-sections-matrix/skills-dark-430x932.png,evidence/admin-sections-matrix/skills-dark-430x932.json,evidence/after-full-e2e-live-finaldb-20260915.log,PASS,当前构建默认渲染状态已逐项取证；交互/有效/加载/失败/弹层/保存状态仍在页面验收矩阵中单独跟踪。,C01 / 生成按钮B01,PASS,C01;B01;BUILD_ID=9sMLb0KxOZx3vl8L7_ez-;route/theme/viewport
A15-light-1672,A15,/admin?section=channels,light,1672,941,1672x941,后台默认分区,evidence/admin-sections-matrix/settings-light-1672x941.png,evidence/admin-sections-matrix/settings-light-1672x941.json,evidence/after-full-e2e-live-finaldb-20260915.log,PASS,当前构建默认渲染状态已逐项取证；交互/有效/加载/失败/弹层/保存状态仍在页面验收矩阵中单独跟踪。,C01 / 生成按钮B01,PASS,C01;B01;BUILD_ID=9sMLb0KxOZx3vl8L7_ez-;route/theme/viewport
A15-light-1440,A15,/admin?section=channels,light,1440,900,1440x900,后台默认分区,evidence/admin-sections-matrix/settings-light-1440x900.png,evidence/admin-sections-matrix/settings-light-1440x900.json,evidence/after-full-e2e-live-finaldb-20260915.log,PASS,当前构建默认渲染状态已逐项取证；交互/有效/加载/失败/弹层/保存状态仍在页面验收矩阵中单独跟踪。,C01 / 生成按钮B01,PASS,C01;B01;BUILD_ID=9sMLb0KxOZx3vl8L7_ez-;route/theme/viewport
A15-light-1366,A15,/admin?section=channels,light,1366,768,1366x768,后台默认分区,evidence/admin-sections-matrix/settings-light-1366x768.png,evidence/admin-sections-matrix/settings-light-1366x768.json,evidence/after-full-e2e-live-finaldb-20260915.log,PASS,当前构建默认渲染状态已逐项取证；交互/有效/加载/失败/弹层/保存状态仍在页面验收矩阵中单独跟踪。,C01 / 生成按钮B01,PASS,C01;B01;BUILD_ID=9sMLb0KxOZx3vl8L7_ez-;route/theme/viewport
A15-light-1024,A15,/admin?section=channels,light,1024,768,1024x768,后台默认分区,evidence/admin-sections-matrix/settings-light-1024x768.png,evidence/admin-sections-matrix/settings-light-1024x768.json,evidence/after-full-e2e-live-finaldb-20260915.log,PASS,当前构建默认渲染状态已逐项取证；交互/有效/加载/失败/弹层/保存状态仍在页面验收矩阵中单独跟踪。,C01 / 生成按钮B01,PASS,C01;B01;BUILD_ID=9sMLb0KxOZx3vl8L7_ez-;route/theme/viewport
A15-light-768,A15,/admin?section=channels,light,768,1024,768x1024,后台默认分区,evidence/admin-sections-matrix/settings-light-768x1024.png,evidence/admin-sections-matrix/settings-light-768x1024.json,evidence/after-full-e2e-live-finaldb-20260915.log,PASS,当前构建默认渲染状态已逐项取证；交互/有效/加载/失败/弹层/保存状态仍在页面验收矩阵中单独跟踪。,C01 / 生成按钮B01,PASS,C01;B01;BUILD_ID=9sMLb0KxOZx3vl8L7_ez-;route/theme/viewport
A15-light-390,A15,/admin?section=channels,light,390,844,390x844,后台默认分区,evidence/admin-sections-matrix/settings-light-390x844.png,evidence/admin-sections-matrix/settings-light-390x844.json,evidence/after-full-e2e-live-finaldb-20260915.log,PASS,当前构建默认渲染状态已逐项取证；交互/有效/加载/失败/弹层/保存状态仍在页面验收矩阵中单独跟踪。,C01 / 生成按钮B01,PASS,C01;B01;BUILD_ID=9sMLb0KxOZx3vl8L7_ez-;route/theme/viewport
A15-light-430,A15,/admin?section=channels,light,430,932,430x932,后台默认分区,evidence/admin-sections-matrix/settings-light-430x932.png,evidence/admin-sections-matrix/settings-light-430x932.json,evidence/after-full-e2e-live-finaldb-20260915.log,PASS,当前构建默认渲染状态已逐项取证；交互/有效/加载/失败/弹层/保存状态仍在页面验收矩阵中单独跟踪。,C01 / 生成按钮B01,PASS,C01;B01;BUILD_ID=9sMLb0KxOZx3vl8L7_ez-;route/theme/viewport
A15-dark-1672,A15,/admin?section=channels,dark,1672,941,1672x941,后台默认分区,evidence/admin-sections-matrix/settings-dark-1672x941.png,evidence/admin-sections-matrix/settings-dark-1672x941.json,evidence/after-full-e2e-live-finaldb-20260915.log,PASS,当前构建默认渲染状态已逐项取证；交互/有效/加载/失败/弹层/保存状态仍在页面验收矩阵中单独跟踪。,C01 / 生成按钮B01,PASS,C01;B01;BUILD_ID=9sMLb0KxOZx3vl8L7_ez-;route/theme/viewport
A15-dark-1440,A15,/admin?section=channels,dark,1440,900,1440x900,后台默认分区,evidence/admin-sections-matrix/settings-dark-1440x900.png,evidence/admin-sections-matrix/settings-dark-1440x900.json,evidence/after-full-e2e-live-finaldb-20260915.log,PASS,当前构建默认渲染状态已逐项取证；交互/有效/加载/失败/弹层/保存状态仍在页面验收矩阵中单独跟踪。,C01 / 生成按钮B01,PASS,C01;B01;BUILD_ID=9sMLb0KxOZx3vl8L7_ez-;route/theme/viewport
A15-dark-1366,A15,/admin?section=channels,dark,1366,768,1366x768,后台默认分区,evidence/admin-sections-matrix/settings-dark-1366x768.png,evidence/admin-sections-matrix/settings-dark-1366x768.json,evidence/after-full-e2e-live-finaldb-20260915.log,PASS,当前构建默认渲染状态已逐项取证；交互/有效/加载/失败/弹层/保存状态仍在页面验收矩阵中单独跟踪。,C01 / 生成按钮B01,PASS,C01;B01;BUILD_ID=9sMLb0KxOZx3vl8L7_ez-;route/theme/viewport
A15-dark-1024,A15,/admin?section=channels,dark,1024,768,1024x768,后台默认分区,evidence/admin-sections-matrix/settings-dark-1024x768.png,evidence/admin-sections-matrix/settings-dark-1024x768.json,evidence/after-full-e2e-live-finaldb-20260915.log,PASS,当前构建默认渲染状态已逐项取证；交互/有效/加载/失败/弹层/保存状态仍在页面验收矩阵中单独跟踪。,C01 / 生成按钮B01,PASS,C01;B01;BUILD_ID=9sMLb0KxOZx3vl8L7_ez-;route/theme/viewport
A15-dark-768,A15,/admin?section=channels,dark,768,1024,768x1024,后台默认分区,evidence/admin-sections-matrix/settings-dark-768x1024.png,evidence/admin-sections-matrix/settings-dark-768x1024.json,evidence/after-full-e2e-live-finaldb-20260915.log,PASS,当前构建默认渲染状态已逐项取证；交互/有效/加载/失败/弹层/保存状态仍在页面验收矩阵中单独跟踪。,C01 / 生成按钮B01,PASS,C01;B01;BUILD_ID=9sMLb0KxOZx3vl8L7_ez-;route/theme/viewport
A15-dark-390,A15,/admin?section=channels,dark,390,844,390x844,后台默认分区,evidence/admin-sections-matrix/settings-dark-390x844.png,evidence/admin-sections-matrix/settings-dark-390x844.json,evidence/after-full-e2e-live-finaldb-20260915.log,PASS,当前构建默认渲染状态已逐项取证；交互/有效/加载/失败/弹层/保存状态仍在页面验收矩阵中单独跟踪。,C01 / 生成按钮B01,PASS,C01;B01;BUILD_ID=9sMLb0KxOZx3vl8L7_ez-;route/theme/viewport
A15-dark-430,A15,/admin?section=channels,dark,430,932,430x932,后台默认分区,evidence/admin-sections-matrix/settings-dark-430x932.png,evidence/admin-sections-matrix/settings-dark-430x932.json,evidence/after-full-e2e-live-finaldb-20260915.log,PASS,当前构建默认渲染状态已逐项取证；交互/有效/加载/失败/弹层/保存状态仍在页面验收矩阵中单独跟踪。,C01 / 生成按钮B01,PASS,C01;B01;BUILD_ID=9sMLb0KxOZx3vl8L7_ez-;route/theme/viewport
A16-light-1672,A16,/admin?section=magicProxy,light,1672,941,1672x941,后台默认分区,evidence/admin-sections-matrix/accountDeletion-light-1672x941.png,evidence/admin-sections-matrix/accountDeletion-light-1672x941.json,evidence/after-full-e2e-live-finaldb-20260915.log,PASS,当前构建默认渲染状态已逐项取证；交互/有效/加载/失败/弹层/保存状态仍在页面验收矩阵中单独跟踪。,C01 / 生成按钮B01,PASS,C01;B01;BUILD_ID=9sMLb0KxOZx3vl8L7_ez-;route/theme/viewport
A16-light-1440,A16,/admin?section=magicProxy,light,1440,900,1440x900,后台默认分区,evidence/admin-sections-matrix/accountDeletion-light-1440x900.png,evidence/admin-sections-matrix/accountDeletion-light-1440x900.json,evidence/after-full-e2e-live-finaldb-20260915.log,PASS,当前构建默认渲染状态已逐项取证；交互/有效/加载/失败/弹层/保存状态仍在页面验收矩阵中单独跟踪。,C01 / 生成按钮B01,PASS,C01;B01;BUILD_ID=9sMLb0KxOZx3vl8L7_ez-;route/theme/viewport
A16-light-1366,A16,/admin?section=magicProxy,light,1366,768,1366x768,后台默认分区,evidence/admin-sections-matrix/accountDeletion-light-1366x768.png,evidence/admin-sections-matrix/accountDeletion-light-1366x768.json,evidence/after-full-e2e-live-finaldb-20260915.log,PASS,当前构建默认渲染状态已逐项取证；交互/有效/加载/失败/弹层/保存状态仍在页面验收矩阵中单独跟踪。,C01 / 生成按钮B01,PASS,C01;B01;BUILD_ID=9sMLb0KxOZx3vl8L7_ez-;route/theme/viewport
A16-light-1024,A16,/admin?section=magicProxy,light,1024,768,1024x768,后台默认分区,evidence/admin-sections-matrix/accountDeletion-light-1024x768.png,evidence/admin-sections-matrix/accountDeletion-light-1024x768.json,evidence/after-full-e2e-live-finaldb-20260915.log,PASS,当前构建默认渲染状态已逐项取证；交互/有效/加载/失败/弹层/保存状态仍在页面验收矩阵中单独跟踪。,C01 / 生成按钮B01,PASS,C01;B01;BUILD_ID=9sMLb0KxOZx3vl8L7_ez-;route/theme/viewport
A16-light-768,A16,/admin?section=magicProxy,light,768,1024,768x1024,后台默认分区,evidence/admin-sections-matrix/accountDeletion-light-768x1024.png,evidence/admin-sections-matrix/accountDeletion-light-768x1024.json,evidence/after-full-e2e-live-finaldb-20260915.log,PASS,当前构建默认渲染状态已逐项取证；交互/有效/加载/失败/弹层/保存状态仍在页面验收矩阵中单独跟踪。,C01 / 生成按钮B01,PASS,C01;B01;BUILD_ID=9sMLb0KxOZx3vl8L7_ez-;route/theme/viewport
A16-light-390,A16,/admin?section=magicProxy,light,390,844,390x844,后台默认分区,evidence/admin-sections-matrix/accountDeletion-light-390x844.png,evidence/admin-sections-matrix/accountDeletion-light-390x844.json,evidence/after-full-e2e-live-finaldb-20260915.log,PASS,当前构建默认渲染状态已逐项取证；交互/有效/加载/失败/弹层/保存状态仍在页面验收矩阵中单独跟踪。,C01 / 生成按钮B01,PASS,C01;B01;BUILD_ID=9sMLb0KxOZx3vl8L7_ez-;route/theme/viewport
A16-light-430,A16,/admin?section=magicProxy,light,430,932,430x932,后台默认分区,evidence/admin-sections-matrix/accountDeletion-light-430x932.png,evidence/admin-sections-matrix/accountDeletion-light-430x932.json,evidence/after-full-e2e-live-finaldb-20260915.log,PASS,当前构建默认渲染状态已逐项取证；交互/有效/加载/失败/弹层/保存状态仍在页面验收矩阵中单独跟踪。,C01 / 生成按钮B01,PASS,C01;B01;BUILD_ID=9sMLb0KxOZx3vl8L7_ez-;route/theme/viewport
A16-dark-1672,A16,/admin?section=magicProxy,dark,1672,941,1672x941,后台默认分区,evidence/admin-sections-matrix/accountDeletion-dark-1672x941.png,evidence/admin-sections-matrix/accountDeletion-dark-1672x941.json,evidence/after-full-e2e-live-finaldb-20260915.log,PASS,当前构建默认渲染状态已逐项取证；交互/有效/加载/失败/弹层/保存状态仍在页面验收矩阵中单独跟踪。,C01 / 生成按钮B01,PASS,C01;B01;BUILD_ID=9sMLb0KxOZx3vl8L7_ez-;route/theme/viewport
A16-dark-1440,A16,/admin?section=magicProxy,dark,1440,900,1440x900,后台默认分区,evidence/admin-sections-matrix/accountDeletion-dark-1440x900.png,evidence/admin-sections-matrix/accountDeletion-dark-1440x900.json,evidence/after-full-e2e-live-finaldb-20260915.log,PASS,当前构建默认渲染状态已逐项取证；交互/有效/加载/失败/弹层/保存状态仍在页面验收矩阵中单独跟踪。,C01 / 生成按钮B01,PASS,C01;B01;BUILD_ID=9sMLb0KxOZx3vl8L7_ez-;route/theme/viewport
A16-dark-1366,A16,/admin?section=magicProxy,dark,1366,768,1366x768,后台默认分区,evidence/admin-sections-matrix/accountDeletion-dark-1366x768.png,evidence/admin-sections-matrix/accountDeletion-dark-1366x768.json,evidence/after-full-e2e-live-finaldb-20260915.log,PASS,当前构建默认渲染状态已逐项取证；交互/有效/加载/失败/弹层/保存状态仍在页面验收矩阵中单独跟踪。,C01 / 生成按钮B01,PASS,C01;B01;BUILD_ID=9sMLb0KxOZx3vl8L7_ez-;route/theme/viewport
A16-dark-1024,A16,/admin?section=magicProxy,dark,1024,768,1024x768,后台默认分区,evidence/admin-sections-matrix/accountDeletion-dark-1024x768.png,evidence/admin-sections-matrix/accountDeletion-dark-1024x768.json,evidence/after-full-e2e-live-finaldb-20260915.log,PASS,当前构建默认渲染状态已逐项取证；交互/有效/加载/失败/弹层/保存状态仍在页面验收矩阵中单独跟踪。,C01 / 生成按钮B01,PASS,C01;B01;BUILD_ID=9sMLb0KxOZx3vl8L7_ez-;route/theme/viewport
A16-dark-768,A16,/admin?section=magicProxy,dark,768,1024,768x1024,后台默认分区,evidence/admin-sections-matrix/accountDeletion-dark-768x1024.png,evidence/admin-sections-matrix/accountDeletion-dark-768x1024.json,evidence/after-full-e2e-live-finaldb-20260915.log,PASS,当前构建默认渲染状态已逐项取证；交互/有效/加载/失败/弹层/保存状态仍在页面验收矩阵中单独跟踪。,C01 / 生成按钮B01,PASS,C01;B01;BUILD_ID=9sMLb0KxOZx3vl8L7_ez-;route/theme/viewport
A16-dark-390,A16,/admin?section=magicProxy,dark,390,844,390x844,后台默认分区,evidence/admin-sections-matrix/accountDeletion-dark-390x844.png,evidence/admin-sections-matrix/accountDeletion-dark-390x844.json,evidence/after-full-e2e-live-finaldb-20260915.log,PASS,当前构建默认渲染状态已逐项取证；交互/有效/加载/失败/弹层/保存状态仍在页面验收矩阵中单独跟踪。,C01 / 生成按钮B01,PASS,C01;B01;BUILD_ID=9sMLb0KxOZx3vl8L7_ez-;route/theme/viewport
A16-dark-430,A16,/admin?section=magicProxy,dark,430,932,430x932,后台默认分区,evidence/admin-sections-matrix/accountDeletion-dark-430x932.png,evidence/admin-sections-matrix/accountDeletion-dark-430x932.json,evidence/after-full-e2e-live-finaldb-20260915.log,PASS,当前构建默认渲染状态已逐项取证；交互/有效/加载/失败/弹层/保存状态仍在页面验收矩阵中单独跟踪。,C01 / 生成按钮B01,PASS,C01;B01;BUILD_ID=9sMLb0KxOZx3vl8L7_ez-;route/theme/viewport
A17-light-1672,A17,/admin?section=genericProxy,light,1672,941,1672x941,后台默认分区,evidence/admin-sections-matrix/mediaStorage-light-1672x941.png,evidence/admin-sections-matrix/mediaStorage-light-1672x941.json,evidence/after-full-e2e-live-finaldb-20260915.log,PASS,当前构建默认渲染状态已逐项取证；交互/有效/加载/失败/弹层/保存状态仍在页面验收矩阵中单独跟踪。,C01 / 生成按钮B01,PASS,C01;B01;BUILD_ID=9sMLb0KxOZx3vl8L7_ez-;route/theme/viewport
A17-light-1440,A17,/admin?section=genericProxy,light,1440,900,1440x900,后台默认分区,evidence/admin-sections-matrix/mediaStorage-light-1440x900.png,evidence/admin-sections-matrix/mediaStorage-light-1440x900.json,evidence/after-full-e2e-live-finaldb-20260915.log,PASS,当前构建默认渲染状态已逐项取证；交互/有效/加载/失败/弹层/保存状态仍在页面验收矩阵中单独跟踪。,C01 / 生成按钮B01,PASS,C01;B01;BUILD_ID=9sMLb0KxOZx3vl8L7_ez-;route/theme/viewport
A17-light-1366,A17,/admin?section=genericProxy,light,1366,768,1366x768,后台默认分区,evidence/admin-sections-matrix/mediaStorage-light-1366x768.png,evidence/admin-sections-matrix/mediaStorage-light-1366x768.json,evidence/after-full-e2e-live-finaldb-20260915.log,PASS,当前构建默认渲染状态已逐项取证；交互/有效/加载/失败/弹层/保存状态仍在页面验收矩阵中单独跟踪。,C01 / 生成按钮B01,PASS,C01;B01;BUILD_ID=9sMLb0KxOZx3vl8L7_ez-;route/theme/viewport
A17-light-1024,A17,/admin?section=genericProxy,light,1024,768,1024x768,后台默认分区,evidence/admin-sections-matrix/mediaStorage-light-1024x768.png,evidence/admin-sections-matrix/mediaStorage-light-1024x768.json,evidence/after-full-e2e-live-finaldb-20260915.log,PASS,当前构建默认渲染状态已逐项取证；交互/有效/加载/失败/弹层/保存状态仍在页面验收矩阵中单独跟踪。,C01 / 生成按钮B01,PASS,C01;B01;BUILD_ID=9sMLb0KxOZx3vl8L7_ez-;route/theme/viewport
A17-light-768,A17,/admin?section=genericProxy,light,768,1024,768x1024,后台默认分区,evidence/admin-sections-matrix/mediaStorage-light-768x1024.png,evidence/admin-sections-matrix/mediaStorage-light-768x1024.json,evidence/after-full-e2e-live-finaldb-20260915.log,PASS,当前构建默认渲染状态已逐项取证；交互/有效/加载/失败/弹层/保存状态仍在页面验收矩阵中单独跟踪。,C01 / 生成按钮B01,PASS,C01;B01;BUILD_ID=9sMLb0KxOZx3vl8L7_ez-;route/theme/viewport
A17-light-390,A17,/admin?section=genericProxy,light,390,844,390x844,后台默认分区,evidence/admin-sections-matrix/mediaStorage-light-390x844.png,evidence/admin-sections-matrix/mediaStorage-light-390x844.json,evidence/after-full-e2e-live-finaldb-20260915.log,PASS,当前构建默认渲染状态已逐项取证；交互/有效/加载/失败/弹层/保存状态仍在页面验收矩阵中单独跟踪。,C01 / 生成按钮B01,PASS,C01;B01;BUILD_ID=9sMLb0KxOZx3vl8L7_ez-;route/theme/viewport
A17-light-430,A17,/admin?section=genericProxy,light,430,932,430x932,后台默认分区,evidence/admin-sections-matrix/mediaStorage-light-430x932.png,evidence/admin-sections-matrix/mediaStorage-light-430x932.json,evidence/after-full-e2e-live-finaldb-20260915.log,PASS,当前构建默认渲染状态已逐项取证；交互/有效/加载/失败/弹层/保存状态仍在页面验收矩阵中单独跟踪。,C01 / 生成按钮B01,PASS,C01;B01;BUILD_ID=9sMLb0KxOZx3vl8L7_ez-;route/theme/viewport
A17-dark-1672,A17,/admin?section=genericProxy,dark,1672,941,1672x941,后台默认分区,evidence/admin-sections-matrix/mediaStorage-dark-1672x941.png,evidence/admin-sections-matrix/mediaStorage-dark-1672x941.json,evidence/after-full-e2e-live-finaldb-20260915.log,PASS,当前构建默认渲染状态已逐项取证；交互/有效/加载/失败/弹层/保存状态仍在页面验收矩阵中单独跟踪。,C01 / 生成按钮B01,PASS,C01;B01;BUILD_ID=9sMLb0KxOZx3vl8L7_ez-;route/theme/viewport
A17-dark-1440,A17,/admin?section=genericProxy,dark,1440,900,1440x900,后台默认分区,evidence/admin-sections-matrix/mediaStorage-dark-1440x900.png,evidence/admin-sections-matrix/mediaStorage-dark-1440x900.json,evidence/after-full-e2e-live-finaldb-20260915.log,PASS,当前构建默认渲染状态已逐项取证；交互/有效/加载/失败/弹层/保存状态仍在页面验收矩阵中单独跟踪。,C01 / 生成按钮B01,PASS,C01;B01;BUILD_ID=9sMLb0KxOZx3vl8L7_ez-;route/theme/viewport
A17-dark-1366,A17,/admin?section=genericProxy,dark,1366,768,1366x768,后台默认分区,evidence/admin-sections-matrix/mediaStorage-dark-1366x768.png,evidence/admin-sections-matrix/mediaStorage-dark-1366x768.json,evidence/after-full-e2e-live-finaldb-20260915.log,PASS,当前构建默认渲染状态已逐项取证；交互/有效/加载/失败/弹层/保存状态仍在页面验收矩阵中单独跟踪。,C01 / 生成按钮B01,PASS,C01;B01;BUILD_ID=9sMLb0KxOZx3vl8L7_ez-;route/theme/viewport
A17-dark-1024,A17,/admin?section=genericProxy,dark,1024,768,1024x768,后台默认分区,evidence/admin-sections-matrix/mediaStorage-dark-1024x768.png,evidence/admin-sections-matrix/mediaStorage-dark-1024x768.json,evidence/after-full-e2e-live-finaldb-20260915.log,PASS,当前构建默认渲染状态已逐项取证；交互/有效/加载/失败/弹层/保存状态仍在页面验收矩阵中单独跟踪。,C01 / 生成按钮B01,PASS,C01;B01;BUILD_ID=9sMLb0KxOZx3vl8L7_ez-;route/theme/viewport
A17-dark-768,A17,/admin?section=genericProxy,dark,768,1024,768x1024,后台默认分区,evidence/admin-sections-matrix/mediaStorage-dark-768x1024.png,evidence/admin-sections-matrix/mediaStorage-dark-768x1024.json,evidence/after-full-e2e-live-finaldb-20260915.log,PASS,当前构建默认渲染状态已逐项取证；交互/有效/加载/失败/弹层/保存状态仍在页面验收矩阵中单独跟踪。,C01 / 生成按钮B01,PASS,C01;B01;BUILD_ID=9sMLb0KxOZx3vl8L7_ez-;route/theme/viewport
A17-dark-390,A17,/admin?section=genericProxy,dark,390,844,390x844,后台默认分区,evidence/admin-sections-matrix/mediaStorage-dark-390x844.png,evidence/admin-sections-matrix/mediaStorage-dark-390x844.json,evidence/after-full-e2e-live-finaldb-20260915.log,PASS,当前构建默认渲染状态已逐项取证；交互/有效/加载/失败/弹层/保存状态仍在页面验收矩阵中单独跟踪。,C01 / 生成按钮B01,PASS,C01;B01;BUILD_ID=9sMLb0KxOZx3vl8L7_ez-;route/theme/viewport
A17-dark-430,A17,/admin?section=genericProxy,dark,430,932,430x932,后台默认分区,evidence/admin-sections-matrix/mediaStorage-dark-430x932.png,evidence/admin-sections-matrix/mediaStorage-dark-430x932.json,evidence/after-full-e2e-live-finaldb-20260915.log,PASS,当前构建默认渲染状态已逐项取证；交互/有效/加载/失败/弹层/保存状态仍在页面验收矩阵中单独跟踪。,C01 / 生成按钮B01,PASS,C01;B01;BUILD_ID=9sMLb0KxOZx3vl8L7_ez-;route/theme/viewport
A18-light-1672,A18,/admin?section=runninghub,light,1672,941,1672x941,后台默认分区,evidence/admin-sections-matrix/externalStorage-light-1672x941.png,evidence/admin-sections-matrix/externalStorage-light-1672x941.json,evidence/after-full-e2e-live-finaldb-20260915.log,PASS,当前构建默认渲染状态已逐项取证；交互/有效/加载/失败/弹层/保存状态仍在页面验收矩阵中单独跟踪。,C01 / 生成按钮B01,PASS,C01;B01;BUILD_ID=9sMLb0KxOZx3vl8L7_ez-;route/theme/viewport
A18-light-1440,A18,/admin?section=runninghub,light,1440,900,1440x900,后台默认分区,evidence/admin-sections-matrix/externalStorage-light-1440x900.png,evidence/admin-sections-matrix/externalStorage-light-1440x900.json,evidence/after-full-e2e-live-finaldb-20260915.log,PASS,当前构建默认渲染状态已逐项取证；交互/有效/加载/失败/弹层/保存状态仍在页面验收矩阵中单独跟踪。,C01 / 生成按钮B01,PASS,C01;B01;BUILD_ID=9sMLb0KxOZx3vl8L7_ez-;route/theme/viewport
A18-light-1366,A18,/admin?section=runninghub,light,1366,768,1366x768,后台默认分区,evidence/admin-sections-matrix/externalStorage-light-1366x768.png,evidence/admin-sections-matrix/externalStorage-light-1366x768.json,evidence/after-full-e2e-live-finaldb-20260915.log,PASS,当前构建默认渲染状态已逐项取证；交互/有效/加载/失败/弹层/保存状态仍在页面验收矩阵中单独跟踪。,C01 / 生成按钮B01,PASS,C01;B01;BUILD_ID=9sMLb0KxOZx3vl8L7_ez-;route/theme/viewport
A18-light-1024,A18,/admin?section=runninghub,light,1024,768,1024x768,后台默认分区,evidence/admin-sections-matrix/externalStorage-light-1024x768.png,evidence/admin-sections-matrix/externalStorage-light-1024x768.json,evidence/after-full-e2e-live-finaldb-20260915.log,PASS,当前构建默认渲染状态已逐项取证；交互/有效/加载/失败/弹层/保存状态仍在页面验收矩阵中单独跟踪。,C01 / 生成按钮B01,PASS,C01;B01;BUILD_ID=9sMLb0KxOZx3vl8L7_ez-;route/theme/viewport
A18-light-768,A18,/admin?section=runninghub,light,768,1024,768x1024,后台默认分区,evidence/admin-sections-matrix/externalStorage-light-768x1024.png,evidence/admin-sections-matrix/externalStorage-light-768x1024.json,evidence/after-full-e2e-live-finaldb-20260915.log,PASS,当前构建默认渲染状态已逐项取证；交互/有效/加载/失败/弹层/保存状态仍在页面验收矩阵中单独跟踪。,C01 / 生成按钮B01,PASS,C01;B01;BUILD_ID=9sMLb0KxOZx3vl8L7_ez-;route/theme/viewport
A18-light-390,A18,/admin?section=runninghub,light,390,844,390x844,后台默认分区,evidence/admin-sections-matrix/externalStorage-light-390x844.png,evidence/admin-sections-matrix/externalStorage-light-390x844.json,evidence/after-full-e2e-live-finaldb-20260915.log,PASS,当前构建默认渲染状态已逐项取证；交互/有效/加载/失败/弹层/保存状态仍在页面验收矩阵中单独跟踪。,C01 / 生成按钮B01,PASS,C01;B01;BUILD_ID=9sMLb0KxOZx3vl8L7_ez-;route/theme/viewport
A18-light-430,A18,/admin?section=runninghub,light,430,932,430x932,后台默认分区,evidence/admin-sections-matrix/externalStorage-light-430x932.png,evidence/admin-sections-matrix/externalStorage-light-430x932.json,evidence/after-full-e2e-live-finaldb-20260915.log,PASS,当前构建默认渲染状态已逐项取证；交互/有效/加载/失败/弹层/保存状态仍在页面验收矩阵中单独跟踪。,C01 / 生成按钮B01,PASS,C01;B01;BUILD_ID=9sMLb0KxOZx3vl8L7_ez-;route/theme/viewport
A18-dark-1672,A18,/admin?section=runninghub,dark,1672,941,1672x941,后台默认分区,evidence/admin-sections-matrix/externalStorage-dark-1672x941.png,evidence/admin-sections-matrix/externalStorage-dark-1672x941.json,evidence/after-full-e2e-live-finaldb-20260915.log,PASS,当前构建默认渲染状态已逐项取证；交互/有效/加载/失败/弹层/保存状态仍在页面验收矩阵中单独跟踪。,C01 / 生成按钮B01,PASS,C01;B01;BUILD_ID=9sMLb0KxOZx3vl8L7_ez-;route/theme/viewport
A18-dark-1440,A18,/admin?section=runninghub,dark,1440,900,1440x900,后台默认分区,evidence/admin-sections-matrix/externalStorage-dark-1440x900.png,evidence/admin-sections-matrix/externalStorage-dark-1440x900.json,evidence/after-full-e2e-live-finaldb-20260915.log,PASS,当前构建默认渲染状态已逐项取证；交互/有效/加载/失败/弹层/保存状态仍在页面验收矩阵中单独跟踪。,C01 / 生成按钮B01,PASS,C01;B01;BUILD_ID=9sMLb0KxOZx3vl8L7_ez-;route/theme/viewport
A18-dark-1366,A18,/admin?section=runninghub,dark,1366,768,1366x768,后台默认分区,evidence/admin-sections-matrix/externalStorage-dark-1366x768.png,evidence/admin-sections-matrix/externalStorage-dark-1366x768.json,evidence/after-full-e2e-live-finaldb-20260915.log,PASS,当前构建默认渲染状态已逐项取证；交互/有效/加载/失败/弹层/保存状态仍在页面验收矩阵中单独跟踪。,C01 / 生成按钮B01,PASS,C01;B01;BUILD_ID=9sMLb0KxOZx3vl8L7_ez-;route/theme/viewport
A18-dark-1024,A18,/admin?section=runninghub,dark,1024,768,1024x768,后台默认分区,evidence/admin-sections-matrix/externalStorage-dark-1024x768.png,evidence/admin-sections-matrix/externalStorage-dark-1024x768.json,evidence/after-full-e2e-live-finaldb-20260915.log,PASS,当前构建默认渲染状态已逐项取证；交互/有效/加载/失败/弹层/保存状态仍在页面验收矩阵中单独跟踪。,C01 / 生成按钮B01,PASS,C01;B01;BUILD_ID=9sMLb0KxOZx3vl8L7_ez-;route/theme/viewport
A18-dark-768,A18,/admin?section=runninghub,dark,768,1024,768x1024,后台默认分区,evidence/admin-sections-matrix/externalStorage-dark-768x1024.png,evidence/admin-sections-matrix/externalStorage-dark-768x1024.json,evidence/after-full-e2e-live-finaldb-20260915.log,PASS,当前构建默认渲染状态已逐项取证；交互/有效/加载/失败/弹层/保存状态仍在页面验收矩阵中单独跟踪。,C01 / 生成按钮B01,PASS,C01;B01;BUILD_ID=9sMLb0KxOZx3vl8L7_ez-;route/theme/viewport
A18-dark-390,A18,/admin?section=runninghub,dark,390,844,390x844,后台默认分区,evidence/admin-sections-matrix/externalStorage-dark-390x844.png,evidence/admin-sections-matrix/externalStorage-dark-390x844.json,evidence/after-full-e2e-live-finaldb-20260915.log,PASS,当前构建默认渲染状态已逐项取证；交互/有效/加载/失败/弹层/保存状态仍在页面验收矩阵中单独跟踪。,C01 / 生成按钮B01,PASS,C01;B01;BUILD_ID=9sMLb0KxOZx3vl8L7_ez-;route/theme/viewport
A18-dark-430,A18,/admin?section=runninghub,dark,430,932,430x932,后台默认分区,evidence/admin-sections-matrix/externalStorage-dark-430x932.png,evidence/admin-sections-matrix/externalStorage-dark-430x932.json,evidence/after-full-e2e-live-finaldb-20260915.log,PASS,当前构建默认渲染状态已逐项取证；交互/有效/加载/失败/弹层/保存状态仍在页面验收矩阵中单独跟踪。,C01 / 生成按钮B01,PASS,C01;B01;BUILD_ID=9sMLb0KxOZx3vl8L7_ez-;route/theme/viewport
A19-light-1672,A19,/admin?section=geminiai,light,1672,941,1672x941,后台默认分区,evidence/admin-sections-matrix/backup-light-1672x941.png,evidence/admin-sections-matrix/backup-light-1672x941.json,evidence/after-full-e2e-live-finaldb-20260915.log,PASS,当前构建默认渲染状态已逐项取证；交互/有效/加载/失败/弹层/保存状态仍在页面验收矩阵中单独跟踪。,C01 / 生成按钮B01,PASS,C01;B01;BUILD_ID=9sMLb0KxOZx3vl8L7_ez-;route/theme/viewport
A19-light-1440,A19,/admin?section=geminiai,light,1440,900,1440x900,后台默认分区,evidence/admin-sections-matrix/backup-light-1440x900.png,evidence/admin-sections-matrix/backup-light-1440x900.json,evidence/after-full-e2e-live-finaldb-20260915.log,PASS,当前构建默认渲染状态已逐项取证；交互/有效/加载/失败/弹层/保存状态仍在页面验收矩阵中单独跟踪。,C01 / 生成按钮B01,PASS,C01;B01;BUILD_ID=9sMLb0KxOZx3vl8L7_ez-;route/theme/viewport
A19-light-1366,A19,/admin?section=geminiai,light,1366,768,1366x768,后台默认分区,evidence/admin-sections-matrix/backup-light-1366x768.png,evidence/admin-sections-matrix/backup-light-1366x768.json,evidence/after-full-e2e-live-finaldb-20260915.log,PASS,当前构建默认渲染状态已逐项取证；交互/有效/加载/失败/弹层/保存状态仍在页面验收矩阵中单独跟踪。,C01 / 生成按钮B01,PASS,C01;B01;BUILD_ID=9sMLb0KxOZx3vl8L7_ez-;route/theme/viewport
A19-light-1024,A19,/admin?section=geminiai,light,1024,768,1024x768,后台默认分区,evidence/admin-sections-matrix/backup-light-1024x768.png,evidence/admin-sections-matrix/backup-light-1024x768.json,evidence/after-full-e2e-live-finaldb-20260915.log,PASS,当前构建默认渲染状态已逐项取证；交互/有效/加载/失败/弹层/保存状态仍在页面验收矩阵中单独跟踪。,C01 / 生成按钮B01,PASS,C01;B01;BUILD_ID=9sMLb0KxOZx3vl8L7_ez-;route/theme/viewport
A19-light-768,A19,/admin?section=geminiai,light,768,1024,768x1024,后台默认分区,evidence/admin-sections-matrix/backup-light-768x1024.png,evidence/admin-sections-matrix/backup-light-768x1024.json,evidence/after-full-e2e-live-finaldb-20260915.log,PASS,当前构建默认渲染状态已逐项取证；交互/有效/加载/失败/弹层/保存状态仍在页面验收矩阵中单独跟踪。,C01 / 生成按钮B01,PASS,C01;B01;BUILD_ID=9sMLb0KxOZx3vl8L7_ez-;route/theme/viewport
A19-light-390,A19,/admin?section=geminiai,light,390,844,390x844,后台默认分区,evidence/admin-sections-matrix/backup-light-390x844.png,evidence/admin-sections-matrix/backup-light-390x844.json,evidence/after-full-e2e-live-finaldb-20260915.log,PASS,当前构建默认渲染状态已逐项取证；交互/有效/加载/失败/弹层/保存状态仍在页面验收矩阵中单独跟踪。,C01 / 生成按钮B01,PASS,C01;B01;BUILD_ID=9sMLb0KxOZx3vl8L7_ez-;route/theme/viewport
A19-light-430,A19,/admin?section=geminiai,light,430,932,430x932,后台默认分区,evidence/admin-sections-matrix/backup-light-430x932.png,evidence/admin-sections-matrix/backup-light-430x932.json,evidence/after-full-e2e-live-finaldb-20260915.log,PASS,当前构建默认渲染状态已逐项取证；交互/有效/加载/失败/弹层/保存状态仍在页面验收矩阵中单独跟踪。,C01 / 生成按钮B01,PASS,C01;B01;BUILD_ID=9sMLb0KxOZx3vl8L7_ez-;route/theme/viewport
A19-dark-1672,A19,/admin?section=geminiai,dark,1672,941,1672x941,后台默认分区,evidence/admin-sections-matrix/backup-dark-1672x941.png,evidence/admin-sections-matrix/backup-dark-1672x941.json,evidence/after-full-e2e-live-finaldb-20260915.log,PASS,当前构建默认渲染状态已逐项取证；交互/有效/加载/失败/弹层/保存状态仍在页面验收矩阵中单独跟踪。,C01 / 生成按钮B01,PASS,C01;B01;BUILD_ID=9sMLb0KxOZx3vl8L7_ez-;route/theme/viewport
A19-dark-1440,A19,/admin?section=geminiai,dark,1440,900,1440x900,后台默认分区,evidence/admin-sections-matrix/backup-dark-1440x900.png,evidence/admin-sections-matrix/backup-dark-1440x900.json,evidence/after-full-e2e-live-finaldb-20260915.log,PASS,当前构建默认渲染状态已逐项取证；交互/有效/加载/失败/弹层/保存状态仍在页面验收矩阵中单独跟踪。,C01 / 生成按钮B01,PASS,C01;B01;BUILD_ID=9sMLb0KxOZx3vl8L7_ez-;route/theme/viewport
A19-dark-1366,A19,/admin?section=geminiai,dark,1366,768,1366x768,后台默认分区,evidence/admin-sections-matrix/backup-dark-1366x768.png,evidence/admin-sections-matrix/backup-dark-1366x768.json,evidence/after-full-e2e-live-finaldb-20260915.log,PASS,当前构建默认渲染状态已逐项取证；交互/有效/加载/失败/弹层/保存状态仍在页面验收矩阵中单独跟踪。,C01 / 生成按钮B01,PASS,C01;B01;BUILD_ID=9sMLb0KxOZx3vl8L7_ez-;route/theme/viewport
A19-dark-1024,A19,/admin?section=geminiai,dark,1024,768,1024x768,后台默认分区,evidence/admin-sections-matrix/backup-dark-1024x768.png,evidence/admin-sections-matrix/backup-dark-1024x768.json,evidence/after-full-e2e-live-finaldb-20260915.log,PASS,当前构建默认渲染状态已逐项取证；交互/有效/加载/失败/弹层/保存状态仍在页面验收矩阵中单独跟踪。,C01 / 生成按钮B01,PASS,C01;B01;BUILD_ID=9sMLb0KxOZx3vl8L7_ez-;route/theme/viewport
A19-dark-768,A19,/admin?section=geminiai,dark,768,1024,768x1024,后台默认分区,evidence/admin-sections-matrix/backup-dark-768x1024.png,evidence/admin-sections-matrix/backup-dark-768x1024.json,evidence/after-full-e2e-live-finaldb-20260915.log,PASS,当前构建默认渲染状态已逐项取证；交互/有效/加载/失败/弹层/保存状态仍在页面验收矩阵中单独跟踪。,C01 / 生成按钮B01,PASS,C01;B01;BUILD_ID=9sMLb0KxOZx3vl8L7_ez-;route/theme/viewport
A19-dark-390,A19,/admin?section=geminiai,dark,390,844,390x844,后台默认分区,evidence/admin-sections-matrix/backup-dark-390x844.png,evidence/admin-sections-matrix/backup-dark-390x844.json,evidence/after-full-e2e-live-finaldb-20260915.log,PASS,当前构建默认渲染状态已逐项取证；交互/有效/加载/失败/弹层/保存状态仍在页面验收矩阵中单独跟踪。,C01 / 生成按钮B01,PASS,C01;B01;BUILD_ID=9sMLb0KxOZx3vl8L7_ez-;route/theme/viewport
A19-dark-430,A19,/admin?section=geminiai,dark,430,932,430x932,后台默认分区,evidence/admin-sections-matrix/backup-dark-430x932.png,evidence/admin-sections-matrix/backup-dark-430x932.json,evidence/after-full-e2e-live-finaldb-20260915.log,PASS,当前构建默认渲染状态已逐项取证；交互/有效/加载/失败/弹层/保存状态仍在页面验收矩阵中单独跟踪。,C01 / 生成按钮B01,PASS,C01;B01;BUILD_ID=9sMLb0KxOZx3vl8L7_ez-;route/theme/viewport
A20-light-1672,A20,/admin?section=geminiTools,light,1672,941,1672x941,后台默认分区,evidence/admin-sections-matrix/points-light-1672x941.png,evidence/admin-sections-matrix/points-light-1672x941.json,evidence/after-full-e2e-live-finaldb-20260915.log,PASS,当前构建默认渲染状态已逐项取证；交互/有效/加载/失败/弹层/保存状态仍在页面验收矩阵中单独跟踪。,C01 / 生成按钮B01,PASS,C01;B01;BUILD_ID=9sMLb0KxOZx3vl8L7_ez-;route/theme/viewport
A20-light-1440,A20,/admin?section=geminiTools,light,1440,900,1440x900,后台默认分区,evidence/admin-sections-matrix/points-light-1440x900.png,evidence/admin-sections-matrix/points-light-1440x900.json,evidence/after-full-e2e-live-finaldb-20260915.log,PASS,当前构建默认渲染状态已逐项取证；交互/有效/加载/失败/弹层/保存状态仍在页面验收矩阵中单独跟踪。,C01 / 生成按钮B01,PASS,C01;B01;BUILD_ID=9sMLb0KxOZx3vl8L7_ez-;route/theme/viewport
A20-light-1366,A20,/admin?section=geminiTools,light,1366,768,1366x768,后台默认分区,evidence/admin-sections-matrix/points-light-1366x768.png,evidence/admin-sections-matrix/points-light-1366x768.json,evidence/after-full-e2e-live-finaldb-20260915.log,PASS,当前构建默认渲染状态已逐项取证；交互/有效/加载/失败/弹层/保存状态仍在页面验收矩阵中单独跟踪。,C01 / 生成按钮B01,PASS,C01;B01;BUILD_ID=9sMLb0KxOZx3vl8L7_ez-;route/theme/viewport
A20-light-1024,A20,/admin?section=geminiTools,light,1024,768,1024x768,后台默认分区,evidence/admin-sections-matrix/points-light-1024x768.png,evidence/admin-sections-matrix/points-light-1024x768.json,evidence/after-full-e2e-live-finaldb-20260915.log,PASS,当前构建默认渲染状态已逐项取证；交互/有效/加载/失败/弹层/保存状态仍在页面验收矩阵中单独跟踪。,C01 / 生成按钮B01,PASS,C01;B01;BUILD_ID=9sMLb0KxOZx3vl8L7_ez-;route/theme/viewport
A20-light-768,A20,/admin?section=geminiTools,light,768,1024,768x1024,后台默认分区,evidence/admin-sections-matrix/points-light-768x1024.png,evidence/admin-sections-matrix/points-light-768x1024.json,evidence/after-full-e2e-live-finaldb-20260915.log,PASS,当前构建默认渲染状态已逐项取证；交互/有效/加载/失败/弹层/保存状态仍在页面验收矩阵中单独跟踪。,C01 / 生成按钮B01,PASS,C01;B01;BUILD_ID=9sMLb0KxOZx3vl8L7_ez-;route/theme/viewport
A20-light-390,A20,/admin?section=geminiTools,light,390,844,390x844,后台默认分区,evidence/admin-sections-matrix/points-light-390x844.png,evidence/admin-sections-matrix/points-light-390x844.json,evidence/after-full-e2e-live-finaldb-20260915.log,PASS,当前构建默认渲染状态已逐项取证；交互/有效/加载/失败/弹层/保存状态仍在页面验收矩阵中单独跟踪。,C01 / 生成按钮B01,PASS,C01;B01;BUILD_ID=9sMLb0KxOZx3vl8L7_ez-;route/theme/viewport
A20-light-430,A20,/admin?section=geminiTools,light,430,932,430x932,后台默认分区,evidence/admin-sections-matrix/points-light-430x932.png,evidence/admin-sections-matrix/points-light-430x932.json,evidence/after-full-e2e-live-finaldb-20260915.log,PASS,当前构建默认渲染状态已逐项取证；交互/有效/加载/失败/弹层/保存状态仍在页面验收矩阵中单独跟踪。,C01 / 生成按钮B01,PASS,C01;B01;BUILD_ID=9sMLb0KxOZx3vl8L7_ez-;route/theme/viewport
A20-dark-1672,A20,/admin?section=geminiTools,dark,1672,941,1672x941,后台默认分区,evidence/admin-sections-matrix/points-dark-1672x941.png,evidence/admin-sections-matrix/points-dark-1672x941.json,evidence/after-full-e2e-live-finaldb-20260915.log,PASS,当前构建默认渲染状态已逐项取证；交互/有效/加载/失败/弹层/保存状态仍在页面验收矩阵中单独跟踪。,C01 / 生成按钮B01,PASS,C01;B01;BUILD_ID=9sMLb0KxOZx3vl8L7_ez-;route/theme/viewport
A20-dark-1440,A20,/admin?section=geminiTools,dark,1440,900,1440x900,后台默认分区,evidence/admin-sections-matrix/points-dark-1440x900.png,evidence/admin-sections-matrix/points-dark-1440x900.json,evidence/after-full-e2e-live-finaldb-20260915.log,PASS,当前构建默认渲染状态已逐项取证；交互/有效/加载/失败/弹层/保存状态仍在页面验收矩阵中单独跟踪。,C01 / 生成按钮B01,PASS,C01;B01;BUILD_ID=9sMLb0KxOZx3vl8L7_ez-;route/theme/viewport
A20-dark-1366,A20,/admin?section=geminiTools,dark,1366,768,1366x768,后台默认分区,evidence/admin-sections-matrix/points-dark-1366x768.png,evidence/admin-sections-matrix/points-dark-1366x768.json,evidence/after-full-e2e-live-finaldb-20260915.log,PASS,当前构建默认渲染状态已逐项取证；交互/有效/加载/失败/弹层/保存状态仍在页面验收矩阵中单独跟踪。,C01 / 生成按钮B01,PASS,C01;B01;BUILD_ID=9sMLb0KxOZx3vl8L7_ez-;route/theme/viewport
A20-dark-1024,A20,/admin?section=geminiTools,dark,1024,768,1024x768,后台默认分区,evidence/admin-sections-matrix/points-dark-1024x768.png,evidence/admin-sections-matrix/points-dark-1024x768.json,evidence/after-full-e2e-live-finaldb-20260915.log,PASS,当前构建默认渲染状态已逐项取证；交互/有效/加载/失败/弹层/保存状态仍在页面验收矩阵中单独跟踪。,C01 / 生成按钮B01,PASS,C01;B01;BUILD_ID=9sMLb0KxOZx3vl8L7_ez-;route/theme/viewport
A20-dark-768,A20,/admin?section=geminiTools,dark,768,1024,768x1024,后台默认分区,evidence/admin-sections-matrix/points-dark-768x1024.png,evidence/admin-sections-matrix/points-dark-768x1024.json,evidence/after-full-e2e-live-finaldb-20260915.log,PASS,当前构建默认渲染状态已逐项取证；交互/有效/加载/失败/弹层/保存状态仍在页面验收矩阵中单独跟踪。,C01 / 生成按钮B01,PASS,C01;B01;BUILD_ID=9sMLb0KxOZx3vl8L7_ez-;route/theme/viewport
A20-dark-390,A20,/admin?section=geminiTools,dark,390,844,390x844,后台默认分区,evidence/admin-sections-matrix/points-dark-390x844.png,evidence/admin-sections-matrix/points-dark-390x844.json,evidence/after-full-e2e-live-finaldb-20260915.log,PASS,当前构建默认渲染状态已逐项取证；交互/有效/加载/失败/弹层/保存状态仍在页面验收矩阵中单独跟踪。,C01 / 生成按钮B01,PASS,C01;B01;BUILD_ID=9sMLb0KxOZx3vl8L7_ez-;route/theme/viewport
A20-dark-430,A20,/admin?section=geminiTools,dark,430,932,430x932,后台默认分区,evidence/admin-sections-matrix/points-dark-430x932.png,evidence/admin-sections-matrix/points-dark-430x932.json,evidence/after-full-e2e-live-finaldb-20260915.log,PASS,当前构建默认渲染状态已逐项取证；交互/有效/加载/失败/弹层/保存状态仍在页面验收矩阵中单独跟踪。,C01 / 生成按钮B01,PASS,C01;B01;BUILD_ID=9sMLb0KxOZx3vl8L7_ez-;route/theme/viewport
A21-light-1672,A21,/admin?section=chatgptApi,light,1672,941,1672x941,后台默认分区,evidence/admin-sections-matrix/wallet-light-1672x941.png,evidence/admin-sections-matrix/wallet-light-1672x941.json,evidence/after-full-e2e-live-finaldb-20260915.log,PASS,当前构建默认渲染状态已逐项取证；交互/有效/加载/失败/弹层/保存状态仍在页面验收矩阵中单独跟踪。,C01 / 生成按钮B01,PASS,C01;B01;BUILD_ID=9sMLb0KxOZx3vl8L7_ez-;route/theme/viewport
A21-light-1440,A21,/admin?section=chatgptApi,light,1440,900,1440x900,后台默认分区,evidence/admin-sections-matrix/wallet-light-1440x900.png,evidence/admin-sections-matrix/wallet-light-1440x900.json,evidence/after-full-e2e-live-finaldb-20260915.log,PASS,当前构建默认渲染状态已逐项取证；交互/有效/加载/失败/弹层/保存状态仍在页面验收矩阵中单独跟踪。,C01 / 生成按钮B01,PASS,C01;B01;BUILD_ID=9sMLb0KxOZx3vl8L7_ez-;route/theme/viewport
A21-light-1366,A21,/admin?section=chatgptApi,light,1366,768,1366x768,后台默认分区,evidence/admin-sections-matrix/wallet-light-1366x768.png,evidence/admin-sections-matrix/wallet-light-1366x768.json,evidence/after-full-e2e-live-finaldb-20260915.log,PASS,当前构建默认渲染状态已逐项取证；交互/有效/加载/失败/弹层/保存状态仍在页面验收矩阵中单独跟踪。,C01 / 生成按钮B01,PASS,C01;B01;BUILD_ID=9sMLb0KxOZx3vl8L7_ez-;route/theme/viewport
A21-light-1024,A21,/admin?section=chatgptApi,light,1024,768,1024x768,后台默认分区,evidence/admin-sections-matrix/wallet-light-1024x768.png,evidence/admin-sections-matrix/wallet-light-1024x768.json,evidence/after-full-e2e-live-finaldb-20260915.log,PASS,当前构建默认渲染状态已逐项取证；交互/有效/加载/失败/弹层/保存状态仍在页面验收矩阵中单独跟踪。,C01 / 生成按钮B01,PASS,C01;B01;BUILD_ID=9sMLb0KxOZx3vl8L7_ez-;route/theme/viewport
A21-light-768,A21,/admin?section=chatgptApi,light,768,1024,768x1024,后台默认分区,evidence/admin-sections-matrix/wallet-light-768x1024.png,evidence/admin-sections-matrix/wallet-light-768x1024.json,evidence/after-full-e2e-live-finaldb-20260915.log,PASS,当前构建默认渲染状态已逐项取证；交互/有效/加载/失败/弹层/保存状态仍在页面验收矩阵中单独跟踪。,C01 / 生成按钮B01,PASS,C01;B01;BUILD_ID=9sMLb0KxOZx3vl8L7_ez-;route/theme/viewport
A21-light-390,A21,/admin?section=chatgptApi,light,390,844,390x844,后台默认分区,evidence/admin-sections-matrix/wallet-light-390x844.png,evidence/admin-sections-matrix/wallet-light-390x844.json,evidence/after-full-e2e-live-finaldb-20260915.log,PASS,当前构建默认渲染状态已逐项取证；交互/有效/加载/失败/弹层/保存状态仍在页面验收矩阵中单独跟踪。,C01 / 生成按钮B01,PASS,C01;B01;BUILD_ID=9sMLb0KxOZx3vl8L7_ez-;route/theme/viewport
A21-light-430,A21,/admin?section=chatgptApi,light,430,932,430x932,后台默认分区,evidence/admin-sections-matrix/wallet-light-430x932.png,evidence/admin-sections-matrix/wallet-light-430x932.json,evidence/after-full-e2e-live-finaldb-20260915.log,PASS,当前构建默认渲染状态已逐项取证；交互/有效/加载/失败/弹层/保存状态仍在页面验收矩阵中单独跟踪。,C01 / 生成按钮B01,PASS,C01;B01;BUILD_ID=9sMLb0KxOZx3vl8L7_ez-;route/theme/viewport
A21-dark-1672,A21,/admin?section=chatgptApi,dark,1672,941,1672x941,后台默认分区,evidence/admin-sections-matrix/wallet-dark-1672x941.png,evidence/admin-sections-matrix/wallet-dark-1672x941.json,evidence/after-full-e2e-live-finaldb-20260915.log,PASS,当前构建默认渲染状态已逐项取证；交互/有效/加载/失败/弹层/保存状态仍在页面验收矩阵中单独跟踪。,C01 / 生成按钮B01,PASS,C01;B01;BUILD_ID=9sMLb0KxOZx3vl8L7_ez-;route/theme/viewport
A21-dark-1440,A21,/admin?section=chatgptApi,dark,1440,900,1440x900,后台默认分区,evidence/admin-sections-matrix/wallet-dark-1440x900.png,evidence/admin-sections-matrix/wallet-dark-1440x900.json,evidence/after-full-e2e-live-finaldb-20260915.log,PASS,当前构建默认渲染状态已逐项取证；交互/有效/加载/失败/弹层/保存状态仍在页面验收矩阵中单独跟踪。,C01 / 生成按钮B01,PASS,C01;B01;BUILD_ID=9sMLb0KxOZx3vl8L7_ez-;route/theme/viewport
A21-dark-1366,A21,/admin?section=chatgptApi,dark,1366,768,1366x768,后台默认分区,evidence/admin-sections-matrix/wallet-dark-1366x768.png,evidence/admin-sections-matrix/wallet-dark-1366x768.json,evidence/after-full-e2e-live-finaldb-20260915.log,PASS,当前构建默认渲染状态已逐项取证；交互/有效/加载/失败/弹层/保存状态仍在页面验收矩阵中单独跟踪。,C01 / 生成按钮B01,PASS,C01;B01;BUILD_ID=9sMLb0KxOZx3vl8L7_ez-;route/theme/viewport
A21-dark-1024,A21,/admin?section=chatgptApi,dark,1024,768,1024x768,后台默认分区,evidence/admin-sections-matrix/wallet-dark-1024x768.png,evidence/admin-sections-matrix/wallet-dark-1024x768.json,evidence/after-full-e2e-live-finaldb-20260915.log,PASS,当前构建默认渲染状态已逐项取证；交互/有效/加载/失败/弹层/保存状态仍在页面验收矩阵中单独跟踪。,C01 / 生成按钮B01,PASS,C01;B01;BUILD_ID=9sMLb0KxOZx3vl8L7_ez-;route/theme/viewport
A21-dark-768,A21,/admin?section=chatgptApi,dark,768,1024,768x1024,后台默认分区,evidence/admin-sections-matrix/wallet-dark-768x1024.png,evidence/admin-sections-matrix/wallet-dark-768x1024.json,evidence/after-full-e2e-live-finaldb-20260915.log,PASS,当前构建默认渲染状态已逐项取证；交互/有效/加载/失败/弹层/保存状态仍在页面验收矩阵中单独跟踪。,C01 / 生成按钮B01,PASS,C01;B01;BUILD_ID=9sMLb0KxOZx3vl8L7_ez-;route/theme/viewport
A21-dark-390,A21,/admin?section=chatgptApi,dark,390,844,390x844,后台默认分区,evidence/admin-sections-matrix/wallet-dark-390x844.png,evidence/admin-sections-matrix/wallet-dark-390x844.json,evidence/after-full-e2e-live-finaldb-20260915.log,PASS,当前构建默认渲染状态已逐项取证；交互/有效/加载/失败/弹层/保存状态仍在页面验收矩阵中单独跟踪。,C01 / 生成按钮B01,PASS,C01;B01;BUILD_ID=9sMLb0KxOZx3vl8L7_ez-;route/theme/viewport
A21-dark-430,A21,/admin?section=chatgptApi,dark,430,932,430x932,后台默认分区,evidence/admin-sections-matrix/wallet-dark-430x932.png,evidence/admin-sections-matrix/wallet-dark-430x932.json,evidence/after-full-e2e-live-finaldb-20260915.log,PASS,当前构建默认渲染状态已逐项取证；交互/有效/加载/失败/弹层/保存状态仍在页面验收矩阵中单独跟踪。,C01 / 生成按钮B01,PASS,C01;B01;BUILD_ID=9sMLb0KxOZx3vl8L7_ez-;route/theme/viewport
A22-light-1672,A22,/admin?section=minimax,light,1672,941,1672x941,后台默认分区,evidence/admin-sections-matrix/orders-light-1672x941.png,evidence/admin-sections-matrix/orders-light-1672x941.json,evidence/after-full-e2e-live-finaldb-20260915.log,PASS,当前构建默认渲染状态已逐项取证；交互/有效/加载/失败/弹层/保存状态仍在页面验收矩阵中单独跟踪。,C01 / 生成按钮B01,PASS,C01;B01;BUILD_ID=9sMLb0KxOZx3vl8L7_ez-;route/theme/viewport
A22-light-1440,A22,/admin?section=minimax,light,1440,900,1440x900,后台默认分区,evidence/admin-sections-matrix/orders-light-1440x900.png,evidence/admin-sections-matrix/orders-light-1440x900.json,evidence/after-full-e2e-live-finaldb-20260915.log,PASS,当前构建默认渲染状态已逐项取证；交互/有效/加载/失败/弹层/保存状态仍在页面验收矩阵中单独跟踪。,C01 / 生成按钮B01,PASS,C01;B01;BUILD_ID=9sMLb0KxOZx3vl8L7_ez-;route/theme/viewport
A22-light-1366,A22,/admin?section=minimax,light,1366,768,1366x768,后台默认分区,evidence/admin-sections-matrix/orders-light-1366x768.png,evidence/admin-sections-matrix/orders-light-1366x768.json,evidence/after-full-e2e-live-finaldb-20260915.log,PASS,当前构建默认渲染状态已逐项取证；交互/有效/加载/失败/弹层/保存状态仍在页面验收矩阵中单独跟踪。,C01 / 生成按钮B01,PASS,C01;B01;BUILD_ID=9sMLb0KxOZx3vl8L7_ez-;route/theme/viewport
A22-light-1024,A22,/admin?section=minimax,light,1024,768,1024x768,后台默认分区,evidence/admin-sections-matrix/orders-light-1024x768.png,evidence/admin-sections-matrix/orders-light-1024x768.json,evidence/after-full-e2e-live-finaldb-20260915.log,PASS,当前构建默认渲染状态已逐项取证；交互/有效/加载/失败/弹层/保存状态仍在页面验收矩阵中单独跟踪。,C01 / 生成按钮B01,PASS,C01;B01;BUILD_ID=9sMLb0KxOZx3vl8L7_ez-;route/theme/viewport
A22-light-768,A22,/admin?section=minimax,light,768,1024,768x1024,后台默认分区,evidence/admin-sections-matrix/orders-light-768x1024.png,evidence/admin-sections-matrix/orders-light-768x1024.json,evidence/after-full-e2e-live-finaldb-20260915.log,PASS,当前构建默认渲染状态已逐项取证；交互/有效/加载/失败/弹层/保存状态仍在页面验收矩阵中单独跟踪。,C01 / 生成按钮B01,PASS,C01;B01;BUILD_ID=9sMLb0KxOZx3vl8L7_ez-;route/theme/viewport
A22-light-390,A22,/admin?section=minimax,light,390,844,390x844,后台默认分区,evidence/admin-sections-matrix/orders-light-390x844.png,evidence/admin-sections-matrix/orders-light-390x844.json,evidence/after-full-e2e-live-finaldb-20260915.log,PASS,当前构建默认渲染状态已逐项取证；交互/有效/加载/失败/弹层/保存状态仍在页面验收矩阵中单独跟踪。,C01 / 生成按钮B01,PASS,C01;B01;BUILD_ID=9sMLb0KxOZx3vl8L7_ez-;route/theme/viewport
A22-light-430,A22,/admin?section=minimax,light,430,932,430x932,后台默认分区,evidence/admin-sections-matrix/orders-light-430x932.png,evidence/admin-sections-matrix/orders-light-430x932.json,evidence/after-full-e2e-live-finaldb-20260915.log,PASS,当前构建默认渲染状态已逐项取证；交互/有效/加载/失败/弹层/保存状态仍在页面验收矩阵中单独跟踪。,C01 / 生成按钮B01,PASS,C01;B01;BUILD_ID=9sMLb0KxOZx3vl8L7_ez-;route/theme/viewport
A22-dark-1672,A22,/admin?section=minimax,dark,1672,941,1672x941,后台默认分区,evidence/admin-sections-matrix/orders-dark-1672x941.png,evidence/admin-sections-matrix/orders-dark-1672x941.json,evidence/after-full-e2e-live-finaldb-20260915.log,PASS,当前构建默认渲染状态已逐项取证；交互/有效/加载/失败/弹层/保存状态仍在页面验收矩阵中单独跟踪。,C01 / 生成按钮B01,PASS,C01;B01;BUILD_ID=9sMLb0KxOZx3vl8L7_ez-;route/theme/viewport
A22-dark-1440,A22,/admin?section=minimax,dark,1440,900,1440x900,后台默认分区,evidence/admin-sections-matrix/orders-dark-1440x900.png,evidence/admin-sections-matrix/orders-dark-1440x900.json,evidence/after-full-e2e-live-finaldb-20260915.log,PASS,当前构建默认渲染状态已逐项取证；交互/有效/加载/失败/弹层/保存状态仍在页面验收矩阵中单独跟踪。,C01 / 生成按钮B01,PASS,C01;B01;BUILD_ID=9sMLb0KxOZx3vl8L7_ez-;route/theme/viewport
A22-dark-1366,A22,/admin?section=minimax,dark,1366,768,1366x768,后台默认分区,evidence/admin-sections-matrix/orders-dark-1366x768.png,evidence/admin-sections-matrix/orders-dark-1366x768.json,evidence/after-full-e2e-live-finaldb-20260915.log,PASS,当前构建默认渲染状态已逐项取证；交互/有效/加载/失败/弹层/保存状态仍在页面验收矩阵中单独跟踪。,C01 / 生成按钮B01,PASS,C01;B01;BUILD_ID=9sMLb0KxOZx3vl8L7_ez-;route/theme/viewport
A22-dark-1024,A22,/admin?section=minimax,dark,1024,768,1024x768,后台默认分区,evidence/admin-sections-matrix/orders-dark-1024x768.png,evidence/admin-sections-matrix/orders-dark-1024x768.json,evidence/after-full-e2e-live-finaldb-20260915.log,PASS,当前构建默认渲染状态已逐项取证；交互/有效/加载/失败/弹层/保存状态仍在页面验收矩阵中单独跟踪。,C01 / 生成按钮B01,PASS,C01;B01;BUILD_ID=9sMLb0KxOZx3vl8L7_ez-;route/theme/viewport
A22-dark-768,A22,/admin?section=minimax,dark,768,1024,768x1024,后台默认分区,evidence/admin-sections-matrix/orders-dark-768x1024.png,evidence/admin-sections-matrix/orders-dark-768x1024.json,evidence/after-full-e2e-live-finaldb-20260915.log,PASS,当前构建默认渲染状态已逐项取证；交互/有效/加载/失败/弹层/保存状态仍在页面验收矩阵中单独跟踪。,C01 / 生成按钮B01,PASS,C01;B01;BUILD_ID=9sMLb0KxOZx3vl8L7_ez-;route/theme/viewport
A22-dark-390,A22,/admin?section=minimax,dark,390,844,390x844,后台默认分区,evidence/admin-sections-matrix/orders-dark-390x844.png,evidence/admin-sections-matrix/orders-dark-390x844.json,evidence/after-full-e2e-live-finaldb-20260915.log,PASS,当前构建默认渲染状态已逐项取证；交互/有效/加载/失败/弹层/保存状态仍在页面验收矩阵中单独跟踪。,C01 / 生成按钮B01,PASS,C01;B01;BUILD_ID=9sMLb0KxOZx3vl8L7_ez-;route/theme/viewport
A22-dark-430,A22,/admin?section=minimax,dark,430,932,430x932,后台默认分区,evidence/admin-sections-matrix/orders-dark-430x932.png,evidence/admin-sections-matrix/orders-dark-430x932.json,evidence/after-full-e2e-live-finaldb-20260915.log,PASS,当前构建默认渲染状态已逐项取证；交互/有效/加载/失败/弹层/保存状态仍在页面验收矩阵中单独跟踪。,C01 / 生成按钮B01,PASS,C01;B01;BUILD_ID=9sMLb0KxOZx3vl8L7_ez-;route/theme/viewport
A23-light-1672,A23,/admin?section=tencentMusic,light,1672,941,1672x941,后台默认分区,evidence/admin-sections-matrix/products-light-1672x941.png,evidence/admin-sections-matrix/products-light-1672x941.json,evidence/after-full-e2e-live-finaldb-20260915.log,PASS,当前构建默认渲染状态已逐项取证；交互/有效/加载/失败/弹层/保存状态仍在页面验收矩阵中单独跟踪。,C01 / 生成按钮B01,PASS,C01;B01;BUILD_ID=9sMLb0KxOZx3vl8L7_ez-;route/theme/viewport
A23-light-1440,A23,/admin?section=tencentMusic,light,1440,900,1440x900,后台默认分区,evidence/admin-sections-matrix/products-light-1440x900.png,evidence/admin-sections-matrix/products-light-1440x900.json,evidence/after-full-e2e-live-finaldb-20260915.log,PASS,当前构建默认渲染状态已逐项取证；交互/有效/加载/失败/弹层/保存状态仍在页面验收矩阵中单独跟踪。,C01 / 生成按钮B01,PASS,C01;B01;BUILD_ID=9sMLb0KxOZx3vl8L7_ez-;route/theme/viewport
A23-light-1366,A23,/admin?section=tencentMusic,light,1366,768,1366x768,后台默认分区,evidence/admin-sections-matrix/products-light-1366x768.png,evidence/admin-sections-matrix/products-light-1366x768.json,evidence/after-full-e2e-live-finaldb-20260915.log,PASS,当前构建默认渲染状态已逐项取证；交互/有效/加载/失败/弹层/保存状态仍在页面验收矩阵中单独跟踪。,C01 / 生成按钮B01,PASS,C01;B01;BUILD_ID=9sMLb0KxOZx3vl8L7_ez-;route/theme/viewport
A23-light-1024,A23,/admin?section=tencentMusic,light,1024,768,1024x768,后台默认分区,evidence/admin-sections-matrix/products-light-1024x768.png,evidence/admin-sections-matrix/products-light-1024x768.json,evidence/after-full-e2e-live-finaldb-20260915.log,PASS,当前构建默认渲染状态已逐项取证；交互/有效/加载/失败/弹层/保存状态仍在页面验收矩阵中单独跟踪。,C01 / 生成按钮B01,PASS,C01;B01;BUILD_ID=9sMLb0KxOZx3vl8L7_ez-;route/theme/viewport
A23-light-768,A23,/admin?section=tencentMusic,light,768,1024,768x1024,后台默认分区,evidence/admin-sections-matrix/products-light-768x1024.png,evidence/admin-sections-matrix/products-light-768x1024.json,evidence/after-full-e2e-live-finaldb-20260915.log,PASS,当前构建默认渲染状态已逐项取证；交互/有效/加载/失败/弹层/保存状态仍在页面验收矩阵中单独跟踪。,C01 / 生成按钮B01,PASS,C01;B01;BUILD_ID=9sMLb0KxOZx3vl8L7_ez-;route/theme/viewport
A23-light-390,A23,/admin?section=tencentMusic,light,390,844,390x844,后台默认分区,evidence/admin-sections-matrix/products-light-390x844.png,evidence/admin-sections-matrix/products-light-390x844.json,evidence/after-full-e2e-live-finaldb-20260915.log,PASS,当前构建默认渲染状态已逐项取证；交互/有效/加载/失败/弹层/保存状态仍在页面验收矩阵中单独跟踪。,C01 / 生成按钮B01,PASS,C01;B01;BUILD_ID=9sMLb0KxOZx3vl8L7_ez-;route/theme/viewport
A23-light-430,A23,/admin?section=tencentMusic,light,430,932,430x932,后台默认分区,evidence/admin-sections-matrix/products-light-430x932.png,evidence/admin-sections-matrix/products-light-430x932.json,evidence/after-full-e2e-live-finaldb-20260915.log,PASS,当前构建默认渲染状态已逐项取证；交互/有效/加载/失败/弹层/保存状态仍在页面验收矩阵中单独跟踪。,C01 / 生成按钮B01,PASS,C01;B01;BUILD_ID=9sMLb0KxOZx3vl8L7_ez-;route/theme/viewport
A23-dark-1672,A23,/admin?section=tencentMusic,dark,1672,941,1672x941,后台默认分区,evidence/admin-sections-matrix/products-dark-1672x941.png,evidence/admin-sections-matrix/products-dark-1672x941.json,evidence/after-full-e2e-live-finaldb-20260915.log,PASS,当前构建默认渲染状态已逐项取证；交互/有效/加载/失败/弹层/保存状态仍在页面验收矩阵中单独跟踪。,C01 / 生成按钮B01,PASS,C01;B01;BUILD_ID=9sMLb0KxOZx3vl8L7_ez-;route/theme/viewport
A23-dark-1440,A23,/admin?section=tencentMusic,dark,1440,900,1440x900,后台默认分区,evidence/admin-sections-matrix/products-dark-1440x900.png,evidence/admin-sections-matrix/products-dark-1440x900.json,evidence/after-full-e2e-live-finaldb-20260915.log,PASS,当前构建默认渲染状态已逐项取证；交互/有效/加载/失败/弹层/保存状态仍在页面验收矩阵中单独跟踪。,C01 / 生成按钮B01,PASS,C01;B01;BUILD_ID=9sMLb0KxOZx3vl8L7_ez-;route/theme/viewport
A23-dark-1366,A23,/admin?section=tencentMusic,dark,1366,768,1366x768,后台默认分区,evidence/admin-sections-matrix/products-dark-1366x768.png,evidence/admin-sections-matrix/products-dark-1366x768.json,evidence/after-full-e2e-live-finaldb-20260915.log,PASS,当前构建默认渲染状态已逐项取证；交互/有效/加载/失败/弹层/保存状态仍在页面验收矩阵中单独跟踪。,C01 / 生成按钮B01,PASS,C01;B01;BUILD_ID=9sMLb0KxOZx3vl8L7_ez-;route/theme/viewport
A23-dark-1024,A23,/admin?section=tencentMusic,dark,1024,768,1024x768,后台默认分区,evidence/admin-sections-matrix/products-dark-1024x768.png,evidence/admin-sections-matrix/products-dark-1024x768.json,evidence/after-full-e2e-live-finaldb-20260915.log,PASS,当前构建默认渲染状态已逐项取证；交互/有效/加载/失败/弹层/保存状态仍在页面验收矩阵中单独跟踪。,C01 / 生成按钮B01,PASS,C01;B01;BUILD_ID=9sMLb0KxOZx3vl8L7_ez-;route/theme/viewport
A23-dark-768,A23,/admin?section=tencentMusic,dark,768,1024,768x1024,后台默认分区,evidence/admin-sections-matrix/products-dark-768x1024.png,evidence/admin-sections-matrix/products-dark-768x1024.json,evidence/after-full-e2e-live-finaldb-20260915.log,PASS,当前构建默认渲染状态已逐项取证；交互/有效/加载/失败/弹层/保存状态仍在页面验收矩阵中单独跟踪。,C01 / 生成按钮B01,PASS,C01;B01;BUILD_ID=9sMLb0KxOZx3vl8L7_ez-;route/theme/viewport
A23-dark-390,A23,/admin?section=tencentMusic,dark,390,844,390x844,后台默认分区,evidence/admin-sections-matrix/products-dark-390x844.png,evidence/admin-sections-matrix/products-dark-390x844.json,evidence/after-full-e2e-live-finaldb-20260915.log,PASS,当前构建默认渲染状态已逐项取证；交互/有效/加载/失败/弹层/保存状态仍在页面验收矩阵中单独跟踪。,C01 / 生成按钮B01,PASS,C01;B01;BUILD_ID=9sMLb0KxOZx3vl8L7_ez-;route/theme/viewport
A23-dark-430,A23,/admin?section=tencentMusic,dark,430,932,430x932,后台默认分区,evidence/admin-sections-matrix/products-dark-430x932.png,evidence/admin-sections-matrix/products-dark-430x932.json,evidence/after-full-e2e-live-finaldb-20260915.log,PASS,当前构建默认渲染状态已逐项取证；交互/有效/加载/失败/弹层/保存状态仍在页面验收矩阵中单独跟踪。,C01 / 生成按钮B01,PASS,C01;B01;BUILD_ID=9sMLb0KxOZx3vl8L7_ez-;route/theme/viewport
A24-light-1672,A24,/admin?section=qwenAudio,light,1672,941,1672x941,后台默认分区,evidence/admin-sections-matrix/promotions-light-1672x941.png,evidence/admin-sections-matrix/promotions-light-1672x941.json,evidence/after-full-e2e-live-finaldb-20260915.log,PASS,当前构建默认渲染状态已逐项取证；交互/有效/加载/失败/弹层/保存状态仍在页面验收矩阵中单独跟踪。,C01 / 生成按钮B01,PASS,C01;B01;BUILD_ID=9sMLb0KxOZx3vl8L7_ez-;route/theme/viewport
A24-light-1440,A24,/admin?section=qwenAudio,light,1440,900,1440x900,后台默认分区,evidence/admin-sections-matrix/promotions-light-1440x900.png,evidence/admin-sections-matrix/promotions-light-1440x900.json,evidence/after-full-e2e-live-finaldb-20260915.log,PASS,当前构建默认渲染状态已逐项取证；交互/有效/加载/失败/弹层/保存状态仍在页面验收矩阵中单独跟踪。,C01 / 生成按钮B01,PASS,C01;B01;BUILD_ID=9sMLb0KxOZx3vl8L7_ez-;route/theme/viewport
A24-light-1366,A24,/admin?section=qwenAudio,light,1366,768,1366x768,后台默认分区,evidence/admin-sections-matrix/promotions-light-1366x768.png,evidence/admin-sections-matrix/promotions-light-1366x768.json,evidence/after-full-e2e-live-finaldb-20260915.log,PASS,当前构建默认渲染状态已逐项取证；交互/有效/加载/失败/弹层/保存状态仍在页面验收矩阵中单独跟踪。,C01 / 生成按钮B01,PASS,C01;B01;BUILD_ID=9sMLb0KxOZx3vl8L7_ez-;route/theme/viewport
A24-light-1024,A24,/admin?section=qwenAudio,light,1024,768,1024x768,后台默认分区,evidence/admin-sections-matrix/promotions-light-1024x768.png,evidence/admin-sections-matrix/promotions-light-1024x768.json,evidence/after-full-e2e-live-finaldb-20260915.log,PASS,当前构建默认渲染状态已逐项取证；交互/有效/加载/失败/弹层/保存状态仍在页面验收矩阵中单独跟踪。,C01 / 生成按钮B01,PASS,C01;B01;BUILD_ID=9sMLb0KxOZx3vl8L7_ez-;route/theme/viewport
A24-light-768,A24,/admin?section=qwenAudio,light,768,1024,768x1024,后台默认分区,evidence/admin-sections-matrix/promotions-light-768x1024.png,evidence/admin-sections-matrix/promotions-light-768x1024.json,evidence/after-full-e2e-live-finaldb-20260915.log,PASS,当前构建默认渲染状态已逐项取证；交互/有效/加载/失败/弹层/保存状态仍在页面验收矩阵中单独跟踪。,C01 / 生成按钮B01,PASS,C01;B01;BUILD_ID=9sMLb0KxOZx3vl8L7_ez-;route/theme/viewport
A24-light-390,A24,/admin?section=qwenAudio,light,390,844,390x844,后台默认分区,evidence/admin-sections-matrix/promotions-light-390x844.png,evidence/admin-sections-matrix/promotions-light-390x844.json,evidence/after-full-e2e-live-finaldb-20260915.log,PASS,当前构建默认渲染状态已逐项取证；交互/有效/加载/失败/弹层/保存状态仍在页面验收矩阵中单独跟踪。,C01 / 生成按钮B01,PASS,C01;B01;BUILD_ID=9sMLb0KxOZx3vl8L7_ez-;route/theme/viewport
A24-light-430,A24,/admin?section=qwenAudio,light,430,932,430x932,后台默认分区,evidence/admin-sections-matrix/promotions-light-430x932.png,evidence/admin-sections-matrix/promotions-light-430x932.json,evidence/after-full-e2e-live-finaldb-20260915.log,PASS,当前构建默认渲染状态已逐项取证；交互/有效/加载/失败/弹层/保存状态仍在页面验收矩阵中单独跟踪。,C01 / 生成按钮B01,PASS,C01;B01;BUILD_ID=9sMLb0KxOZx3vl8L7_ez-;route/theme/viewport
A24-dark-1672,A24,/admin?section=qwenAudio,dark,1672,941,1672x941,后台默认分区,evidence/admin-sections-matrix/promotions-dark-1672x941.png,evidence/admin-sections-matrix/promotions-dark-1672x941.json,evidence/after-full-e2e-live-finaldb-20260915.log,PASS,当前构建默认渲染状态已逐项取证；交互/有效/加载/失败/弹层/保存状态仍在页面验收矩阵中单独跟踪。,C01 / 生成按钮B01,PASS,C01;B01;BUILD_ID=9sMLb0KxOZx3vl8L7_ez-;route/theme/viewport
A24-dark-1440,A24,/admin?section=qwenAudio,dark,1440,900,1440x900,后台默认分区,evidence/admin-sections-matrix/promotions-dark-1440x900.png,evidence/admin-sections-matrix/promotions-dark-1440x900.json,evidence/after-full-e2e-live-finaldb-20260915.log,PASS,当前构建默认渲染状态已逐项取证；交互/有效/加载/失败/弹层/保存状态仍在页面验收矩阵中单独跟踪。,C01 / 生成按钮B01,PASS,C01;B01;BUILD_ID=9sMLb0KxOZx3vl8L7_ez-;route/theme/viewport
A24-dark-1366,A24,/admin?section=qwenAudio,dark,1366,768,1366x768,后台默认分区,evidence/admin-sections-matrix/promotions-dark-1366x768.png,evidence/admin-sections-matrix/promotions-dark-1366x768.json,evidence/after-full-e2e-live-finaldb-20260915.log,PASS,当前构建默认渲染状态已逐项取证；交互/有效/加载/失败/弹层/保存状态仍在页面验收矩阵中单独跟踪。,C01 / 生成按钮B01,PASS,C01;B01;BUILD_ID=9sMLb0KxOZx3vl8L7_ez-;route/theme/viewport
A24-dark-1024,A24,/admin?section=qwenAudio,dark,1024,768,1024x768,后台默认分区,evidence/admin-sections-matrix/promotions-dark-1024x768.png,evidence/admin-sections-matrix/promotions-dark-1024x768.json,evidence/after-full-e2e-live-finaldb-20260915.log,PASS,当前构建默认渲染状态已逐项取证；交互/有效/加载/失败/弹层/保存状态仍在页面验收矩阵中单独跟踪。,C01 / 生成按钮B01,PASS,C01;B01;BUILD_ID=9sMLb0KxOZx3vl8L7_ez-;route/theme/viewport
A24-dark-768,A24,/admin?section=qwenAudio,dark,768,1024,768x1024,后台默认分区,evidence/admin-sections-matrix/promotions-dark-768x1024.png,evidence/admin-sections-matrix/promotions-dark-768x1024.json,evidence/after-full-e2e-live-finaldb-20260915.log,PASS,当前构建默认渲染状态已逐项取证；交互/有效/加载/失败/弹层/保存状态仍在页面验收矩阵中单独跟踪。,C01 / 生成按钮B01,PASS,C01;B01;BUILD_ID=9sMLb0KxOZx3vl8L7_ez-;route/theme/viewport
A24-dark-390,A24,/admin?section=qwenAudio,dark,390,844,390x844,后台默认分区,evidence/admin-sections-matrix/promotions-dark-390x844.png,evidence/admin-sections-matrix/promotions-dark-390x844.json,evidence/after-full-e2e-live-finaldb-20260915.log,PASS,当前构建默认渲染状态已逐项取证；交互/有效/加载/失败/弹层/保存状态仍在页面验收矩阵中单独跟踪。,C01 / 生成按钮B01,PASS,C01;B01;BUILD_ID=9sMLb0KxOZx3vl8L7_ez-;route/theme/viewport
A24-dark-430,A24,/admin?section=qwenAudio,dark,430,932,430x932,后台默认分区,evidence/admin-sections-matrix/promotions-dark-430x932.png,evidence/admin-sections-matrix/promotions-dark-430x932.json,evidence/after-full-e2e-live-finaldb-20260915.log,PASS,当前构建默认渲染状态已逐项取证；交互/有效/加载/失败/弹层/保存状态仍在页面验收矩阵中单独跟踪。,C01 / 生成按钮B01,PASS,C01;B01;BUILD_ID=9sMLb0KxOZx3vl8L7_ez-;route/theme/viewport
A25-light-1672,A25,/admin?section=dreamina,light,1672,941,1672x941,后台默认分区,evidence/admin-sections-matrix/coupons-light-1672x941.png,evidence/admin-sections-matrix/coupons-light-1672x941.json,evidence/after-full-e2e-live-finaldb-20260915.log,PASS,当前构建默认渲染状态已逐项取证；交互/有效/加载/失败/弹层/保存状态仍在页面验收矩阵中单独跟踪。,C01 / 生成按钮B01,PASS,C01;B01;BUILD_ID=9sMLb0KxOZx3vl8L7_ez-;route/theme/viewport
A25-light-1440,A25,/admin?section=dreamina,light,1440,900,1440x900,后台默认分区,evidence/admin-sections-matrix/coupons-light-1440x900.png,evidence/admin-sections-matrix/coupons-light-1440x900.json,evidence/after-full-e2e-live-finaldb-20260915.log,PASS,当前构建默认渲染状态已逐项取证；交互/有效/加载/失败/弹层/保存状态仍在页面验收矩阵中单独跟踪。,C01 / 生成按钮B01,PASS,C01;B01;BUILD_ID=9sMLb0KxOZx3vl8L7_ez-;route/theme/viewport
A25-light-1366,A25,/admin?section=dreamina,light,1366,768,1366x768,后台默认分区,evidence/admin-sections-matrix/coupons-light-1366x768.png,evidence/admin-sections-matrix/coupons-light-1366x768.json,evidence/after-full-e2e-live-finaldb-20260915.log,PASS,当前构建默认渲染状态已逐项取证；交互/有效/加载/失败/弹层/保存状态仍在页面验收矩阵中单独跟踪。,C01 / 生成按钮B01,PASS,C01;B01;BUILD_ID=9sMLb0KxOZx3vl8L7_ez-;route/theme/viewport
A25-light-1024,A25,/admin?section=dreamina,light,1024,768,1024x768,后台默认分区,evidence/admin-sections-matrix/coupons-light-1024x768.png,evidence/admin-sections-matrix/coupons-light-1024x768.json,evidence/after-full-e2e-live-finaldb-20260915.log,PASS,当前构建默认渲染状态已逐项取证；交互/有效/加载/失败/弹层/保存状态仍在页面验收矩阵中单独跟踪。,C01 / 生成按钮B01,PASS,C01;B01;BUILD_ID=9sMLb0KxOZx3vl8L7_ez-;route/theme/viewport
A25-light-768,A25,/admin?section=dreamina,light,768,1024,768x1024,后台默认分区,evidence/admin-sections-matrix/coupons-light-768x1024.png,evidence/admin-sections-matrix/coupons-light-768x1024.json,evidence/after-full-e2e-live-finaldb-20260915.log,PASS,当前构建默认渲染状态已逐项取证；交互/有效/加载/失败/弹层/保存状态仍在页面验收矩阵中单独跟踪。,C01 / 生成按钮B01,PASS,C01;B01;BUILD_ID=9sMLb0KxOZx3vl8L7_ez-;route/theme/viewport
A25-light-390,A25,/admin?section=dreamina,light,390,844,390x844,后台默认分区,evidence/admin-sections-matrix/coupons-light-390x844.png,evidence/admin-sections-matrix/coupons-light-390x844.json,evidence/after-full-e2e-live-finaldb-20260915.log,PASS,当前构建默认渲染状态已逐项取证；交互/有效/加载/失败/弹层/保存状态仍在页面验收矩阵中单独跟踪。,C01 / 生成按钮B01,PASS,C01;B01;BUILD_ID=9sMLb0KxOZx3vl8L7_ez-;route/theme/viewport
A25-light-430,A25,/admin?section=dreamina,light,430,932,430x932,后台默认分区,evidence/admin-sections-matrix/coupons-light-430x932.png,evidence/admin-sections-matrix/coupons-light-430x932.json,evidence/after-full-e2e-live-finaldb-20260915.log,PASS,当前构建默认渲染状态已逐项取证；交互/有效/加载/失败/弹层/保存状态仍在页面验收矩阵中单独跟踪。,C01 / 生成按钮B01,PASS,C01;B01;BUILD_ID=9sMLb0KxOZx3vl8L7_ez-;route/theme/viewport
A25-dark-1672,A25,/admin?section=dreamina,dark,1672,941,1672x941,后台默认分区,evidence/admin-sections-matrix/coupons-dark-1672x941.png,evidence/admin-sections-matrix/coupons-dark-1672x941.json,evidence/after-full-e2e-live-finaldb-20260915.log,PASS,当前构建默认渲染状态已逐项取证；交互/有效/加载/失败/弹层/保存状态仍在页面验收矩阵中单独跟踪。,C01 / 生成按钮B01,PASS,C01;B01;BUILD_ID=9sMLb0KxOZx3vl8L7_ez-;route/theme/viewport
A25-dark-1440,A25,/admin?section=dreamina,dark,1440,900,1440x900,后台默认分区,evidence/admin-sections-matrix/coupons-dark-1440x900.png,evidence/admin-sections-matrix/coupons-dark-1440x900.json,evidence/after-full-e2e-live-finaldb-20260915.log,PASS,当前构建默认渲染状态已逐项取证；交互/有效/加载/失败/弹层/保存状态仍在页面验收矩阵中单独跟踪。,C01 / 生成按钮B01,PASS,C01;B01;BUILD_ID=9sMLb0KxOZx3vl8L7_ez-;route/theme/viewport
A25-dark-1366,A25,/admin?section=dreamina,dark,1366,768,1366x768,后台默认分区,evidence/admin-sections-matrix/coupons-dark-1366x768.png,evidence/admin-sections-matrix/coupons-dark-1366x768.json,evidence/after-full-e2e-live-finaldb-20260915.log,PASS,当前构建默认渲染状态已逐项取证；交互/有效/加载/失败/弹层/保存状态仍在页面验收矩阵中单独跟踪。,C01 / 生成按钮B01,PASS,C01;B01;BUILD_ID=9sMLb0KxOZx3vl8L7_ez-;route/theme/viewport
A25-dark-1024,A25,/admin?section=dreamina,dark,1024,768,1024x768,后台默认分区,evidence/admin-sections-matrix/coupons-dark-1024x768.png,evidence/admin-sections-matrix/coupons-dark-1024x768.json,evidence/after-full-e2e-live-finaldb-20260915.log,PASS,当前构建默认渲染状态已逐项取证；交互/有效/加载/失败/弹层/保存状态仍在页面验收矩阵中单独跟踪。,C01 / 生成按钮B01,PASS,C01;B01;BUILD_ID=9sMLb0KxOZx3vl8L7_ez-;route/theme/viewport
A25-dark-768,A25,/admin?section=dreamina,dark,768,1024,768x1024,后台默认分区,evidence/admin-sections-matrix/coupons-dark-768x1024.png,evidence/admin-sections-matrix/coupons-dark-768x1024.json,evidence/after-full-e2e-live-finaldb-20260915.log,PASS,当前构建默认渲染状态已逐项取证；交互/有效/加载/失败/弹层/保存状态仍在页面验收矩阵中单独跟踪。,C01 / 生成按钮B01,PASS,C01;B01;BUILD_ID=9sMLb0KxOZx3vl8L7_ez-;route/theme/viewport
A25-dark-390,A25,/admin?section=dreamina,dark,390,844,390x844,后台默认分区,evidence/admin-sections-matrix/coupons-dark-390x844.png,evidence/admin-sections-matrix/coupons-dark-390x844.json,evidence/after-full-e2e-live-finaldb-20260915.log,PASS,当前构建默认渲染状态已逐项取证；交互/有效/加载/失败/弹层/保存状态仍在页面验收矩阵中单独跟踪。,C01 / 生成按钮B01,PASS,C01;B01;BUILD_ID=9sMLb0KxOZx3vl8L7_ez-;route/theme/viewport
A25-dark-430,A25,/admin?section=dreamina,dark,430,932,430x932,后台默认分区,evidence/admin-sections-matrix/coupons-dark-430x932.png,evidence/admin-sections-matrix/coupons-dark-430x932.json,evidence/after-full-e2e-live-finaldb-20260915.log,PASS,当前构建默认渲染状态已逐项取证；交互/有效/加载/失败/弹层/保存状态仍在页面验收矩阵中单独跟踪。,C01 / 生成按钮B01,PASS,C01;B01;BUILD_ID=9sMLb0KxOZx3vl8L7_ez-;route/theme/viewport
A26-light-1672,A26,/admin?section=skills,light,1672,941,1672x941,后台默认分区,evidence/admin-sections-matrix/referrals-light-1672x941.png,evidence/admin-sections-matrix/referrals-light-1672x941.json,evidence/after-full-e2e-live-finaldb-20260915.log,PASS,当前构建默认渲染状态已逐项取证；交互/有效/加载/失败/弹层/保存状态仍在页面验收矩阵中单独跟踪。,C01 / 生成按钮B01,PASS,C01;B01;BUILD_ID=9sMLb0KxOZx3vl8L7_ez-;route/theme/viewport
A26-light-1440,A26,/admin?section=skills,light,1440,900,1440x900,后台默认分区,evidence/admin-sections-matrix/referrals-light-1440x900.png,evidence/admin-sections-matrix/referrals-light-1440x900.json,evidence/after-full-e2e-live-finaldb-20260915.log,PASS,当前构建默认渲染状态已逐项取证；交互/有效/加载/失败/弹层/保存状态仍在页面验收矩阵中单独跟踪。,C01 / 生成按钮B01,PASS,C01;B01;BUILD_ID=9sMLb0KxOZx3vl8L7_ez-;route/theme/viewport
A26-light-1366,A26,/admin?section=skills,light,1366,768,1366x768,后台默认分区,evidence/admin-sections-matrix/referrals-light-1366x768.png,evidence/admin-sections-matrix/referrals-light-1366x768.json,evidence/after-full-e2e-live-finaldb-20260915.log,PASS,当前构建默认渲染状态已逐项取证；交互/有效/加载/失败/弹层/保存状态仍在页面验收矩阵中单独跟踪。,C01 / 生成按钮B01,PASS,C01;B01;BUILD_ID=9sMLb0KxOZx3vl8L7_ez-;route/theme/viewport
A26-light-1024,A26,/admin?section=skills,light,1024,768,1024x768,后台默认分区,evidence/admin-sections-matrix/referrals-light-1024x768.png,evidence/admin-sections-matrix/referrals-light-1024x768.json,evidence/after-full-e2e-live-finaldb-20260915.log,PASS,当前构建默认渲染状态已逐项取证；交互/有效/加载/失败/弹层/保存状态仍在页面验收矩阵中单独跟踪。,C01 / 生成按钮B01,PASS,C01;B01;BUILD_ID=9sMLb0KxOZx3vl8L7_ez-;route/theme/viewport
A26-light-768,A26,/admin?section=skills,light,768,1024,768x1024,后台默认分区,evidence/admin-sections-matrix/referrals-light-768x1024.png,evidence/admin-sections-matrix/referrals-light-768x1024.json,evidence/after-full-e2e-live-finaldb-20260915.log,PASS,当前构建默认渲染状态已逐项取证；交互/有效/加载/失败/弹层/保存状态仍在页面验收矩阵中单独跟踪。,C01 / 生成按钮B01,PASS,C01;B01;BUILD_ID=9sMLb0KxOZx3vl8L7_ez-;route/theme/viewport
A26-light-390,A26,/admin?section=skills,light,390,844,390x844,后台默认分区,evidence/admin-sections-matrix/referrals-light-390x844.png,evidence/admin-sections-matrix/referrals-light-390x844.json,evidence/after-full-e2e-live-finaldb-20260915.log,PASS,当前构建默认渲染状态已逐项取证；交互/有效/加载/失败/弹层/保存状态仍在页面验收矩阵中单独跟踪。,C01 / 生成按钮B01,PASS,C01;B01;BUILD_ID=9sMLb0KxOZx3vl8L7_ez-;route/theme/viewport
A26-light-430,A26,/admin?section=skills,light,430,932,430x932,后台默认分区,evidence/admin-sections-matrix/referrals-light-430x932.png,evidence/admin-sections-matrix/referrals-light-430x932.json,evidence/after-full-e2e-live-finaldb-20260915.log,PASS,当前构建默认渲染状态已逐项取证；交互/有效/加载/失败/弹层/保存状态仍在页面验收矩阵中单独跟踪。,C01 / 生成按钮B01,PASS,C01;B01;BUILD_ID=9sMLb0KxOZx3vl8L7_ez-;route/theme/viewport
A26-dark-1672,A26,/admin?section=skills,dark,1672,941,1672x941,后台默认分区,evidence/admin-sections-matrix/referrals-dark-1672x941.png,evidence/admin-sections-matrix/referrals-dark-1672x941.json,evidence/after-full-e2e-live-finaldb-20260915.log,PASS,当前构建默认渲染状态已逐项取证；交互/有效/加载/失败/弹层/保存状态仍在页面验收矩阵中单独跟踪。,C01 / 生成按钮B01,PASS,C01;B01;BUILD_ID=9sMLb0KxOZx3vl8L7_ez-;route/theme/viewport
A26-dark-1440,A26,/admin?section=skills,dark,1440,900,1440x900,后台默认分区,evidence/admin-sections-matrix/referrals-dark-1440x900.png,evidence/admin-sections-matrix/referrals-dark-1440x900.json,evidence/after-full-e2e-live-finaldb-20260915.log,PASS,当前构建默认渲染状态已逐项取证；交互/有效/加载/失败/弹层/保存状态仍在页面验收矩阵中单独跟踪。,C01 / 生成按钮B01,PASS,C01;B01;BUILD_ID=9sMLb0KxOZx3vl8L7_ez-;route/theme/viewport
A26-dark-1366,A26,/admin?section=skills,dark,1366,768,1366x768,后台默认分区,evidence/admin-sections-matrix/referrals-dark-1366x768.png,evidence/admin-sections-matrix/referrals-dark-1366x768.json,evidence/after-full-e2e-live-finaldb-20260915.log,PASS,当前构建默认渲染状态已逐项取证；交互/有效/加载/失败/弹层/保存状态仍在页面验收矩阵中单独跟踪。,C01 / 生成按钮B01,PASS,C01;B01;BUILD_ID=9sMLb0KxOZx3vl8L7_ez-;route/theme/viewport
A26-dark-1024,A26,/admin?section=skills,dark,1024,768,1024x768,后台默认分区,evidence/admin-sections-matrix/referrals-dark-1024x768.png,evidence/admin-sections-matrix/referrals-dark-1024x768.json,evidence/after-full-e2e-live-finaldb-20260915.log,PASS,当前构建默认渲染状态已逐项取证；交互/有效/加载/失败/弹层/保存状态仍在页面验收矩阵中单独跟踪。,C01 / 生成按钮B01,PASS,C01;B01;BUILD_ID=9sMLb0KxOZx3vl8L7_ez-;route/theme/viewport
A26-dark-768,A26,/admin?section=skills,dark,768,1024,768x1024,后台默认分区,evidence/admin-sections-matrix/referrals-dark-768x1024.png,evidence/admin-sections-matrix/referrals-dark-768x1024.json,evidence/after-full-e2e-live-finaldb-20260915.log,PASS,当前构建默认渲染状态已逐项取证；交互/有效/加载/失败/弹层/保存状态仍在页面验收矩阵中单独跟踪。,C01 / 生成按钮B01,PASS,C01;B01;BUILD_ID=9sMLb0KxOZx3vl8L7_ez-;route/theme/viewport
A26-dark-390,A26,/admin?section=skills,dark,390,844,390x844,后台默认分区,evidence/admin-sections-matrix/referrals-dark-390x844.png,evidence/admin-sections-matrix/referrals-dark-390x844.json,evidence/after-full-e2e-live-finaldb-20260915.log,PASS,当前构建默认渲染状态已逐项取证；交互/有效/加载/失败/弹层/保存状态仍在页面验收矩阵中单独跟踪。,C01 / 生成按钮B01,PASS,C01;B01;BUILD_ID=9sMLb0KxOZx3vl8L7_ez-;route/theme/viewport
A26-dark-430,A26,/admin?section=skills,dark,430,932,430x932,后台默认分区,evidence/admin-sections-matrix/referrals-dark-430x932.png,evidence/admin-sections-matrix/referrals-dark-430x932.json,evidence/after-full-e2e-live-finaldb-20260915.log,PASS,当前构建默认渲染状态已逐项取证；交互/有效/加载/失败/弹层/保存状态仍在页面验收矩阵中单独跟踪。,C01 / 生成按钮B01,PASS,C01;B01;BUILD_ID=9sMLb0KxOZx3vl8L7_ez-;route/theme/viewport
A27-light-1672,A27,/admin?section=settings,light,1672,941,1672x941,后台默认分区,evidence/admin-sections-matrix/payments-light-1672x941.png,evidence/admin-sections-matrix/payments-light-1672x941.json,evidence/after-full-e2e-live-finaldb-20260915.log,PASS,当前构建默认渲染状态已逐项取证；交互/有效/加载/失败/弹层/保存状态仍在页面验收矩阵中单独跟踪。,C01 / 生成按钮B01,PASS,C01;B01;BUILD_ID=9sMLb0KxOZx3vl8L7_ez-;route/theme/viewport
A27-light-1440,A27,/admin?section=settings,light,1440,900,1440x900,后台默认分区,evidence/admin-sections-matrix/payments-light-1440x900.png,evidence/admin-sections-matrix/payments-light-1440x900.json,evidence/after-full-e2e-live-finaldb-20260915.log,PASS,当前构建默认渲染状态已逐项取证；交互/有效/加载/失败/弹层/保存状态仍在页面验收矩阵中单独跟踪。,C01 / 生成按钮B01,PASS,C01;B01;BUILD_ID=9sMLb0KxOZx3vl8L7_ez-;route/theme/viewport
A27-light-1366,A27,/admin?section=settings,light,1366,768,1366x768,后台默认分区,evidence/admin-sections-matrix/payments-light-1366x768.png,evidence/admin-sections-matrix/payments-light-1366x768.json,evidence/after-full-e2e-live-finaldb-20260915.log,PASS,当前构建默认渲染状态已逐项取证；交互/有效/加载/失败/弹层/保存状态仍在页面验收矩阵中单独跟踪。,C01 / 生成按钮B01,PASS,C01;B01;BUILD_ID=9sMLb0KxOZx3vl8L7_ez-;route/theme/viewport
A27-light-1024,A27,/admin?section=settings,light,1024,768,1024x768,后台默认分区,evidence/admin-sections-matrix/payments-light-1024x768.png,evidence/admin-sections-matrix/payments-light-1024x768.json,evidence/after-full-e2e-live-finaldb-20260915.log,PASS,当前构建默认渲染状态已逐项取证；交互/有效/加载/失败/弹层/保存状态仍在页面验收矩阵中单独跟踪。,C01 / 生成按钮B01,PASS,C01;B01;BUILD_ID=9sMLb0KxOZx3vl8L7_ez-;route/theme/viewport
A27-light-768,A27,/admin?section=settings,light,768,1024,768x1024,后台默认分区,evidence/admin-sections-matrix/payments-light-768x1024.png,evidence/admin-sections-matrix/payments-light-768x1024.json,evidence/after-full-e2e-live-finaldb-20260915.log,PASS,当前构建默认渲染状态已逐项取证；交互/有效/加载/失败/弹层/保存状态仍在页面验收矩阵中单独跟踪。,C01 / 生成按钮B01,PASS,C01;B01;BUILD_ID=9sMLb0KxOZx3vl8L7_ez-;route/theme/viewport
A27-light-390,A27,/admin?section=settings,light,390,844,390x844,后台默认分区,evidence/admin-sections-matrix/payments-light-390x844.png,evidence/admin-sections-matrix/payments-light-390x844.json,evidence/after-full-e2e-live-finaldb-20260915.log,PASS,当前构建默认渲染状态已逐项取证；交互/有效/加载/失败/弹层/保存状态仍在页面验收矩阵中单独跟踪。,C01 / 生成按钮B01,PASS,C01;B01;BUILD_ID=9sMLb0KxOZx3vl8L7_ez-;route/theme/viewport
A27-light-430,A27,/admin?section=settings,light,430,932,430x932,后台默认分区,evidence/admin-sections-matrix/payments-light-430x932.png,evidence/admin-sections-matrix/payments-light-430x932.json,evidence/after-full-e2e-live-finaldb-20260915.log,PASS,当前构建默认渲染状态已逐项取证；交互/有效/加载/失败/弹层/保存状态仍在页面验收矩阵中单独跟踪。,C01 / 生成按钮B01,PASS,C01;B01;BUILD_ID=9sMLb0KxOZx3vl8L7_ez-;route/theme/viewport
A27-dark-1672,A27,/admin?section=settings,dark,1672,941,1672x941,后台默认分区,evidence/admin-sections-matrix/payments-dark-1672x941.png,evidence/admin-sections-matrix/payments-dark-1672x941.json,evidence/after-full-e2e-live-finaldb-20260915.log,PASS,当前构建默认渲染状态已逐项取证；交互/有效/加载/失败/弹层/保存状态仍在页面验收矩阵中单独跟踪。,C01 / 生成按钮B01,PASS,C01;B01;BUILD_ID=9sMLb0KxOZx3vl8L7_ez-;route/theme/viewport
A27-dark-1440,A27,/admin?section=settings,dark,1440,900,1440x900,后台默认分区,evidence/admin-sections-matrix/payments-dark-1440x900.png,evidence/admin-sections-matrix/payments-dark-1440x900.json,evidence/after-full-e2e-live-finaldb-20260915.log,PASS,当前构建默认渲染状态已逐项取证；交互/有效/加载/失败/弹层/保存状态仍在页面验收矩阵中单独跟踪。,C01 / 生成按钮B01,PASS,C01;B01;BUILD_ID=9sMLb0KxOZx3vl8L7_ez-;route/theme/viewport
A27-dark-1366,A27,/admin?section=settings,dark,1366,768,1366x768,后台默认分区,evidence/admin-sections-matrix/payments-dark-1366x768.png,evidence/admin-sections-matrix/payments-dark-1366x768.json,evidence/after-full-e2e-live-finaldb-20260915.log,PASS,当前构建默认渲染状态已逐项取证；交互/有效/加载/失败/弹层/保存状态仍在页面验收矩阵中单独跟踪。,C01 / 生成按钮B01,PASS,C01;B01;BUILD_ID=9sMLb0KxOZx3vl8L7_ez-;route/theme/viewport
A27-dark-1024,A27,/admin?section=settings,dark,1024,768,1024x768,后台默认分区,evidence/admin-sections-matrix/payments-dark-1024x768.png,evidence/admin-sections-matrix/payments-dark-1024x768.json,evidence/after-full-e2e-live-finaldb-20260915.log,PASS,当前构建默认渲染状态已逐项取证；交互/有效/加载/失败/弹层/保存状态仍在页面验收矩阵中单独跟踪。,C01 / 生成按钮B01,PASS,C01;B01;BUILD_ID=9sMLb0KxOZx3vl8L7_ez-;route/theme/viewport
A27-dark-768,A27,/admin?section=settings,dark,768,1024,768x1024,后台默认分区,evidence/admin-sections-matrix/payments-dark-768x1024.png,evidence/admin-sections-matrix/payments-dark-768x1024.json,evidence/after-full-e2e-live-finaldb-20260915.log,PASS,当前构建默认渲染状态已逐项取证；交互/有效/加载/失败/弹层/保存状态仍在页面验收矩阵中单独跟踪。,C01 / 生成按钮B01,PASS,C01;B01;BUILD_ID=9sMLb0KxOZx3vl8L7_ez-;route/theme/viewport
A27-dark-390,A27,/admin?section=settings,dark,390,844,390x844,后台默认分区,evidence/admin-sections-matrix/payments-dark-390x844.png,evidence/admin-sections-matrix/payments-dark-390x844.json,evidence/after-full-e2e-live-finaldb-20260915.log,PASS,当前构建默认渲染状态已逐项取证；交互/有效/加载/失败/弹层/保存状态仍在页面验收矩阵中单独跟踪。,C01 / 生成按钮B01,PASS,C01;B01;BUILD_ID=9sMLb0KxOZx3vl8L7_ez-;route/theme/viewport
A27-dark-430,A27,/admin?section=settings,dark,430,932,430x932,后台默认分区,evidence/admin-sections-matrix/payments-dark-430x932.png,evidence/admin-sections-matrix/payments-dark-430x932.json,evidence/after-full-e2e-live-finaldb-20260915.log,PASS,当前构建默认渲染状态已逐项取证；交互/有效/加载/失败/弹层/保存状态仍在页面验收矩阵中单独跟踪。,C01 / 生成按钮B01,PASS,C01;B01;BUILD_ID=9sMLb0KxOZx3vl8L7_ez-;route/theme/viewport
A28-light-1672,A28,/admin?section=accountDeletion,light,1672,941,1672x941,后台默认分区,evidence/admin-sections-matrix/updates-light-1672x941.png,evidence/admin-sections-matrix/updates-light-1672x941.json,evidence/after-full-e2e-live-finaldb-20260915.log,PASS,当前构建默认渲染状态已逐项取证；交互/有效/加载/失败/弹层/保存状态仍在页面验收矩阵中单独跟踪。,C01 / 生成按钮B01,PASS,C01;B01;BUILD_ID=9sMLb0KxOZx3vl8L7_ez-;route/theme/viewport
A28-light-1440,A28,/admin?section=accountDeletion,light,1440,900,1440x900,后台默认分区,evidence/admin-sections-matrix/updates-light-1440x900.png,evidence/admin-sections-matrix/updates-light-1440x900.json,evidence/after-full-e2e-live-finaldb-20260915.log,PASS,当前构建默认渲染状态已逐项取证；交互/有效/加载/失败/弹层/保存状态仍在页面验收矩阵中单独跟踪。,C01 / 生成按钮B01,PASS,C01;B01;BUILD_ID=9sMLb0KxOZx3vl8L7_ez-;route/theme/viewport
A28-light-1366,A28,/admin?section=accountDeletion,light,1366,768,1366x768,后台默认分区,evidence/admin-sections-matrix/updates-light-1366x768.png,evidence/admin-sections-matrix/updates-light-1366x768.json,evidence/after-full-e2e-live-finaldb-20260915.log,PASS,当前构建默认渲染状态已逐项取证；交互/有效/加载/失败/弹层/保存状态仍在页面验收矩阵中单独跟踪。,C01 / 生成按钮B01,PASS,C01;B01;BUILD_ID=9sMLb0KxOZx3vl8L7_ez-;route/theme/viewport
A28-light-1024,A28,/admin?section=accountDeletion,light,1024,768,1024x768,后台默认分区,evidence/admin-sections-matrix/updates-light-1024x768.png,evidence/admin-sections-matrix/updates-light-1024x768.json,evidence/after-full-e2e-live-finaldb-20260915.log,PASS,当前构建默认渲染状态已逐项取证；交互/有效/加载/失败/弹层/保存状态仍在页面验收矩阵中单独跟踪。,C01 / 生成按钮B01,PASS,C01;B01;BUILD_ID=9sMLb0KxOZx3vl8L7_ez-;route/theme/viewport
A28-light-768,A28,/admin?section=accountDeletion,light,768,1024,768x1024,后台默认分区,evidence/admin-sections-matrix/updates-light-768x1024.png,evidence/admin-sections-matrix/updates-light-768x1024.json,evidence/after-full-e2e-live-finaldb-20260915.log,PASS,当前构建默认渲染状态已逐项取证；交互/有效/加载/失败/弹层/保存状态仍在页面验收矩阵中单独跟踪。,C01 / 生成按钮B01,PASS,C01;B01;BUILD_ID=9sMLb0KxOZx3vl8L7_ez-;route/theme/viewport
A28-light-390,A28,/admin?section=accountDeletion,light,390,844,390x844,后台默认分区,evidence/admin-sections-matrix/updates-light-390x844.png,evidence/admin-sections-matrix/updates-light-390x844.json,evidence/after-full-e2e-live-finaldb-20260915.log,PASS,当前构建默认渲染状态已逐项取证；交互/有效/加载/失败/弹层/保存状态仍在页面验收矩阵中单独跟踪。,C01 / 生成按钮B01,PASS,C01;B01;BUILD_ID=9sMLb0KxOZx3vl8L7_ez-;route/theme/viewport
A28-light-430,A28,/admin?section=accountDeletion,light,430,932,430x932,后台默认分区,evidence/admin-sections-matrix/updates-light-430x932.png,evidence/admin-sections-matrix/updates-light-430x932.json,evidence/after-full-e2e-live-finaldb-20260915.log,PASS,当前构建默认渲染状态已逐项取证；交互/有效/加载/失败/弹层/保存状态仍在页面验收矩阵中单独跟踪。,C01 / 生成按钮B01,PASS,C01;B01;BUILD_ID=9sMLb0KxOZx3vl8L7_ez-;route/theme/viewport
A28-dark-1672,A28,/admin?section=accountDeletion,dark,1672,941,1672x941,后台默认分区,evidence/admin-sections-matrix/updates-dark-1672x941.png,evidence/admin-sections-matrix/updates-dark-1672x941.json,evidence/after-full-e2e-live-finaldb-20260915.log,PASS,当前构建默认渲染状态已逐项取证；交互/有效/加载/失败/弹层/保存状态仍在页面验收矩阵中单独跟踪。,C01 / 生成按钮B01,PASS,C01;B01;BUILD_ID=9sMLb0KxOZx3vl8L7_ez-;route/theme/viewport
A28-dark-1440,A28,/admin?section=accountDeletion,dark,1440,900,1440x900,后台默认分区,evidence/admin-sections-matrix/updates-dark-1440x900.png,evidence/admin-sections-matrix/updates-dark-1440x900.json,evidence/after-full-e2e-live-finaldb-20260915.log,PASS,当前构建默认渲染状态已逐项取证；交互/有效/加载/失败/弹层/保存状态仍在页面验收矩阵中单独跟踪。,C01 / 生成按钮B01,PASS,C01;B01;BUILD_ID=9sMLb0KxOZx3vl8L7_ez-;route/theme/viewport
A28-dark-1366,A28,/admin?section=accountDeletion,dark,1366,768,1366x768,后台默认分区,evidence/admin-sections-matrix/updates-dark-1366x768.png,evidence/admin-sections-matrix/updates-dark-1366x768.json,evidence/after-full-e2e-live-finaldb-20260915.log,PASS,当前构建默认渲染状态已逐项取证；交互/有效/加载/失败/弹层/保存状态仍在页面验收矩阵中单独跟踪。,C01 / 生成按钮B01,PASS,C01;B01;BUILD_ID=9sMLb0KxOZx3vl8L7_ez-;route/theme/viewport
A28-dark-1024,A28,/admin?section=accountDeletion,dark,1024,768,1024x768,后台默认分区,evidence/admin-sections-matrix/updates-dark-1024x768.png,evidence/admin-sections-matrix/updates-dark-1024x768.json,evidence/after-full-e2e-live-finaldb-20260915.log,PASS,当前构建默认渲染状态已逐项取证；交互/有效/加载/失败/弹层/保存状态仍在页面验收矩阵中单独跟踪。,C01 / 生成按钮B01,PASS,C01;B01;BUILD_ID=9sMLb0KxOZx3vl8L7_ez-;route/theme/viewport
A28-dark-768,A28,/admin?section=accountDeletion,dark,768,1024,768x1024,后台默认分区,evidence/admin-sections-matrix/updates-dark-768x1024.png,evidence/admin-sections-matrix/updates-dark-768x1024.json,evidence/after-full-e2e-live-finaldb-20260915.log,PASS,当前构建默认渲染状态已逐项取证；交互/有效/加载/失败/弹层/保存状态仍在页面验收矩阵中单独跟踪。,C01 / 生成按钮B01,PASS,C01;B01;BUILD_ID=9sMLb0KxOZx3vl8L7_ez-;route/theme/viewport
A28-dark-390,A28,/admin?section=accountDeletion,dark,390,844,390x844,后台默认分区,evidence/admin-sections-matrix/updates-dark-390x844.png,evidence/admin-sections-matrix/updates-dark-390x844.json,evidence/after-full-e2e-live-finaldb-20260915.log,PASS,当前构建默认渲染状态已逐项取证；交互/有效/加载/失败/弹层/保存状态仍在页面验收矩阵中单独跟踪。,C01 / 生成按钮B01,PASS,C01;B01;BUILD_ID=9sMLb0KxOZx3vl8L7_ez-;route/theme/viewport
A28-dark-430,A28,/admin?section=accountDeletion,dark,430,932,430x932,后台默认分区,evidence/admin-sections-matrix/updates-dark-430x932.png,evidence/admin-sections-matrix/updates-dark-430x932.json,evidence/after-full-e2e-live-finaldb-20260915.log,PASS,当前构建默认渲染状态已逐项取证；交互/有效/加载/失败/弹层/保存状态仍在页面验收矩阵中单独跟踪。,C01 / 生成按钮B01,PASS,C01;B01;BUILD_ID=9sMLb0KxOZx3vl8L7_ez-;route/theme/viewport
A29-light-1672,A29,/admin?section=mediaStorage,light,1672,941,1672x941,后台默认分区,evidence/admin-sections-matrix/cdk-light-1672x941.png,evidence/admin-sections-matrix/cdk-light-1672x941.json,evidence/after-full-e2e-live-finaldb-20260915.log,PASS,当前构建默认渲染状态已逐项取证；交互/有效/加载/失败/弹层/保存状态仍在页面验收矩阵中单独跟踪。,C01 / 生成按钮B01,PASS,C01;B01;BUILD_ID=9sMLb0KxOZx3vl8L7_ez-;route/theme/viewport
A29-light-1440,A29,/admin?section=mediaStorage,light,1440,900,1440x900,后台默认分区,evidence/admin-sections-matrix/cdk-light-1440x900.png,evidence/admin-sections-matrix/cdk-light-1440x900.json,evidence/after-full-e2e-live-finaldb-20260915.log,PASS,当前构建默认渲染状态已逐项取证；交互/有效/加载/失败/弹层/保存状态仍在页面验收矩阵中单独跟踪。,C01 / 生成按钮B01,PASS,C01;B01;BUILD_ID=9sMLb0KxOZx3vl8L7_ez-;route/theme/viewport
A29-light-1366,A29,/admin?section=mediaStorage,light,1366,768,1366x768,后台默认分区,evidence/admin-sections-matrix/cdk-light-1366x768.png,evidence/admin-sections-matrix/cdk-light-1366x768.json,evidence/after-full-e2e-live-finaldb-20260915.log,PASS,当前构建默认渲染状态已逐项取证；交互/有效/加载/失败/弹层/保存状态仍在页面验收矩阵中单独跟踪。,C01 / 生成按钮B01,PASS,C01;B01;BUILD_ID=9sMLb0KxOZx3vl8L7_ez-;route/theme/viewport
A29-light-1024,A29,/admin?section=mediaStorage,light,1024,768,1024x768,后台默认分区,evidence/admin-sections-matrix/cdk-light-1024x768.png,evidence/admin-sections-matrix/cdk-light-1024x768.json,evidence/after-full-e2e-live-finaldb-20260915.log,PASS,当前构建默认渲染状态已逐项取证；交互/有效/加载/失败/弹层/保存状态仍在页面验收矩阵中单独跟踪。,C01 / 生成按钮B01,PASS,C01;B01;BUILD_ID=9sMLb0KxOZx3vl8L7_ez-;route/theme/viewport
A29-light-768,A29,/admin?section=mediaStorage,light,768,1024,768x1024,后台默认分区,evidence/admin-sections-matrix/cdk-light-768x1024.png,evidence/admin-sections-matrix/cdk-light-768x1024.json,evidence/after-full-e2e-live-finaldb-20260915.log,PASS,当前构建默认渲染状态已逐项取证；交互/有效/加载/失败/弹层/保存状态仍在页面验收矩阵中单独跟踪。,C01 / 生成按钮B01,PASS,C01;B01;BUILD_ID=9sMLb0KxOZx3vl8L7_ez-;route/theme/viewport
A29-light-390,A29,/admin?section=mediaStorage,light,390,844,390x844,后台默认分区,evidence/admin-sections-matrix/cdk-light-390x844.png,evidence/admin-sections-matrix/cdk-light-390x844.json,evidence/after-full-e2e-live-finaldb-20260915.log,PASS,当前构建默认渲染状态已逐项取证；交互/有效/加载/失败/弹层/保存状态仍在页面验收矩阵中单独跟踪。,C01 / 生成按钮B01,PASS,C01;B01;BUILD_ID=9sMLb0KxOZx3vl8L7_ez-;route/theme/viewport
A29-light-430,A29,/admin?section=mediaStorage,light,430,932,430x932,后台默认分区,evidence/admin-sections-matrix/cdk-light-430x932.png,evidence/admin-sections-matrix/cdk-light-430x932.json,evidence/after-full-e2e-live-finaldb-20260915.log,PASS,当前构建默认渲染状态已逐项取证；交互/有效/加载/失败/弹层/保存状态仍在页面验收矩阵中单独跟踪。,C01 / 生成按钮B01,PASS,C01;B01;BUILD_ID=9sMLb0KxOZx3vl8L7_ez-;route/theme/viewport
A29-dark-1672,A29,/admin?section=mediaStorage,dark,1672,941,1672x941,后台默认分区,evidence/admin-sections-matrix/cdk-dark-1672x941.png,evidence/admin-sections-matrix/cdk-dark-1672x941.json,evidence/after-full-e2e-live-finaldb-20260915.log,PASS,当前构建默认渲染状态已逐项取证；交互/有效/加载/失败/弹层/保存状态仍在页面验收矩阵中单独跟踪。,C01 / 生成按钮B01,PASS,C01;B01;BUILD_ID=9sMLb0KxOZx3vl8L7_ez-;route/theme/viewport
A29-dark-1440,A29,/admin?section=mediaStorage,dark,1440,900,1440x900,后台默认分区,evidence/admin-sections-matrix/cdk-dark-1440x900.png,evidence/admin-sections-matrix/cdk-dark-1440x900.json,evidence/after-full-e2e-live-finaldb-20260915.log,PASS,当前构建默认渲染状态已逐项取证；交互/有效/加载/失败/弹层/保存状态仍在页面验收矩阵中单独跟踪。,C01 / 生成按钮B01,PASS,C01;B01;BUILD_ID=9sMLb0KxOZx3vl8L7_ez-;route/theme/viewport
A29-dark-1366,A29,/admin?section=mediaStorage,dark,1366,768,1366x768,后台默认分区,evidence/admin-sections-matrix/cdk-dark-1366x768.png,evidence/admin-sections-matrix/cdk-dark-1366x768.json,evidence/after-full-e2e-live-finaldb-20260915.log,PASS,当前构建默认渲染状态已逐项取证；交互/有效/加载/失败/弹层/保存状态仍在页面验收矩阵中单独跟踪。,C01 / 生成按钮B01,PASS,C01;B01;BUILD_ID=9sMLb0KxOZx3vl8L7_ez-;route/theme/viewport
A29-dark-1024,A29,/admin?section=mediaStorage,dark,1024,768,1024x768,后台默认分区,evidence/admin-sections-matrix/cdk-dark-1024x768.png,evidence/admin-sections-matrix/cdk-dark-1024x768.json,evidence/after-full-e2e-live-finaldb-20260915.log,PASS,当前构建默认渲染状态已逐项取证；交互/有效/加载/失败/弹层/保存状态仍在页面验收矩阵中单独跟踪。,C01 / 生成按钮B01,PASS,C01;B01;BUILD_ID=9sMLb0KxOZx3vl8L7_ez-;route/theme/viewport
A29-dark-768,A29,/admin?section=mediaStorage,dark,768,1024,768x1024,后台默认分区,evidence/admin-sections-matrix/cdk-dark-768x1024.png,evidence/admin-sections-matrix/cdk-dark-768x1024.json,evidence/after-full-e2e-live-finaldb-20260915.log,PASS,当前构建默认渲染状态已逐项取证；交互/有效/加载/失败/弹层/保存状态仍在页面验收矩阵中单独跟踪。,C01 / 生成按钮B01,PASS,C01;B01;BUILD_ID=9sMLb0KxOZx3vl8L7_ez-;route/theme/viewport
A29-dark-390,A29,/admin?section=mediaStorage,dark,390,844,390x844,后台默认分区,evidence/admin-sections-matrix/cdk-dark-390x844.png,evidence/admin-sections-matrix/cdk-dark-390x844.json,evidence/after-full-e2e-live-finaldb-20260915.log,PASS,当前构建默认渲染状态已逐项取证；交互/有效/加载/失败/弹层/保存状态仍在页面验收矩阵中单独跟踪。,C01 / 生成按钮B01,PASS,C01;B01;BUILD_ID=9sMLb0KxOZx3vl8L7_ez-;route/theme/viewport
A29-dark-430,A29,/admin?section=mediaStorage,dark,430,932,430x932,后台默认分区,evidence/admin-sections-matrix/cdk-dark-430x932.png,evidence/admin-sections-matrix/cdk-dark-430x932.json,evidence/after-full-e2e-live-finaldb-20260915.log,PASS,当前构建默认渲染状态已逐项取证；交互/有效/加载/失败/弹层/保存状态仍在页面验收矩阵中单独跟踪。,C01 / 生成按钮B01,PASS,C01;B01;BUILD_ID=9sMLb0KxOZx3vl8L7_ez-;route/theme/viewport
A30-light-1672,A30,/admin?section=externalStorage,light,1672,941,1672x941,后台默认分区,evidence/admin-sections-matrix/announcements-light-1672x941.png,evidence/admin-sections-matrix/announcements-light-1672x941.json,evidence/after-full-e2e-live-finaldb-20260915.log,PASS,当前构建默认渲染状态已逐项取证；交互/有效/加载/失败/弹层/保存状态仍在页面验收矩阵中单独跟踪。,C01 / 生成按钮B01,PASS,C01;B01;BUILD_ID=9sMLb0KxOZx3vl8L7_ez-;route/theme/viewport
A30-light-1440,A30,/admin?section=externalStorage,light,1440,900,1440x900,后台默认分区,evidence/admin-sections-matrix/announcements-light-1440x900.png,evidence/admin-sections-matrix/announcements-light-1440x900.json,evidence/after-full-e2e-live-finaldb-20260915.log,PASS,当前构建默认渲染状态已逐项取证；交互/有效/加载/失败/弹层/保存状态仍在页面验收矩阵中单独跟踪。,C01 / 生成按钮B01,PASS,C01;B01;BUILD_ID=9sMLb0KxOZx3vl8L7_ez-;route/theme/viewport
A30-light-1366,A30,/admin?section=externalStorage,light,1366,768,1366x768,后台默认分区,evidence/admin-sections-matrix/announcements-light-1366x768.png,evidence/admin-sections-matrix/announcements-light-1366x768.json,evidence/after-full-e2e-live-finaldb-20260915.log,PASS,当前构建默认渲染状态已逐项取证；交互/有效/加载/失败/弹层/保存状态仍在页面验收矩阵中单独跟踪。,C01 / 生成按钮B01,PASS,C01;B01;BUILD_ID=9sMLb0KxOZx3vl8L7_ez-;route/theme/viewport
A30-light-1024,A30,/admin?section=externalStorage,light,1024,768,1024x768,后台默认分区,evidence/admin-sections-matrix/announcements-light-1024x768.png,evidence/admin-sections-matrix/announcements-light-1024x768.json,evidence/after-full-e2e-live-finaldb-20260915.log,PASS,当前构建默认渲染状态已逐项取证；交互/有效/加载/失败/弹层/保存状态仍在页面验收矩阵中单独跟踪。,C01 / 生成按钮B01,PASS,C01;B01;BUILD_ID=9sMLb0KxOZx3vl8L7_ez-;route/theme/viewport
A30-light-768,A30,/admin?section=externalStorage,light,768,1024,768x1024,后台默认分区,evidence/admin-sections-matrix/announcements-light-768x1024.png,evidence/admin-sections-matrix/announcements-light-768x1024.json,evidence/after-full-e2e-live-finaldb-20260915.log,PASS,当前构建默认渲染状态已逐项取证；交互/有效/加载/失败/弹层/保存状态仍在页面验收矩阵中单独跟踪。,C01 / 生成按钮B01,PASS,C01;B01;BUILD_ID=9sMLb0KxOZx3vl8L7_ez-;route/theme/viewport
A30-light-390,A30,/admin?section=externalStorage,light,390,844,390x844,后台默认分区,evidence/admin-sections-matrix/announcements-light-390x844.png,evidence/admin-sections-matrix/announcements-light-390x844.json,evidence/after-full-e2e-live-finaldb-20260915.log,PASS,当前构建默认渲染状态已逐项取证；交互/有效/加载/失败/弹层/保存状态仍在页面验收矩阵中单独跟踪。,C01 / 生成按钮B01,PASS,C01;B01;BUILD_ID=9sMLb0KxOZx3vl8L7_ez-;route/theme/viewport
A30-light-430,A30,/admin?section=externalStorage,light,430,932,430x932,后台默认分区,evidence/admin-sections-matrix/announcements-light-430x932.png,evidence/admin-sections-matrix/announcements-light-430x932.json,evidence/after-full-e2e-live-finaldb-20260915.log,PASS,当前构建默认渲染状态已逐项取证；交互/有效/加载/失败/弹层/保存状态仍在页面验收矩阵中单独跟踪。,C01 / 生成按钮B01,PASS,C01;B01;BUILD_ID=9sMLb0KxOZx3vl8L7_ez-;route/theme/viewport
A30-dark-1672,A30,/admin?section=externalStorage,dark,1672,941,1672x941,后台默认分区,evidence/admin-sections-matrix/announcements-dark-1672x941.png,evidence/admin-sections-matrix/announcements-dark-1672x941.json,evidence/after-full-e2e-live-finaldb-20260915.log,PASS,当前构建默认渲染状态已逐项取证；交互/有效/加载/失败/弹层/保存状态仍在页面验收矩阵中单独跟踪。,C01 / 生成按钮B01,PASS,C01;B01;BUILD_ID=9sMLb0KxOZx3vl8L7_ez-;route/theme/viewport
A30-dark-1440,A30,/admin?section=externalStorage,dark,1440,900,1440x900,后台默认分区,evidence/admin-sections-matrix/announcements-dark-1440x900.png,evidence/admin-sections-matrix/announcements-dark-1440x900.json,evidence/after-full-e2e-live-finaldb-20260915.log,PASS,当前构建默认渲染状态已逐项取证；交互/有效/加载/失败/弹层/保存状态仍在页面验收矩阵中单独跟踪。,C01 / 生成按钮B01,PASS,C01;B01;BUILD_ID=9sMLb0KxOZx3vl8L7_ez-;route/theme/viewport
A30-dark-1366,A30,/admin?section=externalStorage,dark,1366,768,1366x768,后台默认分区,evidence/admin-sections-matrix/announcements-dark-1366x768.png,evidence/admin-sections-matrix/announcements-dark-1366x768.json,evidence/after-full-e2e-live-finaldb-20260915.log,PASS,当前构建默认渲染状态已逐项取证；交互/有效/加载/失败/弹层/保存状态仍在页面验收矩阵中单独跟踪。,C01 / 生成按钮B01,PASS,C01;B01;BUILD_ID=9sMLb0KxOZx3vl8L7_ez-;route/theme/viewport
A30-dark-1024,A30,/admin?section=externalStorage,dark,1024,768,1024x768,后台默认分区,evidence/admin-sections-matrix/announcements-dark-1024x768.png,evidence/admin-sections-matrix/announcements-dark-1024x768.json,evidence/after-full-e2e-live-finaldb-20260915.log,PASS,当前构建默认渲染状态已逐项取证；交互/有效/加载/失败/弹层/保存状态仍在页面验收矩阵中单独跟踪。,C01 / 生成按钮B01,PASS,C01;B01;BUILD_ID=9sMLb0KxOZx3vl8L7_ez-;route/theme/viewport
A30-dark-768,A30,/admin?section=externalStorage,dark,768,1024,768x1024,后台默认分区,evidence/admin-sections-matrix/announcements-dark-768x1024.png,evidence/admin-sections-matrix/announcements-dark-768x1024.json,evidence/after-full-e2e-live-finaldb-20260915.log,PASS,当前构建默认渲染状态已逐项取证；交互/有效/加载/失败/弹层/保存状态仍在页面验收矩阵中单独跟踪。,C01 / 生成按钮B01,PASS,C01;B01;BUILD_ID=9sMLb0KxOZx3vl8L7_ez-;route/theme/viewport
A30-dark-390,A30,/admin?section=externalStorage,dark,390,844,390x844,后台默认分区,evidence/admin-sections-matrix/announcements-dark-390x844.png,evidence/admin-sections-matrix/announcements-dark-390x844.json,evidence/after-full-e2e-live-finaldb-20260915.log,PASS,当前构建默认渲染状态已逐项取证；交互/有效/加载/失败/弹层/保存状态仍在页面验收矩阵中单独跟踪。,C01 / 生成按钮B01,PASS,C01;B01;BUILD_ID=9sMLb0KxOZx3vl8L7_ez-;route/theme/viewport
A30-dark-430,A30,/admin?section=externalStorage,dark,430,932,430x932,后台默认分区,evidence/admin-sections-matrix/announcements-dark-430x932.png,evidence/admin-sections-matrix/announcements-dark-430x932.json,evidence/after-full-e2e-live-finaldb-20260915.log,PASS,当前构建默认渲染状态已逐项取证；交互/有效/加载/失败/弹层/保存状态仍在页面验收矩阵中单独跟踪。,C01 / 生成按钮B01,PASS,C01;B01;BUILD_ID=9sMLb0KxOZx3vl8L7_ez-;route/theme/viewport
A31-light-1672,A31,/admin?section=backup,light,1672,941,1672x941,后台默认分区,evidence/admin-sections-matrix/works-light-1672x941.png,evidence/admin-sections-matrix/works-light-1672x941.json,evidence/after-full-e2e-live-finaldb-20260915.log,PASS,当前构建默认渲染状态已逐项取证；交互/有效/加载/失败/弹层/保存状态仍在页面验收矩阵中单独跟踪。,C01 / 生成按钮B01,PASS,C01;B01;BUILD_ID=9sMLb0KxOZx3vl8L7_ez-;route/theme/viewport
A31-light-1440,A31,/admin?section=backup,light,1440,900,1440x900,后台默认分区,evidence/admin-sections-matrix/works-light-1440x900.png,evidence/admin-sections-matrix/works-light-1440x900.json,evidence/after-full-e2e-live-finaldb-20260915.log,PASS,当前构建默认渲染状态已逐项取证；交互/有效/加载/失败/弹层/保存状态仍在页面验收矩阵中单独跟踪。,C01 / 生成按钮B01,PASS,C01;B01;BUILD_ID=9sMLb0KxOZx3vl8L7_ez-;route/theme/viewport
A31-light-1366,A31,/admin?section=backup,light,1366,768,1366x768,后台默认分区,evidence/admin-sections-matrix/works-light-1366x768.png,evidence/admin-sections-matrix/works-light-1366x768.json,evidence/after-full-e2e-live-finaldb-20260915.log,PASS,当前构建默认渲染状态已逐项取证；交互/有效/加载/失败/弹层/保存状态仍在页面验收矩阵中单独跟踪。,C01 / 生成按钮B01,PASS,C01;B01;BUILD_ID=9sMLb0KxOZx3vl8L7_ez-;route/theme/viewport
A31-light-1024,A31,/admin?section=backup,light,1024,768,1024x768,后台默认分区,evidence/admin-sections-matrix/works-light-1024x768.png,evidence/admin-sections-matrix/works-light-1024x768.json,evidence/after-full-e2e-live-finaldb-20260915.log,PASS,当前构建默认渲染状态已逐项取证；交互/有效/加载/失败/弹层/保存状态仍在页面验收矩阵中单独跟踪。,C01 / 生成按钮B01,PASS,C01;B01;BUILD_ID=9sMLb0KxOZx3vl8L7_ez-;route/theme/viewport
A31-light-768,A31,/admin?section=backup,light,768,1024,768x1024,后台默认分区,evidence/admin-sections-matrix/works-light-768x1024.png,evidence/admin-sections-matrix/works-light-768x1024.json,evidence/after-full-e2e-live-finaldb-20260915.log,PASS,当前构建默认渲染状态已逐项取证；交互/有效/加载/失败/弹层/保存状态仍在页面验收矩阵中单独跟踪。,C01 / 生成按钮B01,PASS,C01;B01;BUILD_ID=9sMLb0KxOZx3vl8L7_ez-;route/theme/viewport
A31-light-390,A31,/admin?section=backup,light,390,844,390x844,后台默认分区,evidence/admin-sections-matrix/works-light-390x844.png,evidence/admin-sections-matrix/works-light-390x844.json,evidence/after-full-e2e-live-finaldb-20260915.log,PASS,当前构建默认渲染状态已逐项取证；交互/有效/加载/失败/弹层/保存状态仍在页面验收矩阵中单独跟踪。,C01 / 生成按钮B01,PASS,C01;B01;BUILD_ID=9sMLb0KxOZx3vl8L7_ez-;route/theme/viewport
A31-light-430,A31,/admin?section=backup,light,430,932,430x932,后台默认分区,evidence/admin-sections-matrix/works-light-430x932.png,evidence/admin-sections-matrix/works-light-430x932.json,evidence/after-full-e2e-live-finaldb-20260915.log,PASS,当前构建默认渲染状态已逐项取证；交互/有效/加载/失败/弹层/保存状态仍在页面验收矩阵中单独跟踪。,C01 / 生成按钮B01,PASS,C01;B01;BUILD_ID=9sMLb0KxOZx3vl8L7_ez-;route/theme/viewport
A31-dark-1672,A31,/admin?section=backup,dark,1672,941,1672x941,后台默认分区,evidence/admin-sections-matrix/works-dark-1672x941.png,evidence/admin-sections-matrix/works-dark-1672x941.json,evidence/after-full-e2e-live-finaldb-20260915.log,PASS,当前构建默认渲染状态已逐项取证；交互/有效/加载/失败/弹层/保存状态仍在页面验收矩阵中单独跟踪。,C01 / 生成按钮B01,PASS,C01;B01;BUILD_ID=9sMLb0KxOZx3vl8L7_ez-;route/theme/viewport
A31-dark-1440,A31,/admin?section=backup,dark,1440,900,1440x900,后台默认分区,evidence/admin-sections-matrix/works-dark-1440x900.png,evidence/admin-sections-matrix/works-dark-1440x900.json,evidence/after-full-e2e-live-finaldb-20260915.log,PASS,当前构建默认渲染状态已逐项取证；交互/有效/加载/失败/弹层/保存状态仍在页面验收矩阵中单独跟踪。,C01 / 生成按钮B01,PASS,C01;B01;BUILD_ID=9sMLb0KxOZx3vl8L7_ez-;route/theme/viewport
A31-dark-1366,A31,/admin?section=backup,dark,1366,768,1366x768,后台默认分区,evidence/admin-sections-matrix/works-dark-1366x768.png,evidence/admin-sections-matrix/works-dark-1366x768.json,evidence/after-full-e2e-live-finaldb-20260915.log,PASS,当前构建默认渲染状态已逐项取证；交互/有效/加载/失败/弹层/保存状态仍在页面验收矩阵中单独跟踪。,C01 / 生成按钮B01,PASS,C01;B01;BUILD_ID=9sMLb0KxOZx3vl8L7_ez-;route/theme/viewport
A31-dark-1024,A31,/admin?section=backup,dark,1024,768,1024x768,后台默认分区,evidence/admin-sections-matrix/works-dark-1024x768.png,evidence/admin-sections-matrix/works-dark-1024x768.json,evidence/after-full-e2e-live-finaldb-20260915.log,PASS,当前构建默认渲染状态已逐项取证；交互/有效/加载/失败/弹层/保存状态仍在页面验收矩阵中单独跟踪。,C01 / 生成按钮B01,PASS,C01;B01;BUILD_ID=9sMLb0KxOZx3vl8L7_ez-;route/theme/viewport
A31-dark-768,A31,/admin?section=backup,dark,768,1024,768x1024,后台默认分区,evidence/admin-sections-matrix/works-dark-768x1024.png,evidence/admin-sections-matrix/works-dark-768x1024.json,evidence/after-full-e2e-live-finaldb-20260915.log,PASS,当前构建默认渲染状态已逐项取证；交互/有效/加载/失败/弹层/保存状态仍在页面验收矩阵中单独跟踪。,C01 / 生成按钮B01,PASS,C01;B01;BUILD_ID=9sMLb0KxOZx3vl8L7_ez-;route/theme/viewport
A31-dark-390,A31,/admin?section=backup,dark,390,844,390x844,后台默认分区,evidence/admin-sections-matrix/works-dark-390x844.png,evidence/admin-sections-matrix/works-dark-390x844.json,evidence/after-full-e2e-live-finaldb-20260915.log,PASS,当前构建默认渲染状态已逐项取证；交互/有效/加载/失败/弹层/保存状态仍在页面验收矩阵中单独跟踪。,C01 / 生成按钮B01,PASS,C01;B01;BUILD_ID=9sMLb0KxOZx3vl8L7_ez-;route/theme/viewport
A31-dark-430,A31,/admin?section=backup,dark,430,932,430x932,后台默认分区,evidence/admin-sections-matrix/works-dark-430x932.png,evidence/admin-sections-matrix/works-dark-430x932.json,evidence/after-full-e2e-live-finaldb-20260915.log,PASS,当前构建默认渲染状态已逐项取证；交互/有效/加载/失败/弹层/保存状态仍在页面验收矩阵中单独跟踪。,C01 / 生成按钮B01,PASS,C01;B01;BUILD_ID=9sMLb0KxOZx3vl8L7_ez-;route/theme/viewport
A32-light-1672,A32,/admin?section=updates,light,1672,941,1672x941,后台默认分区,evidence/admin-sections-matrix/users-light-1672x941.png,evidence/admin-sections-matrix/users-light-1672x941.json,evidence/after-full-e2e-live-finaldb-20260915.log,PASS,当前构建默认渲染状态已逐项取证；交互/有效/加载/失败/弹层/保存状态仍在页面验收矩阵中单独跟踪。,C01 / 生成按钮B01,PASS,C01;B01;BUILD_ID=9sMLb0KxOZx3vl8L7_ez-;route/theme/viewport
A32-light-1440,A32,/admin?section=updates,light,1440,900,1440x900,后台默认分区,evidence/admin-sections-matrix/users-light-1440x900.png,evidence/admin-sections-matrix/users-light-1440x900.json,evidence/after-full-e2e-live-finaldb-20260915.log,PASS,当前构建默认渲染状态已逐项取证；交互/有效/加载/失败/弹层/保存状态仍在页面验收矩阵中单独跟踪。,C01 / 生成按钮B01,PASS,C01;B01;BUILD_ID=9sMLb0KxOZx3vl8L7_ez-;route/theme/viewport
A32-light-1366,A32,/admin?section=updates,light,1366,768,1366x768,后台默认分区,evidence/admin-sections-matrix/users-light-1366x768.png,evidence/admin-sections-matrix/users-light-1366x768.json,evidence/after-full-e2e-live-finaldb-20260915.log,PASS,当前构建默认渲染状态已逐项取证；交互/有效/加载/失败/弹层/保存状态仍在页面验收矩阵中单独跟踪。,C01 / 生成按钮B01,PASS,C01;B01;BUILD_ID=9sMLb0KxOZx3vl8L7_ez-;route/theme/viewport
A32-light-1024,A32,/admin?section=updates,light,1024,768,1024x768,后台默认分区,evidence/admin-sections-matrix/users-light-1024x768.png,evidence/admin-sections-matrix/users-light-1024x768.json,evidence/after-full-e2e-live-finaldb-20260915.log,PASS,当前构建默认渲染状态已逐项取证；交互/有效/加载/失败/弹层/保存状态仍在页面验收矩阵中单独跟踪。,C01 / 生成按钮B01,PASS,C01;B01;BUILD_ID=9sMLb0KxOZx3vl8L7_ez-;route/theme/viewport
A32-light-768,A32,/admin?section=updates,light,768,1024,768x1024,后台默认分区,evidence/admin-sections-matrix/users-light-768x1024.png,evidence/admin-sections-matrix/users-light-768x1024.json,evidence/after-full-e2e-live-finaldb-20260915.log,PASS,当前构建默认渲染状态已逐项取证；交互/有效/加载/失败/弹层/保存状态仍在页面验收矩阵中单独跟踪。,C01 / 生成按钮B01,PASS,C01;B01;BUILD_ID=9sMLb0KxOZx3vl8L7_ez-;route/theme/viewport
A32-light-390,A32,/admin?section=updates,light,390,844,390x844,后台默认分区,evidence/admin-sections-matrix/users-light-390x844.png,evidence/admin-sections-matrix/users-light-390x844.json,evidence/after-full-e2e-live-finaldb-20260915.log,PASS,当前构建默认渲染状态已逐项取证；交互/有效/加载/失败/弹层/保存状态仍在页面验收矩阵中单独跟踪。,C01 / 生成按钮B01,PASS,C01;B01;BUILD_ID=9sMLb0KxOZx3vl8L7_ez-;route/theme/viewport
A32-light-430,A32,/admin?section=updates,light,430,932,430x932,后台默认分区,evidence/admin-sections-matrix/users-light-430x932.png,evidence/admin-sections-matrix/users-light-430x932.json,evidence/after-full-e2e-live-finaldb-20260915.log,PASS,当前构建默认渲染状态已逐项取证；交互/有效/加载/失败/弹层/保存状态仍在页面验收矩阵中单独跟踪。,C01 / 生成按钮B01,PASS,C01;B01;BUILD_ID=9sMLb0KxOZx3vl8L7_ez-;route/theme/viewport
A32-dark-1672,A32,/admin?section=updates,dark,1672,941,1672x941,后台默认分区,evidence/admin-sections-matrix/users-dark-1672x941.png,evidence/admin-sections-matrix/users-dark-1672x941.json,evidence/after-full-e2e-live-finaldb-20260915.log,PASS,当前构建默认渲染状态已逐项取证；交互/有效/加载/失败/弹层/保存状态仍在页面验收矩阵中单独跟踪。,C01 / 生成按钮B01,PASS,C01;B01;BUILD_ID=9sMLb0KxOZx3vl8L7_ez-;route/theme/viewport
A32-dark-1440,A32,/admin?section=updates,dark,1440,900,1440x900,后台默认分区,evidence/admin-sections-matrix/users-dark-1440x900.png,evidence/admin-sections-matrix/users-dark-1440x900.json,evidence/after-full-e2e-live-finaldb-20260915.log,PASS,当前构建默认渲染状态已逐项取证；交互/有效/加载/失败/弹层/保存状态仍在页面验收矩阵中单独跟踪。,C01 / 生成按钮B01,PASS,C01;B01;BUILD_ID=9sMLb0KxOZx3vl8L7_ez-;route/theme/viewport
A32-dark-1366,A32,/admin?section=updates,dark,1366,768,1366x768,后台默认分区,evidence/admin-sections-matrix/users-dark-1366x768.png,evidence/admin-sections-matrix/users-dark-1366x768.json,evidence/after-full-e2e-live-finaldb-20260915.log,PASS,当前构建默认渲染状态已逐项取证；交互/有效/加载/失败/弹层/保存状态仍在页面验收矩阵中单独跟踪。,C01 / 生成按钮B01,PASS,C01;B01;BUILD_ID=9sMLb0KxOZx3vl8L7_ez-;route/theme/viewport
A32-dark-1024,A32,/admin?section=updates,dark,1024,768,1024x768,后台默认分区,evidence/admin-sections-matrix/users-dark-1024x768.png,evidence/admin-sections-matrix/users-dark-1024x768.json,evidence/after-full-e2e-live-finaldb-20260915.log,PASS,当前构建默认渲染状态已逐项取证；交互/有效/加载/失败/弹层/保存状态仍在页面验收矩阵中单独跟踪。,C01 / 生成按钮B01,PASS,C01;B01;BUILD_ID=9sMLb0KxOZx3vl8L7_ez-;route/theme/viewport
A32-dark-768,A32,/admin?section=updates,dark,768,1024,768x1024,后台默认分区,evidence/admin-sections-matrix/users-dark-768x1024.png,evidence/admin-sections-matrix/users-dark-768x1024.json,evidence/after-full-e2e-live-finaldb-20260915.log,PASS,当前构建默认渲染状态已逐项取证；交互/有效/加载/失败/弹层/保存状态仍在页面验收矩阵中单独跟踪。,C01 / 生成按钮B01,PASS,C01;B01;BUILD_ID=9sMLb0KxOZx3vl8L7_ez-;route/theme/viewport
A32-dark-390,A32,/admin?section=updates,dark,390,844,390x844,后台默认分区,evidence/admin-sections-matrix/users-dark-390x844.png,evidence/admin-sections-matrix/users-dark-390x844.json,evidence/after-full-e2e-live-finaldb-20260915.log,PASS,当前构建默认渲染状态已逐项取证；交互/有效/加载/失败/弹层/保存状态仍在页面验收矩阵中单独跟踪。,C01 / 生成按钮B01,PASS,C01;B01;BUILD_ID=9sMLb0KxOZx3vl8L7_ez-;route/theme/viewport
A32-dark-430,A32,/admin?section=updates,dark,430,932,430x932,后台默认分区,evidence/admin-sections-matrix/users-dark-430x932.png,evidence/admin-sections-matrix/users-dark-430x932.json,evidence/after-full-e2e-live-finaldb-20260915.log,PASS,当前构建默认渲染状态已逐项取证；交互/有效/加载/失败/弹层/保存状态仍在页面验收矩阵中单独跟踪。,C01 / 生成按钮B01,PASS,C01;B01;BUILD_ID=9sMLb0KxOZx3vl8L7_ez-;route/theme/viewport
A33-light-1672,A33,/admin?section=announcements,light,1672,941,1672x941,后台默认分区,evidence/admin-sections-matrix/logs-light-1672x941.png,evidence/admin-sections-matrix/logs-light-1672x941.json,evidence/after-full-e2e-live-finaldb-20260915.log,PASS,当前构建默认渲染状态已逐项取证；交互/有效/加载/失败/弹层/保存状态仍在页面验收矩阵中单独跟踪。,C01 / 生成按钮B01,PASS,C01;B01;BUILD_ID=9sMLb0KxOZx3vl8L7_ez-;route/theme/viewport
A33-light-1440,A33,/admin?section=announcements,light,1440,900,1440x900,后台默认分区,evidence/admin-sections-matrix/logs-light-1440x900.png,evidence/admin-sections-matrix/logs-light-1440x900.json,evidence/after-full-e2e-live-finaldb-20260915.log,PASS,当前构建默认渲染状态已逐项取证；交互/有效/加载/失败/弹层/保存状态仍在页面验收矩阵中单独跟踪。,C01 / 生成按钮B01,PASS,C01;B01;BUILD_ID=9sMLb0KxOZx3vl8L7_ez-;route/theme/viewport
A33-light-1366,A33,/admin?section=announcements,light,1366,768,1366x768,后台默认分区,evidence/admin-sections-matrix/logs-light-1366x768.png,evidence/admin-sections-matrix/logs-light-1366x768.json,evidence/after-full-e2e-live-finaldb-20260915.log,PASS,当前构建默认渲染状态已逐项取证；交互/有效/加载/失败/弹层/保存状态仍在页面验收矩阵中单独跟踪。,C01 / 生成按钮B01,PASS,C01;B01;BUILD_ID=9sMLb0KxOZx3vl8L7_ez-;route/theme/viewport
A33-light-1024,A33,/admin?section=announcements,light,1024,768,1024x768,后台默认分区,evidence/admin-sections-matrix/logs-light-1024x768.png,evidence/admin-sections-matrix/logs-light-1024x768.json,evidence/after-full-e2e-live-finaldb-20260915.log,PASS,当前构建默认渲染状态已逐项取证；交互/有效/加载/失败/弹层/保存状态仍在页面验收矩阵中单独跟踪。,C01 / 生成按钮B01,PASS,C01;B01;BUILD_ID=9sMLb0KxOZx3vl8L7_ez-;route/theme/viewport
A33-light-768,A33,/admin?section=announcements,light,768,1024,768x1024,后台默认分区,evidence/admin-sections-matrix/logs-light-768x1024.png,evidence/admin-sections-matrix/logs-light-768x1024.json,evidence/after-full-e2e-live-finaldb-20260915.log,PASS,当前构建默认渲染状态已逐项取证；交互/有效/加载/失败/弹层/保存状态仍在页面验收矩阵中单独跟踪。,C01 / 生成按钮B01,PASS,C01;B01;BUILD_ID=9sMLb0KxOZx3vl8L7_ez-;route/theme/viewport
A33-light-390,A33,/admin?section=announcements,light,390,844,390x844,后台默认分区,evidence/admin-sections-matrix/logs-light-390x844.png,evidence/admin-sections-matrix/logs-light-390x844.json,evidence/after-full-e2e-live-finaldb-20260915.log,PASS,当前构建默认渲染状态已逐项取证；交互/有效/加载/失败/弹层/保存状态仍在页面验收矩阵中单独跟踪。,C01 / 生成按钮B01,PASS,C01;B01;BUILD_ID=9sMLb0KxOZx3vl8L7_ez-;route/theme/viewport
A33-light-430,A33,/admin?section=announcements,light,430,932,430x932,后台默认分区,evidence/admin-sections-matrix/logs-light-430x932.png,evidence/admin-sections-matrix/logs-light-430x932.json,evidence/after-full-e2e-live-finaldb-20260915.log,PASS,当前构建默认渲染状态已逐项取证；交互/有效/加载/失败/弹层/保存状态仍在页面验收矩阵中单独跟踪。,C01 / 生成按钮B01,PASS,C01;B01;BUILD_ID=9sMLb0KxOZx3vl8L7_ez-;route/theme/viewport
A33-dark-1672,A33,/admin?section=announcements,dark,1672,941,1672x941,后台默认分区,evidence/admin-sections-matrix/logs-dark-1672x941.png,evidence/admin-sections-matrix/logs-dark-1672x941.json,evidence/after-full-e2e-live-finaldb-20260915.log,PASS,当前构建默认渲染状态已逐项取证；交互/有效/加载/失败/弹层/保存状态仍在页面验收矩阵中单独跟踪。,C01 / 生成按钮B01,PASS,C01;B01;BUILD_ID=9sMLb0KxOZx3vl8L7_ez-;route/theme/viewport
A33-dark-1440,A33,/admin?section=announcements,dark,1440,900,1440x900,后台默认分区,evidence/admin-sections-matrix/logs-dark-1440x900.png,evidence/admin-sections-matrix/logs-dark-1440x900.json,evidence/after-full-e2e-live-finaldb-20260915.log,PASS,当前构建默认渲染状态已逐项取证；交互/有效/加载/失败/弹层/保存状态仍在页面验收矩阵中单独跟踪。,C01 / 生成按钮B01,PASS,C01;B01;BUILD_ID=9sMLb0KxOZx3vl8L7_ez-;route/theme/viewport
A33-dark-1366,A33,/admin?section=announcements,dark,1366,768,1366x768,后台默认分区,evidence/admin-sections-matrix/logs-dark-1366x768.png,evidence/admin-sections-matrix/logs-dark-1366x768.json,evidence/after-full-e2e-live-finaldb-20260915.log,PASS,当前构建默认渲染状态已逐项取证；交互/有效/加载/失败/弹层/保存状态仍在页面验收矩阵中单独跟踪。,C01 / 生成按钮B01,PASS,C01;B01;BUILD_ID=9sMLb0KxOZx3vl8L7_ez-;route/theme/viewport
A33-dark-1024,A33,/admin?section=announcements,dark,1024,768,1024x768,后台默认分区,evidence/admin-sections-matrix/logs-dark-1024x768.png,evidence/admin-sections-matrix/logs-dark-1024x768.json,evidence/after-full-e2e-live-finaldb-20260915.log,PASS,当前构建默认渲染状态已逐项取证；交互/有效/加载/失败/弹层/保存状态仍在页面验收矩阵中单独跟踪。,C01 / 生成按钮B01,PASS,C01;B01;BUILD_ID=9sMLb0KxOZx3vl8L7_ez-;route/theme/viewport
A33-dark-768,A33,/admin?section=announcements,dark,768,1024,768x1024,后台默认分区,evidence/admin-sections-matrix/logs-dark-768x1024.png,evidence/admin-sections-matrix/logs-dark-768x1024.json,evidence/after-full-e2e-live-finaldb-20260915.log,PASS,当前构建默认渲染状态已逐项取证；交互/有效/加载/失败/弹层/保存状态仍在页面验收矩阵中单独跟踪。,C01 / 生成按钮B01,PASS,C01;B01;BUILD_ID=9sMLb0KxOZx3vl8L7_ez-;route/theme/viewport
A33-dark-390,A33,/admin?section=announcements,dark,390,844,390x844,后台默认分区,evidence/admin-sections-matrix/logs-dark-390x844.png,evidence/admin-sections-matrix/logs-dark-390x844.json,evidence/after-full-e2e-live-finaldb-20260915.log,PASS,当前构建默认渲染状态已逐项取证；交互/有效/加载/失败/弹层/保存状态仍在页面验收矩阵中单独跟踪。,C01 / 生成按钮B01,PASS,C01;B01;BUILD_ID=9sMLb0KxOZx3vl8L7_ez-;route/theme/viewport
A33-dark-430,A33,/admin?section=announcements,dark,430,932,430x932,后台默认分区,evidence/admin-sections-matrix/logs-dark-430x932.png,evidence/admin-sections-matrix/logs-dark-430x932.json,evidence/after-full-e2e-live-finaldb-20260915.log,PASS,当前构建默认渲染状态已逐项取证；交互/有效/加载/失败/弹层/保存状态仍在页面验收矩阵中单独跟踪。,C01 / 生成按钮B01,PASS,C01;B01;BUILD_ID=9sMLb0KxOZx3vl8L7_ez-;route/theme/viewport
A34-light-1672,A34,/admin?section=works,light,1672,941,1672x941,后台默认分区,evidence/admin-sections-matrix/generationOperations-light-1672x941.png,evidence/admin-sections-matrix/generationOperations-light-1672x941.json,evidence/after-full-e2e-live-finaldb-20260915.log,PASS,当前构建默认渲染状态已逐项取证；交互/有效/加载/失败/弹层/保存状态仍在页面验收矩阵中单独跟踪。,C01 / 生成按钮B01,PASS,C01;B01;BUILD_ID=9sMLb0KxOZx3vl8L7_ez-;route/theme/viewport
A34-light-1440,A34,/admin?section=works,light,1440,900,1440x900,后台默认分区,evidence/admin-sections-matrix/generationOperations-light-1440x900.png,evidence/admin-sections-matrix/generationOperations-light-1440x900.json,evidence/after-full-e2e-live-finaldb-20260915.log,PASS,当前构建默认渲染状态已逐项取证；交互/有效/加载/失败/弹层/保存状态仍在页面验收矩阵中单独跟踪。,C01 / 生成按钮B01,PASS,C01;B01;BUILD_ID=9sMLb0KxOZx3vl8L7_ez-;route/theme/viewport
A34-light-1366,A34,/admin?section=works,light,1366,768,1366x768,后台默认分区,evidence/admin-sections-matrix/generationOperations-light-1366x768.png,evidence/admin-sections-matrix/generationOperations-light-1366x768.json,evidence/after-full-e2e-live-finaldb-20260915.log,PASS,当前构建默认渲染状态已逐项取证；交互/有效/加载/失败/弹层/保存状态仍在页面验收矩阵中单独跟踪。,C01 / 生成按钮B01,PASS,C01;B01;BUILD_ID=9sMLb0KxOZx3vl8L7_ez-;route/theme/viewport
A34-light-1024,A34,/admin?section=works,light,1024,768,1024x768,后台默认分区,evidence/admin-sections-matrix/generationOperations-light-1024x768.png,evidence/admin-sections-matrix/generationOperations-light-1024x768.json,evidence/after-full-e2e-live-finaldb-20260915.log,PASS,当前构建默认渲染状态已逐项取证；交互/有效/加载/失败/弹层/保存状态仍在页面验收矩阵中单独跟踪。,C01 / 生成按钮B01,PASS,C01;B01;BUILD_ID=9sMLb0KxOZx3vl8L7_ez-;route/theme/viewport
A34-light-768,A34,/admin?section=works,light,768,1024,768x1024,后台默认分区,evidence/admin-sections-matrix/generationOperations-light-768x1024.png,evidence/admin-sections-matrix/generationOperations-light-768x1024.json,evidence/after-full-e2e-live-finaldb-20260915.log,PASS,当前构建默认渲染状态已逐项取证；交互/有效/加载/失败/弹层/保存状态仍在页面验收矩阵中单独跟踪。,C01 / 生成按钮B01,PASS,C01;B01;BUILD_ID=9sMLb0KxOZx3vl8L7_ez-;route/theme/viewport
A34-light-390,A34,/admin?section=works,light,390,844,390x844,后台默认分区,evidence/admin-sections-matrix/generationOperations-light-390x844.png,evidence/admin-sections-matrix/generationOperations-light-390x844.json,evidence/after-full-e2e-live-finaldb-20260915.log,PASS,当前构建默认渲染状态已逐项取证；交互/有效/加载/失败/弹层/保存状态仍在页面验收矩阵中单独跟踪。,C01 / 生成按钮B01,PASS,C01;B01;BUILD_ID=9sMLb0KxOZx3vl8L7_ez-;route/theme/viewport
A34-light-430,A34,/admin?section=works,light,430,932,430x932,后台默认分区,evidence/admin-sections-matrix/generationOperations-light-430x932.png,evidence/admin-sections-matrix/generationOperations-light-430x932.json,evidence/after-full-e2e-live-finaldb-20260915.log,PASS,当前构建默认渲染状态已逐项取证；交互/有效/加载/失败/弹层/保存状态仍在页面验收矩阵中单独跟踪。,C01 / 生成按钮B01,PASS,C01;B01;BUILD_ID=9sMLb0KxOZx3vl8L7_ez-;route/theme/viewport
A34-dark-1672,A34,/admin?section=works,dark,1672,941,1672x941,后台默认分区,evidence/admin-sections-matrix/generationOperations-dark-1672x941.png,evidence/admin-sections-matrix/generationOperations-dark-1672x941.json,evidence/after-full-e2e-live-finaldb-20260915.log,PASS,当前构建默认渲染状态已逐项取证；交互/有效/加载/失败/弹层/保存状态仍在页面验收矩阵中单独跟踪。,C01 / 生成按钮B01,PASS,C01;B01;BUILD_ID=9sMLb0KxOZx3vl8L7_ez-;route/theme/viewport
A34-dark-1440,A34,/admin?section=works,dark,1440,900,1440x900,后台默认分区,evidence/admin-sections-matrix/generationOperations-dark-1440x900.png,evidence/admin-sections-matrix/generationOperations-dark-1440x900.json,evidence/after-full-e2e-live-finaldb-20260915.log,PASS,当前构建默认渲染状态已逐项取证；交互/有效/加载/失败/弹层/保存状态仍在页面验收矩阵中单独跟踪。,C01 / 生成按钮B01,PASS,C01;B01;BUILD_ID=9sMLb0KxOZx3vl8L7_ez-;route/theme/viewport
A34-dark-1366,A34,/admin?section=works,dark,1366,768,1366x768,后台默认分区,evidence/admin-sections-matrix/generationOperations-dark-1366x768.png,evidence/admin-sections-matrix/generationOperations-dark-1366x768.json,evidence/after-full-e2e-live-finaldb-20260915.log,PASS,当前构建默认渲染状态已逐项取证；交互/有效/加载/失败/弹层/保存状态仍在页面验收矩阵中单独跟踪。,C01 / 生成按钮B01,PASS,C01;B01;BUILD_ID=9sMLb0KxOZx3vl8L7_ez-;route/theme/viewport
A34-dark-1024,A34,/admin?section=works,dark,1024,768,1024x768,后台默认分区,evidence/admin-sections-matrix/generationOperations-dark-1024x768.png,evidence/admin-sections-matrix/generationOperations-dark-1024x768.json,evidence/after-full-e2e-live-finaldb-20260915.log,PASS,当前构建默认渲染状态已逐项取证；交互/有效/加载/失败/弹层/保存状态仍在页面验收矩阵中单独跟踪。,C01 / 生成按钮B01,PASS,C01;B01;BUILD_ID=9sMLb0KxOZx3vl8L7_ez-;route/theme/viewport
A34-dark-768,A34,/admin?section=works,dark,768,1024,768x1024,后台默认分区,evidence/admin-sections-matrix/generationOperations-dark-768x1024.png,evidence/admin-sections-matrix/generationOperations-dark-768x1024.json,evidence/after-full-e2e-live-finaldb-20260915.log,PASS,当前构建默认渲染状态已逐项取证；交互/有效/加载/失败/弹层/保存状态仍在页面验收矩阵中单独跟踪。,C01 / 生成按钮B01,PASS,C01;B01;BUILD_ID=9sMLb0KxOZx3vl8L7_ez-;route/theme/viewport
A34-dark-390,A34,/admin?section=works,dark,390,844,390x844,后台默认分区,evidence/admin-sections-matrix/generationOperations-dark-390x844.png,evidence/admin-sections-matrix/generationOperations-dark-390x844.json,evidence/after-full-e2e-live-finaldb-20260915.log,PASS,当前构建默认渲染状态已逐项取证；交互/有效/加载/失败/弹层/保存状态仍在页面验收矩阵中单独跟踪。,C01 / 生成按钮B01,PASS,C01;B01;BUILD_ID=9sMLb0KxOZx3vl8L7_ez-;route/theme/viewport
A34-dark-430,A34,/admin?section=works,dark,430,932,430x932,后台默认分区,evidence/admin-sections-matrix/generationOperations-dark-430x932.png,evidence/admin-sections-matrix/generationOperations-dark-430x932.json,evidence/after-full-e2e-live-finaldb-20260915.log,PASS,当前构建默认渲染状态已逐项取证；交互/有效/加载/失败/弹层/保存状态仍在页面验收矩阵中单独跟踪。,C01 / 生成按钮B01,PASS,C01;B01;BUILD_ID=9sMLb0KxOZx3vl8L7_ez-;route/theme/viewport
A35-light-1672,A35,/admin?section=prompts,light,1672,941,1672x941,后台默认分区,evidence/admin-sections-matrix/prompts-light-1672x941.png,evidence/admin-sections-matrix/prompts-light-1672x941.json,evidence/after-full-e2e-live-finaldb-20260915.log,PASS,当前构建默认渲染状态已逐项取证；交互/有效/加载/失败/弹层/保存状态仍在页面验收矩阵中单独跟踪。,C01 / 生成按钮B01,PASS,C01;B01;BUILD_ID=9sMLb0KxOZx3vl8L7_ez-;route/theme/viewport
A35-light-1440,A35,/admin?section=prompts,light,1440,900,1440x900,后台默认分区,evidence/admin-sections-matrix/prompts-light-1440x900.png,evidence/admin-sections-matrix/prompts-light-1440x900.json,evidence/after-full-e2e-live-finaldb-20260915.log,PASS,当前构建默认渲染状态已逐项取证；交互/有效/加载/失败/弹层/保存状态仍在页面验收矩阵中单独跟踪。,C01 / 生成按钮B01,PASS,C01;B01;BUILD_ID=9sMLb0KxOZx3vl8L7_ez-;route/theme/viewport
A35-light-1366,A35,/admin?section=prompts,light,1366,768,1366x768,后台默认分区,evidence/admin-sections-matrix/prompts-light-1366x768.png,evidence/admin-sections-matrix/prompts-light-1366x768.json,evidence/after-full-e2e-live-finaldb-20260915.log,PASS,当前构建默认渲染状态已逐项取证；交互/有效/加载/失败/弹层/保存状态仍在页面验收矩阵中单独跟踪。,C01 / 生成按钮B01,PASS,C01;B01;BUILD_ID=9sMLb0KxOZx3vl8L7_ez-;route/theme/viewport
A35-light-1024,A35,/admin?section=prompts,light,1024,768,1024x768,后台默认分区,evidence/admin-sections-matrix/prompts-light-1024x768.png,evidence/admin-sections-matrix/prompts-light-1024x768.json,evidence/after-full-e2e-live-finaldb-20260915.log,PASS,当前构建默认渲染状态已逐项取证；交互/有效/加载/失败/弹层/保存状态仍在页面验收矩阵中单独跟踪。,C01 / 生成按钮B01,PASS,C01;B01;BUILD_ID=9sMLb0KxOZx3vl8L7_ez-;route/theme/viewport
A35-light-768,A35,/admin?section=prompts,light,768,1024,768x1024,后台默认分区,evidence/admin-sections-matrix/prompts-light-768x1024.png,evidence/admin-sections-matrix/prompts-light-768x1024.json,evidence/after-full-e2e-live-finaldb-20260915.log,PASS,当前构建默认渲染状态已逐项取证；交互/有效/加载/失败/弹层/保存状态仍在页面验收矩阵中单独跟踪。,C01 / 生成按钮B01,PASS,C01;B01;BUILD_ID=9sMLb0KxOZx3vl8L7_ez-;route/theme/viewport
A35-light-390,A35,/admin?section=prompts,light,390,844,390x844,后台默认分区,evidence/admin-sections-matrix/prompts-light-390x844.png,evidence/admin-sections-matrix/prompts-light-390x844.json,evidence/after-full-e2e-live-finaldb-20260915.log,PASS,当前构建默认渲染状态已逐项取证；交互/有效/加载/失败/弹层/保存状态仍在页面验收矩阵中单独跟踪。,C01 / 生成按钮B01,PASS,C01;B01;BUILD_ID=9sMLb0KxOZx3vl8L7_ez-;route/theme/viewport
A35-light-430,A35,/admin?section=prompts,light,430,932,430x932,后台默认分区,evidence/admin-sections-matrix/prompts-light-430x932.png,evidence/admin-sections-matrix/prompts-light-430x932.json,evidence/after-full-e2e-live-finaldb-20260915.log,PASS,当前构建默认渲染状态已逐项取证；交互/有效/加载/失败/弹层/保存状态仍在页面验收矩阵中单独跟踪。,C01 / 生成按钮B01,PASS,C01;B01;BUILD_ID=9sMLb0KxOZx3vl8L7_ez-;route/theme/viewport
A35-dark-1672,A35,/admin?section=prompts,dark,1672,941,1672x941,后台默认分区,evidence/admin-sections-matrix/prompts-dark-1672x941.png,evidence/admin-sections-matrix/prompts-dark-1672x941.json,evidence/after-full-e2e-live-finaldb-20260915.log,PASS,当前构建默认渲染状态已逐项取证；交互/有效/加载/失败/弹层/保存状态仍在页面验收矩阵中单独跟踪。,C01 / 生成按钮B01,PASS,C01;B01;BUILD_ID=9sMLb0KxOZx3vl8L7_ez-;route/theme/viewport
A35-dark-1440,A35,/admin?section=prompts,dark,1440,900,1440x900,后台默认分区,evidence/admin-sections-matrix/prompts-dark-1440x900.png,evidence/admin-sections-matrix/prompts-dark-1440x900.json,evidence/after-full-e2e-live-finaldb-20260915.log,PASS,当前构建默认渲染状态已逐项取证；交互/有效/加载/失败/弹层/保存状态仍在页面验收矩阵中单独跟踪。,C01 / 生成按钮B01,PASS,C01;B01;BUILD_ID=9sMLb0KxOZx3vl8L7_ez-;route/theme/viewport
A35-dark-1366,A35,/admin?section=prompts,dark,1366,768,1366x768,后台默认分区,evidence/admin-sections-matrix/prompts-dark-1366x768.png,evidence/admin-sections-matrix/prompts-dark-1366x768.json,evidence/after-full-e2e-live-finaldb-20260915.log,PASS,当前构建默认渲染状态已逐项取证；交互/有效/加载/失败/弹层/保存状态仍在页面验收矩阵中单独跟踪。,C01 / 生成按钮B01,PASS,C01;B01;BUILD_ID=9sMLb0KxOZx3vl8L7_ez-;route/theme/viewport
A35-dark-1024,A35,/admin?section=prompts,dark,1024,768,1024x768,后台默认分区,evidence/admin-sections-matrix/prompts-dark-1024x768.png,evidence/admin-sections-matrix/prompts-dark-1024x768.json,evidence/after-full-e2e-live-finaldb-20260915.log,PASS,当前构建默认渲染状态已逐项取证；交互/有效/加载/失败/弹层/保存状态仍在页面验收矩阵中单独跟踪。,C01 / 生成按钮B01,PASS,C01;B01;BUILD_ID=9sMLb0KxOZx3vl8L7_ez-;route/theme/viewport
A35-dark-768,A35,/admin?section=prompts,dark,768,1024,768x1024,后台默认分区,evidence/admin-sections-matrix/prompts-dark-768x1024.png,evidence/admin-sections-matrix/prompts-dark-768x1024.json,evidence/after-full-e2e-live-finaldb-20260915.log,PASS,当前构建默认渲染状态已逐项取证；交互/有效/加载/失败/弹层/保存状态仍在页面验收矩阵中单独跟踪。,C01 / 生成按钮B01,PASS,C01;B01;BUILD_ID=9sMLb0KxOZx3vl8L7_ez-;route/theme/viewport
A35-dark-390,A35,/admin?section=prompts,dark,390,844,390x844,后台默认分区,evidence/admin-sections-matrix/prompts-dark-390x844.png,evidence/admin-sections-matrix/prompts-dark-390x844.json,evidence/after-full-e2e-live-finaldb-20260915.log,PASS,当前构建默认渲染状态已逐项取证；交互/有效/加载/失败/弹层/保存状态仍在页面验收矩阵中单独跟踪。,C01 / 生成按钮B01,PASS,C01;B01;BUILD_ID=9sMLb0KxOZx3vl8L7_ez-;route/theme/viewport
A35-dark-430,A35,/admin?section=prompts,dark,430,932,430x932,后台默认分区,evidence/admin-sections-matrix/prompts-dark-430x932.png,evidence/admin-sections-matrix/prompts-dark-430x932.json,evidence/after-full-e2e-live-finaldb-20260915.log,PASS,当前构建默认渲染状态已逐项取证；交互/有效/加载/失败/弹层/保存状态仍在页面验收矩阵中单独跟踪。,C01 / 生成按钮B01,PASS,C01;B01;BUILD_ID=9sMLb0KxOZx3vl8L7_ez-;route/theme/viewport
A36-light-1672,A36,/admin?section=adminHelp,light,1672,941,1672x941,后台默认分区,evidence/admin-sections-matrix/adminHelp-light-1672x941.png,evidence/admin-sections-matrix/adminHelp-light-1672x941.json,evidence/after-full-e2e-live-finaldb-20260915.log,PASS,当前构建默认渲染状态已逐项取证；交互/有效/加载/失败/弹层/保存状态仍在页面验收矩阵中单独跟踪。,C01 / 生成按钮B01,PASS,C01;B01;BUILD_ID=9sMLb0KxOZx3vl8L7_ez-;route/theme/viewport
A36-light-1440,A36,/admin?section=adminHelp,light,1440,900,1440x900,后台默认分区,evidence/admin-sections-matrix/adminHelp-light-1440x900.png,evidence/admin-sections-matrix/adminHelp-light-1440x900.json,evidence/after-full-e2e-live-finaldb-20260915.log,PASS,当前构建默认渲染状态已逐项取证；交互/有效/加载/失败/弹层/保存状态仍在页面验收矩阵中单独跟踪。,C01 / 生成按钮B01,PASS,C01;B01;BUILD_ID=9sMLb0KxOZx3vl8L7_ez-;route/theme/viewport
A36-light-1366,A36,/admin?section=adminHelp,light,1366,768,1366x768,后台默认分区,evidence/admin-sections-matrix/adminHelp-light-1366x768.png,evidence/admin-sections-matrix/adminHelp-light-1366x768.json,evidence/after-full-e2e-live-finaldb-20260915.log,PASS,当前构建默认渲染状态已逐项取证；交互/有效/加载/失败/弹层/保存状态仍在页面验收矩阵中单独跟踪。,C01 / 生成按钮B01,PASS,C01;B01;BUILD_ID=9sMLb0KxOZx3vl8L7_ez-;route/theme/viewport
A36-light-1024,A36,/admin?section=adminHelp,light,1024,768,1024x768,后台默认分区,evidence/admin-sections-matrix/adminHelp-light-1024x768.png,evidence/admin-sections-matrix/adminHelp-light-1024x768.json,evidence/after-full-e2e-live-finaldb-20260915.log,PASS,当前构建默认渲染状态已逐项取证；交互/有效/加载/失败/弹层/保存状态仍在页面验收矩阵中单独跟踪。,C01 / 生成按钮B01,PASS,C01;B01;BUILD_ID=9sMLb0KxOZx3vl8L7_ez-;route/theme/viewport
A36-light-768,A36,/admin?section=adminHelp,light,768,1024,768x1024,后台默认分区,evidence/admin-sections-matrix/adminHelp-light-768x1024.png,evidence/admin-sections-matrix/adminHelp-light-768x1024.json,evidence/after-full-e2e-live-finaldb-20260915.log,PASS,当前构建默认渲染状态已逐项取证；交互/有效/加载/失败/弹层/保存状态仍在页面验收矩阵中单独跟踪。,C01 / 生成按钮B01,PASS,C01;B01;BUILD_ID=9sMLb0KxOZx3vl8L7_ez-;route/theme/viewport
A36-light-390,A36,/admin?section=adminHelp,light,390,844,390x844,后台默认分区,evidence/admin-sections-matrix/adminHelp-light-390x844.png,evidence/admin-sections-matrix/adminHelp-light-390x844.json,evidence/after-full-e2e-live-finaldb-20260915.log,PASS,当前构建默认渲染状态已逐项取证；交互/有效/加载/失败/弹层/保存状态仍在页面验收矩阵中单独跟踪。,C01 / 生成按钮B01,PASS,C01;B01;BUILD_ID=9sMLb0KxOZx3vl8L7_ez-;route/theme/viewport
A36-light-430,A36,/admin?section=adminHelp,light,430,932,430x932,后台默认分区,evidence/admin-sections-matrix/adminHelp-light-430x932.png,evidence/admin-sections-matrix/adminHelp-light-430x932.json,evidence/after-full-e2e-live-finaldb-20260915.log,PASS,当前构建默认渲染状态已逐项取证；交互/有效/加载/失败/弹层/保存状态仍在页面验收矩阵中单独跟踪。,C01 / 生成按钮B01,PASS,C01;B01;BUILD_ID=9sMLb0KxOZx3vl8L7_ez-;route/theme/viewport
A36-dark-1672,A36,/admin?section=adminHelp,dark,1672,941,1672x941,后台默认分区,evidence/admin-sections-matrix/adminHelp-dark-1672x941.png,evidence/admin-sections-matrix/adminHelp-dark-1672x941.json,evidence/after-full-e2e-live-finaldb-20260915.log,PASS,当前构建默认渲染状态已逐项取证；交互/有效/加载/失败/弹层/保存状态仍在页面验收矩阵中单独跟踪。,C01 / 生成按钮B01,PASS,C01;B01;BUILD_ID=9sMLb0KxOZx3vl8L7_ez-;route/theme/viewport
A36-dark-1440,A36,/admin?section=adminHelp,dark,1440,900,1440x900,后台默认分区,evidence/admin-sections-matrix/adminHelp-dark-1440x900.png,evidence/admin-sections-matrix/adminHelp-dark-1440x900.json,evidence/after-full-e2e-live-finaldb-20260915.log,PASS,当前构建默认渲染状态已逐项取证；交互/有效/加载/失败/弹层/保存状态仍在页面验收矩阵中单独跟踪。,C01 / 生成按钮B01,PASS,C01;B01;BUILD_ID=9sMLb0KxOZx3vl8L7_ez-;route/theme/viewport
A36-dark-1366,A36,/admin?section=adminHelp,dark,1366,768,1366x768,后台默认分区,evidence/admin-sections-matrix/adminHelp-dark-1366x768.png,evidence/admin-sections-matrix/adminHelp-dark-1366x768.json,evidence/after-full-e2e-live-finaldb-20260915.log,PASS,当前构建默认渲染状态已逐项取证；交互/有效/加载/失败/弹层/保存状态仍在页面验收矩阵中单独跟踪。,C01 / 生成按钮B01,PASS,C01;B01;BUILD_ID=9sMLb0KxOZx3vl8L7_ez-;route/theme/viewport
A36-dark-1024,A36,/admin?section=adminHelp,dark,1024,768,1024x768,后台默认分区,evidence/admin-sections-matrix/adminHelp-dark-1024x768.png,evidence/admin-sections-matrix/adminHelp-dark-1024x768.json,evidence/after-full-e2e-live-finaldb-20260915.log,PASS,当前构建默认渲染状态已逐项取证；交互/有效/加载/失败/弹层/保存状态仍在页面验收矩阵中单独跟踪。,C01 / 生成按钮B01,PASS,C01;B01;BUILD_ID=9sMLb0KxOZx3vl8L7_ez-;route/theme/viewport
A36-dark-768,A36,/admin?section=adminHelp,dark,768,1024,768x1024,后台默认分区,evidence/admin-sections-matrix/adminHelp-dark-768x1024.png,evidence/admin-sections-matrix/adminHelp-dark-768x1024.json,evidence/after-full-e2e-live-finaldb-20260915.log,PASS,当前构建默认渲染状态已逐项取证；交互/有效/加载/失败/弹层/保存状态仍在页面验收矩阵中单独跟踪。,C01 / 生成按钮B01,PASS,C01;B01;BUILD_ID=9sMLb0KxOZx3vl8L7_ez-;route/theme/viewport
A36-dark-390,A36,/admin?section=adminHelp,dark,390,844,390x844,后台默认分区,evidence/admin-sections-matrix/adminHelp-dark-390x844.png,evidence/admin-sections-matrix/adminHelp-dark-390x844.json,evidence/after-full-e2e-live-finaldb-20260915.log,PASS,当前构建默认渲染状态已逐项取证；交互/有效/加载/失败/弹层/保存状态仍在页面验收矩阵中单独跟踪。,C01 / 生成按钮B01,PASS,C01;B01;BUILD_ID=9sMLb0KxOZx3vl8L7_ez-;route/theme/viewport
A36-dark-430,A36,/admin?section=adminHelp,dark,430,932,430x932,后台默认分区,evidence/admin-sections-matrix/adminHelp-dark-430x932.png,evidence/admin-sections-matrix/adminHelp-dark-430x932.json,evidence/after-full-e2e-live-finaldb-20260915.log,PASS,当前构建默认渲染状态已逐项取证；交互/有效/加载/失败/弹层/保存状态仍在页面验收矩阵中单独跟踪。,C01 / 生成按钮B01,PASS,C01;B01;BUILD_ID=9sMLb0KxOZx3vl8L7_ez-;route/theme/viewport
